Type,Country Code,Series Code,Time Code,Description
FootNote,Afghanistan (AFG),"Personal transfers and compensation of employees, received (current US$) (BX.TRF.PWKR.CD.DT)",2024 (YR2024),"Data on Personal Transfers and Compensation of Employees are prepared by World Bank staff based on IMF's Balance of Payments statistics and data releases from central banks, national statistical agencies, and World Bank country desks."
FootNote,Afghanistan (AFG),"Personal transfers and compensation of employees, received (current US$) (BX.TRF.PWKR.CD.DT)",2023 (YR2023),"Source: United Nations Conference on Trade and Development, Balance of Payments Online database."
FootNote,Afghanistan (AFG),"Personal transfers and compensation of employees, received (current US$) (BX.TRF.PWKR.CD.DT)",2021 (YR2021),"Source: United Nations Conference on Trade and Development, Balance of Payments Online database."
FootNote,Afghanistan (AFG),"Personal transfers and compensation of employees, received (current US$) (BX.TRF.PWKR.CD.DT)",2022 (YR2022),"Source: United Nations Conference on Trade and Development, Balance of Payments Online database."
FootNote,Afghanistan (AFG),"Foreign direct investment, net inflows in reporting economy (DRS, current US$) (BX.KLT.DINV.CD.DT)",2021 (YR2021),"Source: United Nations Conference on Trade and Development, Foreign Direct Investment Online database."
FootNote,Afghanistan (AFG),"Present value of external debt (% of exports of goods, services and income) (DT.DOD.PVLX.EX.ZS)",2009 (YR2009),Data are from debt sustainability analyses for low-income countries. Present value estimates for these countries are for public and publicly guaranteed debt only.
FootNote,Afghanistan (AFG),Present value of external debt (% of GNI) (DT.DOD.PVLX.GN.ZS),2009 (YR2009),Data are from debt sustainability analyses for low-income countries. Present value estimates for these countries are for public and publicly guaranteed debt only.
FootNote,Afghanistan (AFG),"External debt stocks, total (DOD, current US$) (DT.DOD.DECT.CD)",2007 (YR2007),Data include the effects of Enhanced HIPC Initiative.
FootNote,Afghanistan (AFG),"External debt stocks, total (DOD, current US$) (DT.DOD.DECT.CD)",2009 (YR2009),Data include the effects of Enhanced HIPC Initiative.
FootNote,Afghanistan (AFG),Debt forgiveness or reduction (current US$) (DT.DFR.DPPG.CD),2009 (YR2009),Data include the effects of Enhanced HIPC Initiative.
FootNote,Afghanistan (AFG),"External debt stocks, total (DOD, current US$) (DT.DOD.DECT.CD)",2008 (YR2008),Data include the effects of Enhanced HIPC Initiative.
FootNote,Afghanistan (AFG),Debt forgiveness or reduction (current US$) (DT.DFR.DPPG.CD),2007 (YR2007),Data include the effects of Enhanced HIPC Initiative.
FootNote,Afghanistan (AFG),Debt forgiveness or reduction (current US$) (DT.DFR.DPPG.CD),2008 (YR2008),Data include the effects of Enhanced HIPC Initiative.
FootNote,Afghanistan (AFG),"External debt stocks, total (DOD, current US$) (DT.DOD.DECT.CD)",2006 (YR2006),Data include the effects of the 2006 Paris Club rescheduling.
FootNote,Afghanistan (AFG),"External debt stocks, total (DOD, current US$) (DT.DOD.DECT.CD)",2010 (YR2010),Data include the effects of MDRI and HIPC debt relief.
FootNote,Afghanistan (AFG),Current account balance (current US$) (BN.CAB.XOKA.CD),2005 (YR2005),"Source: United Nations Conference on Trade and Development, Balance of Payments Online database."
FootNote,Afghanistan (AFG),Current account balance (current US$) (BN.CAB.XOKA.CD),2006 (YR2006),"Source: United Nations Conference on Trade and Development, Balance of Payments Online database."
FootNote,Afghanistan (AFG),Current account balance (current US$) (BN.CAB.XOKA.CD),2002 (YR2002),"Source: United Nations Conference on Trade and Development, Balance of Payments Online database."
FootNote,Afghanistan (AFG),Current account balance (current US$) (BN.CAB.XOKA.CD),2007 (YR2007),"Source: United Nations Conference on Trade and Development, Balance of Payments Online database."
FootNote,Afghanistan (AFG),Current account balance (current US$) (BN.CAB.XOKA.CD),2003 (YR2003),"Source: United Nations Conference on Trade and Development, Balance of Payments Online database."
FootNote,Afghanistan (AFG),Current account balance (current US$) (BN.CAB.XOKA.CD),2004 (YR2004),"Source: United Nations Conference on Trade and Development, Balance of Payments Online database."
FootNote,Afghanistan (AFG),"Foreign direct investment, net inflows in reporting economy (DRS, current US$) (BX.KLT.DINV.CD.DT)",2001 (YR2001),"Source: United Nations Conference on Trade and Development, Foreign Direct Investment Online database."
FootNote,Afghanistan (AFG),"Foreign direct investment, net inflows in reporting economy (DRS, current US$) (BX.KLT.DINV.CD.DT)",2002 (YR2002),"Source: United Nations Conference on Trade and Development, Foreign Direct Investment Online database."
FootNote,Afghanistan (AFG),"Foreign direct investment, net inflows in reporting economy (DRS, current US$) (BX.KLT.DINV.CD.DT)",2005 (YR2005),"Source: United Nations Conference on Trade and Development, Foreign Direct Investment Online database."
FootNote,Afghanistan (AFG),"Foreign direct investment, net inflows in reporting economy (DRS, current US$) (BX.KLT.DINV.CD.DT)",2004 (YR2004),"Source: United Nations Conference on Trade and Development, Foreign Direct Investment Online database."
FootNote,Afghanistan (AFG),"Foreign direct investment, net inflows in reporting economy (DRS, current US$) (BX.KLT.DINV.CD.DT)",2007 (YR2007),"Source: United Nations Conference on Trade and Development, Foreign Direct Investment Online database."
FootNote,Afghanistan (AFG),"Foreign direct investment, net inflows in reporting economy (DRS, current US$) (BX.KLT.DINV.CD.DT)",2003 (YR2003),"Source: United Nations Conference on Trade and Development, Foreign Direct Investment Online database."
FootNote,Afghanistan (AFG),"Foreign direct investment, net inflows in reporting economy (DRS, current US$) (BX.KLT.DINV.CD.DT)",2006 (YR2006),"Source: United Nations Conference on Trade and Development, Foreign Direct Investment Online database."
FootNote,Afghanistan (AFG),"Foreign direct investment, net inflows in reporting economy (DRS, current US$) (BX.KLT.DINV.CD.DT)",1987 (YR1987),"Source: United Nations Conference on Trade and Development, Foreign Direct Investment Online database."
FootNote,Afghanistan (AFG),"Foreign direct investment, net inflows in reporting economy (DRS, current US$) (BX.KLT.DINV.CD.DT)",1996 (YR1996),"Source: United Nations Conference on Trade and Development, Foreign Direct Investment Online database."
FootNote,Afghanistan (AFG),"Foreign direct investment, net inflows in reporting economy (DRS, current US$) (BX.KLT.DINV.CD.DT)",1998 (YR1998),"Source: United Nations Conference on Trade and Development, Foreign Direct Investment Online database."
FootNote,Afghanistan (AFG),"Foreign direct investment, net inflows in reporting economy (DRS, current US$) (BX.KLT.DINV.CD.DT)",1995 (YR1995),"Source: United Nations Conference on Trade and Development, Foreign Direct Investment Online database."
FootNote,Afghanistan (AFG),"Foreign direct investment, net inflows in reporting economy (DRS, current US$) (BX.KLT.DINV.CD.DT)",1994 (YR1994),"Source: United Nations Conference on Trade and Development, Foreign Direct Investment Online database."
FootNote,Afghanistan (AFG),"Foreign direct investment, net inflows in reporting economy (DRS, current US$) (BX.KLT.DINV.CD.DT)",1997 (YR1997),"Source: United Nations Conference on Trade and Development, Foreign Direct Investment Online database."
FootNote,Afghanistan (AFG),"Foreign direct investment, net inflows in reporting economy (DRS, current US$) (BX.KLT.DINV.CD.DT)",1999 (YR1999),"Source: United Nations Conference on Trade and Development, Foreign Direct Investment Online database."
FootNote,Afghanistan (AFG),"Foreign direct investment, net inflows in reporting economy (DRS, current US$) (BX.KLT.DINV.CD.DT)",1992 (YR1992),"Source: United Nations Conference on Trade and Development, Foreign Direct Investment Online database."
FootNote,Afghanistan (AFG),"Foreign direct investment, net inflows in reporting economy (DRS, current US$) (BX.KLT.DINV.CD.DT)",1993 (YR1993),"Source: United Nations Conference on Trade and Development, Foreign Direct Investment Online database."
FootNote,Afghanistan (AFG),"Foreign direct investment, net inflows in reporting economy (DRS, current US$) (BX.KLT.DINV.CD.DT)",1991 (YR1991),"Source: United Nations Conference on Trade and Development, Foreign Direct Investment Online database."
FootNote,Afghanistan (AFG),"Foreign direct investment, net inflows in reporting economy (DRS, current US$) (BX.KLT.DINV.CD.DT)",2000 (YR2000),"Source: United Nations Conference on Trade and Development, Foreign Direct Investment Online database."
FootNote,Afghanistan (AFG),"Foreign direct investment, net inflows in reporting economy (DRS, current US$) (BX.KLT.DINV.CD.DT)",1981 (YR1981),"Source: United Nations Conference on Trade and Development, Foreign Direct Investment Online database."
FootNote,Afghanistan (AFG),"Foreign direct investment, net inflows in reporting economy (DRS, current US$) (BX.KLT.DINV.CD.DT)",1980 (YR1980),"Source: United Nations Conference on Trade and Development, Foreign Direct Investment Online database."
FootNote,Afghanistan (AFG),"Foreign direct investment, net inflows in reporting economy (DRS, current US$) (BX.KLT.DINV.CD.DT)",1972 (YR1972),"Source: United Nations Conference on Trade and Development, Foreign Direct Investment Online database."
FootNote,Afghanistan (AFG),"Foreign direct investment, net inflows in reporting economy (DRS, current US$) (BX.KLT.DINV.CD.DT)",1973 (YR1973),"Source: United Nations Conference on Trade and Development, Foreign Direct Investment Online database."
FootNote,Afghanistan (AFG),"Foreign direct investment, net inflows in reporting economy (DRS, current US$) (BX.KLT.DINV.CD.DT)",1976 (YR1976),"Source: United Nations Conference on Trade and Development, Foreign Direct Investment Online database."
FootNote,Afghanistan (AFG),"Foreign direct investment, net inflows in reporting economy (DRS, current US$) (BX.KLT.DINV.CD.DT)",1971 (YR1971),"Source: United Nations Conference on Trade and Development, Foreign Direct Investment Online database."
FootNote,Afghanistan (AFG),"Foreign direct investment, net inflows in reporting economy (DRS, current US$) (BX.KLT.DINV.CD.DT)",1977 (YR1977),"Source: United Nations Conference on Trade and Development, Foreign Direct Investment Online database."
FootNote,Afghanistan (AFG),"Foreign direct investment, net inflows in reporting economy (DRS, current US$) (BX.KLT.DINV.CD.DT)",1982 (YR1982),"Source: United Nations Conference on Trade and Development, Foreign Direct Investment Online database."
FootNote,Afghanistan (AFG),"Foreign direct investment, net inflows in reporting economy (DRS, current US$) (BX.KLT.DINV.CD.DT)",1979 (YR1979),"Source: United Nations Conference on Trade and Development, Foreign Direct Investment Online database."
FootNote,Afghanistan (AFG),"Foreign direct investment, net inflows in reporting economy (DRS, current US$) (BX.KLT.DINV.CD.DT)",1970 (YR1970),"Source: United Nations Conference on Trade and Development, Foreign Direct Investment Online database."
FootNote,Algeria (DZA),Current account balance (current US$) (BN.CAB.XOKA.CD),2002 (YR2002),"Source: United Nations Conference on Trade and Development, Balance of Payments Online database."
FootNote,Algeria (DZA),Current account balance (current US$) (BN.CAB.XOKA.CD),2004 (YR2004),"Source: United Nations Conference on Trade and Development, Balance of Payments Online database."
FootNote,Algeria (DZA),Current account balance (current US$) (BN.CAB.XOKA.CD),2003 (YR2003),"Source: United Nations Conference on Trade and Development, Balance of Payments Online database."
FootNote,Algeria (DZA),Current account balance (current US$) (BN.CAB.XOKA.CD),2001 (YR2001),"Source: United Nations Conference on Trade and Development, Balance of Payments Online database."
FootNote,Algeria (DZA),"Foreign direct investment, net inflows in reporting economy (DRS, current US$) (BX.KLT.DINV.CD.DT)",2003 (YR2003),"Source: United Nations Conference on Trade and Development, Foreign Direct Investment Online database."
FootNote,Algeria (DZA),"Foreign direct investment, net inflows in reporting economy (DRS, current US$) (BX.KLT.DINV.CD.DT)",2004 (YR2004),"Source: United Nations Conference on Trade and Development, Foreign Direct Investment Online database."
FootNote,Algeria (DZA),"Foreign direct investment, net inflows in reporting economy (DRS, current US$) (BX.KLT.DINV.CD.DT)",2001 (YR2001),"Source: United Nations Conference on Trade and Development, Foreign Direct Investment Online database."
FootNote,Algeria (DZA),"Foreign direct investment, net inflows in reporting economy (DRS, current US$) (BX.KLT.DINV.CD.DT)",2002 (YR2002),"Source: United Nations Conference on Trade and Development, Foreign Direct Investment Online database."
FootNote,Algeria (DZA),"Foreign direct investment, net inflows in reporting economy (DRS, current US$) (BX.KLT.DINV.CD.DT)",1992 (YR1992),"Source: United Nations Conference on Trade and Development, Foreign Direct Investment Online database."
FootNote,Algeria (DZA),"Foreign direct investment, net inflows in reporting economy (DRS, current US$) (BX.KLT.DINV.CD.DT)",1996 (YR1996),"Source: United Nations Conference on Trade and Development, Foreign Direct Investment Online database."
FootNote,Algeria (DZA),"Foreign direct investment, net inflows in reporting economy (DRS, current US$) (BX.KLT.DINV.CD.DT)",1998 (YR1998),"Source: United Nations Conference on Trade and Development, Foreign Direct Investment Online database."
FootNote,Algeria (DZA),"Foreign direct investment, net inflows in reporting economy (DRS, current US$) (BX.KLT.DINV.CD.DT)",1997 (YR1997),"Source: United Nations Conference on Trade and Development, Foreign Direct Investment Online database."
FootNote,Algeria (DZA),Current account balance (current US$) (BN.CAB.XOKA.CD),2000 (YR2000),"Source: United Nations Conference on Trade and Development, Balance of Payments Online database."
FootNote,Algeria (DZA),"Foreign direct investment, net inflows in reporting economy (DRS, current US$) (BX.KLT.DINV.CD.DT)",2000 (YR2000),"Source: United Nations Conference on Trade and Development, Foreign Direct Investment Online database."
FootNote,Algeria (DZA),"Foreign direct investment, net inflows in reporting economy (DRS, current US$) (BX.KLT.DINV.CD.DT)",1999 (YR1999),"Source: United Nations Conference on Trade and Development, Foreign Direct Investment Online database."
FootNote,Algeria (DZA),"Foreign direct investment, net inflows in reporting economy (DRS, current US$) (BX.KLT.DINV.CD.DT)",1973 (YR1973),"Source: United Nations Conference on Trade and Development, Foreign Direct Investment Online database."
FootNote,Algeria (DZA),"Foreign direct investment, net inflows in reporting economy (DRS, current US$) (BX.KLT.DINV.CD.DT)",1976 (YR1976),"Source: United Nations Conference on Trade and Development, Foreign Direct Investment Online database."
FootNote,Algeria (DZA),"Foreign direct investment, net inflows in reporting economy (DRS, current US$) (BX.KLT.DINV.CD.DT)",1974 (YR1974),"Source: United Nations Conference on Trade and Development, Foreign Direct Investment Online database."
FootNote,Algeria (DZA),"Foreign direct investment, net inflows in reporting economy (DRS, current US$) (BX.KLT.DINV.CD.DT)",1972 (YR1972),"Source: United Nations Conference on Trade and Development, Foreign Direct Investment Online database."
FootNote,Algeria (DZA),"Foreign direct investment, net inflows in reporting economy (DRS, current US$) (BX.KLT.DINV.CD.DT)",1971 (YR1971),"Source: United Nations Conference on Trade and Development, Foreign Direct Investment Online database."
FootNote,Algeria (DZA),"Foreign direct investment, net inflows in reporting economy (DRS, current US$) (BX.KLT.DINV.CD.DT)",1970 (YR1970),"Source: United Nations Conference on Trade and Development, Foreign Direct Investment Online database."
FootNote,Algeria (DZA),"Foreign direct investment, net inflows in reporting economy (DRS, current US$) (BX.KLT.DINV.CD.DT)",1975 (YR1975),"Source: United Nations Conference on Trade and Development, Foreign Direct Investment Online database."
FootNote,Angola (AGO),"Foreign direct investment, net inflows in reporting economy (DRS, current US$) (BX.KLT.DINV.CD.DT)",1973 (YR1973),"Source: United Nations Conference on Trade and Development, Foreign Direct Investment Online database."
FootNote,Angola (AGO),"Foreign direct investment, net inflows in reporting economy (DRS, current US$) (BX.KLT.DINV.CD.DT)",1979 (YR1979),"Source: United Nations Conference on Trade and Development, Foreign Direct Investment Online database."
FootNote,Angola (AGO),"Foreign direct investment, net inflows in reporting economy (DRS, current US$) (BX.KLT.DINV.CD.DT)",1974 (YR1974),"Source: United Nations Conference on Trade and Development, Foreign Direct Investment Online database."
FootNote,Angola (AGO),"Foreign direct investment, net inflows in reporting economy (DRS, current US$) (BX.KLT.DINV.CD.DT)",1984 (YR1984),"Source: United Nations Conference on Trade and Development, Foreign Direct Investment Online database."
FootNote,Angola (AGO),"Foreign direct investment, net inflows in reporting economy (DRS, current US$) (BX.KLT.DINV.CD.DT)",1971 (YR1971),"Source: United Nations Conference on Trade and Development, Foreign Direct Investment Online database."
FootNote,Angola (AGO),"Foreign direct investment, net inflows in reporting economy (DRS, current US$) (BX.KLT.DINV.CD.DT)",1976 (YR1976),"Source: United Nations Conference on Trade and Development, Foreign Direct Investment Online database."
FootNote,Angola (AGO),"Foreign direct investment, net inflows in reporting economy (DRS, current US$) (BX.KLT.DINV.CD.DT)",1982 (YR1982),"Source: United Nations Conference on Trade and Development, Foreign Direct Investment Online database."
FootNote,Angola (AGO),"Foreign direct investment, net inflows in reporting economy (DRS, current US$) (BX.KLT.DINV.CD.DT)",1981 (YR1981),"Source: United Nations Conference on Trade and Development, Foreign Direct Investment Online database."
FootNote,Angola (AGO),"Foreign direct investment, net inflows in reporting economy (DRS, current US$) (BX.KLT.DINV.CD.DT)",1970 (YR1970),"Source: United Nations Conference on Trade and Development, Foreign Direct Investment Online database."
FootNote,Angola (AGO),"Foreign direct investment, net inflows in reporting economy (DRS, current US$) (BX.KLT.DINV.CD.DT)",1980 (YR1980),"Source: United Nations Conference on Trade and Development, Foreign Direct Investment Online database."
FootNote,Angola (AGO),"Foreign direct investment, net inflows in reporting economy (DRS, current US$) (BX.KLT.DINV.CD.DT)",1975 (YR1975),"Source: United Nations Conference on Trade and Development, Foreign Direct Investment Online database."
FootNote,Angola (AGO),"Foreign direct investment, net inflows in reporting economy (DRS, current US$) (BX.KLT.DINV.CD.DT)",1983 (YR1983),"Source: United Nations Conference on Trade and Development, Foreign Direct Investment Online database."
FootNote,Angola (AGO),"Foreign direct investment, net inflows in reporting economy (DRS, current US$) (BX.KLT.DINV.CD.DT)",1978 (YR1978),"Source: United Nations Conference on Trade and Development, Foreign Direct Investment Online database."
FootNote,Angola (AGO),"Foreign direct investment, net inflows in reporting economy (DRS, current US$) (BX.KLT.DINV.CD.DT)",1972 (YR1972),"Source: United Nations Conference on Trade and Development, Foreign Direct Investment Online database."
FootNote,Argentina (ARG),"Population, total (SP.POP.TOTL)",2010 (YR2010),Break in series.
FootNote,Argentina (ARG),"PPG, bonds (DOD, current US$) (DT.DOD.PBND.CD)",2005 (YR2005),Data include the effects of June 2005 bond restructuring.
FootNote,Argentina (ARG),"External debt stocks, total (DOD, current US$) (DT.DOD.DECT.CD)",2005 (YR2005),Data include the effects of Bond restructuring in June 2005.
FootNote,Argentina (ARG),"Foreign direct investment, net inflows in reporting economy (DRS, current US$) (BX.KLT.DINV.CD.DT)",1971 (YR1971),"Source: United Nations Conference on Trade and Development, Foreign Direct Investment Online database."
FootNote,Argentina (ARG),"Foreign direct investment, net inflows in reporting economy (DRS, current US$) (BX.KLT.DINV.CD.DT)",1974 (YR1974),"Source: United Nations Conference on Trade and Development, Foreign Direct Investment Online database."
FootNote,Argentina (ARG),"Foreign direct investment, net inflows in reporting economy (DRS, current US$) (BX.KLT.DINV.CD.DT)",1972 (YR1972),"Source: United Nations Conference on Trade and Development, Foreign Direct Investment Online database."
FootNote,Argentina (ARG),"Foreign direct investment, net inflows in reporting economy (DRS, current US$) (BX.KLT.DINV.CD.DT)",1975 (YR1975),"Source: United Nations Conference on Trade and Development, Foreign Direct Investment Online database."
FootNote,Argentina (ARG),"Foreign direct investment, net inflows in reporting economy (DRS, current US$) (BX.KLT.DINV.CD.DT)",1973 (YR1973),"Source: United Nations Conference on Trade and Development, Foreign Direct Investment Online database."
FootNote,Argentina (ARG),"Foreign direct investment, net inflows in reporting economy (DRS, current US$) (BX.KLT.DINV.CD.DT)",1976 (YR1976),"Source: United Nations Conference on Trade and Development, Foreign Direct Investment Online database."
FootNote,Argentina (ARG),"Foreign direct investment, net inflows in reporting economy (DRS, current US$) (BX.KLT.DINV.CD.DT)",1970 (YR1970),"Source: United Nations Conference on Trade and Development, Foreign Direct Investment Online database."
FootNote,Armenia (ARM),"Foreign direct investment, net inflows in reporting economy (DRS, current US$) (BX.KLT.DINV.CD.DT)",1992 (YR1992),"Source: United Nations Conference on Trade and Development, Foreign Direct Investment Online database."
FootNote,Azerbaijan (AZE),"Population, total (SP.POP.TOTL)",2019 (YR2019),Extrapolated assuming the same growth rate as previous 6 months.
FootNote,Bangladesh (BGD),"Portfolio investment, equity (DRS, current US$) (BX.PEF.TOTL.CD.DT)",2006 (YR2006),"Source: United Nations Conference on Trade and Development, Balance of Payments Online database."
FootNote,Bangladesh (BGD),"Portfolio investment, equity (DRS, current US$) (BX.PEF.TOTL.CD.DT)",2007 (YR2007),"Source: United Nations Conference on Trade and Development, Balance of Payments Online database."
FootNote,Bangladesh (BGD),"Portfolio investment, equity (DRS, current US$) (BX.PEF.TOTL.CD.DT)",2008 (YR2008),"Source: United Nations Conference on Trade and Development, Balance of Payments Online database."
FootNote,Bangladesh (BGD),"Foreign direct investment, net inflows in reporting economy (DRS, current US$) (BX.KLT.DINV.CD.DT)",1985 (YR1985),"Source: United Nations Conference on Trade and Development, Foreign Direct Investment Online database."
FootNote,Bangladesh (BGD),"Foreign direct investment, net inflows in reporting economy (DRS, current US$) (BX.KLT.DINV.CD.DT)",1975 (YR1975),"Source: United Nations Conference on Trade and Development, Foreign Direct Investment Online database."
FootNote,Bangladesh (BGD),"Foreign direct investment, net inflows in reporting economy (DRS, current US$) (BX.KLT.DINV.CD.DT)",1972 (YR1972),"Source: United Nations Conference on Trade and Development, Foreign Direct Investment Online database."
FootNote,Bangladesh (BGD),"Foreign direct investment, net inflows in reporting economy (DRS, current US$) (BX.KLT.DINV.CD.DT)",1982 (YR1982),"Source: United Nations Conference on Trade and Development, Foreign Direct Investment Online database."
FootNote,Bangladesh (BGD),"Foreign direct investment, net inflows in reporting economy (DRS, current US$) (BX.KLT.DINV.CD.DT)",1981 (YR1981),"Source: United Nations Conference on Trade and Development, Foreign Direct Investment Online database."
FootNote,Bangladesh (BGD),"Foreign direct investment, net inflows in reporting economy (DRS, current US$) (BX.KLT.DINV.CD.DT)",1979 (YR1979),"Source: United Nations Conference on Trade and Development, Foreign Direct Investment Online database."
FootNote,Bangladesh (BGD),"Foreign direct investment, net inflows in reporting economy (DRS, current US$) (BX.KLT.DINV.CD.DT)",1978 (YR1978),"Source: United Nations Conference on Trade and Development, Foreign Direct Investment Online database."
FootNote,Bangladesh (BGD),"Foreign direct investment, net inflows in reporting economy (DRS, current US$) (BX.KLT.DINV.CD.DT)",1980 (YR1980),"Source: United Nations Conference on Trade and Development, Foreign Direct Investment Online database."
FootNote,Bangladesh (BGD),"Foreign direct investment, net inflows in reporting economy (DRS, current US$) (BX.KLT.DINV.CD.DT)",1977 (YR1977),"Source: United Nations Conference on Trade and Development, Foreign Direct Investment Online database."
FootNote,Bangladesh (BGD),"Foreign direct investment, net inflows in reporting economy (DRS, current US$) (BX.KLT.DINV.CD.DT)",1976 (YR1976),"Source: United Nations Conference on Trade and Development, Foreign Direct Investment Online database."
FootNote,Bangladesh (BGD),"Foreign direct investment, net inflows in reporting economy (DRS, current US$) (BX.KLT.DINV.CD.DT)",1973 (YR1973),"Source: United Nations Conference on Trade and Development, Foreign Direct Investment Online database."
FootNote,Bangladesh (BGD),"Foreign direct investment, net inflows in reporting economy (DRS, current US$) (BX.KLT.DINV.CD.DT)",1974 (YR1974),"Source: United Nations Conference on Trade and Development, Foreign Direct Investment Online database."
FootNote,Belarus (BLR),"Population, total (SP.POP.TOTL)",2019 (YR2019),Extrapolated assuming the same growth rate as previous 6 months.
FootNote,Belarus (BLR),"Foreign direct investment, net inflows in reporting economy (DRS, current US$) (BX.KLT.DINV.CD.DT)",1992 (YR1992),"Source: United Nations Conference on Trade and Development, Foreign Direct Investment Online database."
FootNote,Belize (BLZ),"Foreign direct investment, net inflows in reporting economy (DRS, current US$) (BX.KLT.DINV.CD.DT)",1979 (YR1979),"Source: United Nations Conference on Trade and Development, Foreign Direct Investment Online database."
FootNote,Belize (BLZ),"Foreign direct investment, net inflows in reporting economy (DRS, current US$) (BX.KLT.DINV.CD.DT)",1978 (YR1978),"Source: United Nations Conference on Trade and Development, Foreign Direct Investment Online database."
FootNote,Belize (BLZ),"Foreign direct investment, net inflows in reporting economy (DRS, current US$) (BX.KLT.DINV.CD.DT)",1971 (YR1971),"Source: United Nations Conference on Trade and Development, Foreign Direct Investment Online database."
FootNote,Belize (BLZ),"Foreign direct investment, net inflows in reporting economy (DRS, current US$) (BX.KLT.DINV.CD.DT)",1970 (YR1970),"Source: United Nations Conference on Trade and Development, Foreign Direct Investment Online database."
FootNote,Belize (BLZ),"Foreign direct investment, net inflows in reporting economy (DRS, current US$) (BX.KLT.DINV.CD.DT)",1981 (YR1981),"Source: United Nations Conference on Trade and Development, Foreign Direct Investment Online database."
FootNote,Benin (BEN),"Personal transfers and compensation of employees, received (current US$) (BX.TRF.PWKR.CD.DT)",2024 (YR2024),"Data on Personal Transfers and Compensation of Employees are prepared by World Bank staff based on IMF's Balance of Payments statistics and data releases from central banks, national statistical agencies, and World Bank country desks."
FootNote,Benin (BEN),"Foreign direct investment, net inflows in reporting economy (DRS, current US$) (BX.KLT.DINV.CD.DT)",2024 (YR2024),"Source: United Nations Conference on Trade and Development, Foreign Direct Investment Online database."
FootNote,Benin (BEN),Current account balance (current US$) (BN.CAB.XOKA.CD),2024 (YR2024),Gap-filled with countries' balance of payments statistics.
FootNote,Benin (BEN),"Exports of goods, services and primary income (current US$) (BX.GSR.TOTL.CD)",2024 (YR2024),Gap-filled with countries' balance of payments statistics.
FootNote,Benin (BEN),"Imports of goods, services and primary income (current US$) (BM.GSR.TOTL.CD)",2024 (YR2024),Gap-filled with countries' balance of payments statistics.
FootNote,Benin (BEN),"Total reserves (includes gold, current US$) (FI.RES.TOTL.CD)",2017 (YR2017),Gap-filled with countries' balance of payments statistics.
FootNote,Benin (BEN),"Total reserves (includes gold, current US$) (FI.RES.TOTL.CD)",2018 (YR2018),Gap-filled with countries' balance of payments statistics.
FootNote,Benin (BEN),"External debt stocks, total (DOD, current US$) (DT.DOD.DECT.CD)",2006 (YR2006),Data include the effects of MDRI.
FootNote,Benin (BEN),Debt forgiveness or reduction (current US$) (DT.DFR.DPPG.CD),2006 (YR2006),Data include the effects of MDRI.
FootNote,Benin (BEN),"Present value of external debt (% of exports of goods, services and income) (DT.DOD.PVLX.EX.ZS)",2009 (YR2009),Data are from debt sustainability analyses for low-income countries. Present value estimates for these countries are for public and publicly guaranteed debt only.
FootNote,Benin (BEN),Present value of external debt (% of GNI) (DT.DOD.PVLX.GN.ZS),2009 (YR2009),Data are from debt sustainability analyses for low-income countries. Present value estimates for these countries are for public and publicly guaranteed debt only.
FootNote,Benin (BEN),"Total reserves (includes gold, current US$) (FI.RES.TOTL.CD)",2013 (YR2013),Gap-filled with countries' balance of payments statistics.
FootNote,Benin (BEN),"Total reserves (includes gold, current US$) (FI.RES.TOTL.CD)",2012 (YR2012),Gap-filled with countries' balance of payments statistics.
FootNote,Benin (BEN),"Total reserves (includes gold, current US$) (FI.RES.TOTL.CD)",2001 (YR2001),Gap-filled with countries' balance of payments statistics.
FootNote,Benin (BEN),"Total reserves (includes gold, current US$) (FI.RES.TOTL.CD)",2003 (YR2003),Gap-filled with countries' balance of payments statistics.
FootNote,Benin (BEN),"Total reserves (includes gold, current US$) (FI.RES.TOTL.CD)",2015 (YR2015),Gap-filled with countries' balance of payments statistics.
FootNote,Benin (BEN),"Total reserves (includes gold, current US$) (FI.RES.TOTL.CD)",2010 (YR2010),Gap-filled with countries' balance of payments statistics.
FootNote,Benin (BEN),"Total reserves (includes gold, current US$) (FI.RES.TOTL.CD)",2011 (YR2011),Gap-filled with countries' balance of payments statistics.
FootNote,Benin (BEN),"Total reserves (includes gold, current US$) (FI.RES.TOTL.CD)",2006 (YR2006),Gap-filled with countries' balance of payments statistics.
FootNote,Benin (BEN),"Total reserves (includes gold, current US$) (FI.RES.TOTL.CD)",2009 (YR2009),Gap-filled with countries' balance of payments statistics.
FootNote,Benin (BEN),"Total reserves (includes gold, current US$) (FI.RES.TOTL.CD)",2004 (YR2004),Gap-filled with countries' balance of payments statistics.
FootNote,Benin (BEN),"Total reserves (includes gold, current US$) (FI.RES.TOTL.CD)",2016 (YR2016),Gap-filled with countries' balance of payments statistics.
FootNote,Benin (BEN),"Total reserves (includes gold, current US$) (FI.RES.TOTL.CD)",2005 (YR2005),Gap-filled with countries' balance of payments statistics.
FootNote,Benin (BEN),"Total reserves (includes gold, current US$) (FI.RES.TOTL.CD)",2002 (YR2002),Gap-filled with countries' balance of payments statistics.
FootNote,Benin (BEN),"Total reserves (includes gold, current US$) (FI.RES.TOTL.CD)",2014 (YR2014),Gap-filled with countries' balance of payments statistics.
FootNote,Benin (BEN),"Total reserves (includes gold, current US$) (FI.RES.TOTL.CD)",2007 (YR2007),Gap-filled with countries' balance of payments statistics.
FootNote,Benin (BEN),"Total reserves (includes gold, current US$) (FI.RES.TOTL.CD)",2008 (YR2008),Gap-filled with countries' balance of payments statistics.
FootNote,Benin (BEN),"Foreign direct investment, net inflows in reporting economy (DRS, current US$) (BX.KLT.DINV.CD.DT)",1986 (YR1986),"Source: United Nations Conference on Trade and Development, Foreign Direct Investment Online database."
FootNote,Benin (BEN),"Foreign direct investment, net inflows in reporting economy (DRS, current US$) (BX.KLT.DINV.CD.DT)",1985 (YR1985),"Source: United Nations Conference on Trade and Development, Foreign Direct Investment Online database."
FootNote,Benin (BEN),"Foreign direct investment, net inflows in reporting economy (DRS, current US$) (BX.KLT.DINV.CD.DT)",1987 (YR1987),"Source: United Nations Conference on Trade and Development, Foreign Direct Investment Online database."
FootNote,Benin (BEN),"Total reserves (includes gold, current US$) (FI.RES.TOTL.CD)",2000 (YR2000),Gap-filled with countries' balance of payments statistics.
FootNote,Benin (BEN),"Foreign direct investment, net inflows in reporting economy (DRS, current US$) (BX.KLT.DINV.CD.DT)",1970 (YR1970),"Source: United Nations Conference on Trade and Development, Foreign Direct Investment Online database."
FootNote,Benin (BEN),"Foreign direct investment, net inflows in reporting economy (DRS, current US$) (BX.KLT.DINV.CD.DT)",1971 (YR1971),"Source: United Nations Conference on Trade and Development, Foreign Direct Investment Online database."
FootNote,Benin (BEN),"Foreign direct investment, net inflows in reporting economy (DRS, current US$) (BX.KLT.DINV.CD.DT)",1972 (YR1972),"Source: United Nations Conference on Trade and Development, Foreign Direct Investment Online database."
FootNote,Benin (BEN),"Foreign direct investment, net inflows in reporting economy (DRS, current US$) (BX.KLT.DINV.CD.DT)",1973 (YR1973),"Source: United Nations Conference on Trade and Development, Foreign Direct Investment Online database."
FootNote,Bhutan (BTN),Current account balance (current US$) (BN.CAB.XOKA.CD),2003 (YR2003),"Source: United Nations Conference on Trade and Development, Balance of Payments Online database."
FootNote,Bhutan (BTN),Current account balance (current US$) (BN.CAB.XOKA.CD),2004 (YR2004),"Source: United Nations Conference on Trade and Development, Balance of Payments Online database."
FootNote,Bhutan (BTN),Current account balance (current US$) (BN.CAB.XOKA.CD),2005 (YR2005),"Source: United Nations Conference on Trade and Development, Balance of Payments Online database."
FootNote,Bhutan (BTN),Current account balance (current US$) (BN.CAB.XOKA.CD),2001 (YR2001),"Source: United Nations Conference on Trade and Development, Balance of Payments Online database."
FootNote,Bhutan (BTN),Current account balance (current US$) (BN.CAB.XOKA.CD),2002 (YR2002),"Source: United Nations Conference on Trade and Development, Balance of Payments Online database."
FootNote,Bhutan (BTN),"Foreign direct investment, net inflows in reporting economy (DRS, current US$) (BX.KLT.DINV.CD.DT)",2005 (YR2005),"Source: United Nations Conference on Trade and Development, Foreign Direct Investment Online database."
FootNote,Bhutan (BTN),"Foreign direct investment, net inflows in reporting economy (DRS, current US$) (BX.KLT.DINV.CD.DT)",2003 (YR2003),"Source: United Nations Conference on Trade and Development, Foreign Direct Investment Online database."
FootNote,Bhutan (BTN),"Foreign direct investment, net inflows in reporting economy (DRS, current US$) (BX.KLT.DINV.CD.DT)",2004 (YR2004),"Source: United Nations Conference on Trade and Development, Foreign Direct Investment Online database."
FootNote,Bhutan (BTN),"Foreign direct investment, net inflows in reporting economy (DRS, current US$) (BX.KLT.DINV.CD.DT)",2002 (YR2002),"Source: United Nations Conference on Trade and Development, Foreign Direct Investment Online database."
FootNote,Bhutan (BTN),Current account balance (current US$) (BN.CAB.XOKA.CD),2000 (YR2000),"Source: United Nations Conference on Trade and Development, Balance of Payments Online database."
FootNote,Bolivia (BOL),Debt forgiveness or reduction (current US$) (DT.DFR.DPPG.CD),2006 (YR2006),Data include the effects of MDRI.
FootNote,Bolivia (BOL),Debt forgiveness or reduction (current US$) (DT.DFR.DPPG.CD),2007 (YR2007),Data include the effects of MDRI.
FootNote,Bolivia (BOL),"External debt stocks, total (DOD, current US$) (DT.DOD.DECT.CD)",2007 (YR2007),Data include the effects of MDRI.
FootNote,Bolivia (BOL),"External debt stocks, total (DOD, current US$) (DT.DOD.DECT.CD)",2006 (YR2006),Data include the effects of MDRI.
FootNote,Bolivia (BOL),"Present value of external debt (% of exports of goods, services and income) (DT.DOD.PVLX.EX.ZS)",2009 (YR2009),Data are from debt sustainability analyses for low-income countries. Present value estimates for these countries are for public and publicly guaranteed debt only.
FootNote,Bolivia (BOL),Present value of external debt (% of GNI) (DT.DOD.PVLX.GN.ZS),2009 (YR2009),Data are from debt sustainability analyses for low-income countries. Present value estimates for these countries are for public and publicly guaranteed debt only.
FootNote,Bolivia (BOL),"Foreign direct investment, net inflows in reporting economy (DRS, current US$) (BX.KLT.DINV.CD.DT)",1973 (YR1973),"Source: United Nations Conference on Trade and Development, Foreign Direct Investment Online database."
FootNote,Bolivia (BOL),"Foreign direct investment, net inflows in reporting economy (DRS, current US$) (BX.KLT.DINV.CD.DT)",1972 (YR1972),"Source: United Nations Conference on Trade and Development, Foreign Direct Investment Online database."
FootNote,Bolivia (BOL),"Foreign direct investment, net inflows in reporting economy (DRS, current US$) (BX.KLT.DINV.CD.DT)",1970 (YR1970),"Source: United Nations Conference on Trade and Development, Foreign Direct Investment Online database."
FootNote,Bolivia (BOL),"Foreign direct investment, net inflows in reporting economy (DRS, current US$) (BX.KLT.DINV.CD.DT)",1971 (YR1971),"Source: United Nations Conference on Trade and Development, Foreign Direct Investment Online database."
FootNote,Bolivia (BOL),"Foreign direct investment, net inflows in reporting economy (DRS, current US$) (BX.KLT.DINV.CD.DT)",1974 (YR1974),"Source: United Nations Conference on Trade and Development, Foreign Direct Investment Online database."
FootNote,Bolivia (BOL),"Foreign direct investment, net inflows in reporting economy (DRS, current US$) (BX.KLT.DINV.CD.DT)",1975 (YR1975),"Source: United Nations Conference on Trade and Development, Foreign Direct Investment Online database."
FootNote,Burkina Faso (BFA),"Total reserves (includes gold, current US$) (FI.RES.TOTL.CD)",2018 (YR2018),Gap-filled with countries' balance of payments statistics.
FootNote,Burkina Faso (BFA),"Total reserves (includes gold, current US$) (FI.RES.TOTL.CD)",2017 (YR2017),Gap-filled with countries' balance of payments statistics.
FootNote,Burkina Faso (BFA),"Imports of goods, services and primary income (current US$) (BM.GSR.TOTL.CD)",2024 (YR2024),Gap-filled with countries' balance of payments statistics.
FootNote,Burkina Faso (BFA),"Exports of goods, services and primary income (current US$) (BX.GSR.TOTL.CD)",2024 (YR2024),Gap-filled with countries' balance of payments statistics.
FootNote,Burkina Faso (BFA),Current account balance (current US$) (BN.CAB.XOKA.CD),2024 (YR2024),Gap-filled with countries' balance of payments statistics.
FootNote,Burkina Faso (BFA),"Foreign direct investment, net inflows in reporting economy (DRS, current US$) (BX.KLT.DINV.CD.DT)",2024 (YR2024),"Source: United Nations Conference on Trade and Development, Foreign Direct Investment Online database."
FootNote,Burkina Faso (BFA),"Personal transfers and compensation of employees, received (current US$) (BX.TRF.PWKR.CD.DT)",2024 (YR2024),"Data on Personal Transfers and Compensation of Employees are prepared by World Bank staff based on IMF's Balance of Payments statistics and data releases from central banks, national statistical agencies, and World Bank country desks."
FootNote,Burkina Faso (BFA),"Total reserves (includes gold, current US$) (FI.RES.TOTL.CD)",2013 (YR2013),Gap-filled with countries' balance of payments statistics.
FootNote,Burkina Faso (BFA),"Total reserves (includes gold, current US$) (FI.RES.TOTL.CD)",2015 (YR2015),Gap-filled with countries' balance of payments statistics.
FootNote,Burkina Faso (BFA),"Total reserves (includes gold, current US$) (FI.RES.TOTL.CD)",2016 (YR2016),Gap-filled with countries' balance of payments statistics.
FootNote,Burkina Faso (BFA),"Total reserves (includes gold, current US$) (FI.RES.TOTL.CD)",2012 (YR2012),Gap-filled with countries' balance of payments statistics.
FootNote,Burkina Faso (BFA),"Total reserves (includes gold, current US$) (FI.RES.TOTL.CD)",2006 (YR2006),Gap-filled with countries' balance of payments statistics.
FootNote,Burkina Faso (BFA),"Total reserves (includes gold, current US$) (FI.RES.TOTL.CD)",2004 (YR2004),Gap-filled with countries' balance of payments statistics.
FootNote,Burkina Faso (BFA),"Total reserves (includes gold, current US$) (FI.RES.TOTL.CD)",2007 (YR2007),Gap-filled with countries' balance of payments statistics.
FootNote,Burkina Faso (BFA),"Total reserves (includes gold, current US$) (FI.RES.TOTL.CD)",2003 (YR2003),Gap-filled with countries' balance of payments statistics.
FootNote,Burkina Faso (BFA),"Total reserves (includes gold, current US$) (FI.RES.TOTL.CD)",2002 (YR2002),Gap-filled with countries' balance of payments statistics.
FootNote,Burkina Faso (BFA),"Total reserves (includes gold, current US$) (FI.RES.TOTL.CD)",2008 (YR2008),Gap-filled with countries' balance of payments statistics.
FootNote,Burkina Faso (BFA),"Total reserves (includes gold, current US$) (FI.RES.TOTL.CD)",2009 (YR2009),Gap-filled with countries' balance of payments statistics.
FootNote,Burkina Faso (BFA),"Total reserves (includes gold, current US$) (FI.RES.TOTL.CD)",2001 (YR2001),Gap-filled with countries' balance of payments statistics.
FootNote,Burkina Faso (BFA),"Total reserves (includes gold, current US$) (FI.RES.TOTL.CD)",2010 (YR2010),Gap-filled with countries' balance of payments statistics.
FootNote,Burkina Faso (BFA),"Total reserves (includes gold, current US$) (FI.RES.TOTL.CD)",2014 (YR2014),Gap-filled with countries' balance of payments statistics.
FootNote,Burkina Faso (BFA),"Total reserves (includes gold, current US$) (FI.RES.TOTL.CD)",2005 (YR2005),Gap-filled with countries' balance of payments statistics.
FootNote,Burkina Faso (BFA),"Total reserves (includes gold, current US$) (FI.RES.TOTL.CD)",2011 (YR2011),Gap-filled with countries' balance of payments statistics.
FootNote,Burkina Faso (BFA),"Foreign direct investment, net inflows in reporting economy (DRS, current US$) (BX.KLT.DINV.CD.DT)",2001 (YR2001),"Source: United Nations Conference on Trade and Development, Foreign Direct Investment Online database."
FootNote,Burkina Faso (BFA),"Foreign direct investment, net inflows in reporting economy (DRS, current US$) (BX.KLT.DINV.CD.DT)",2003 (YR2003),"Source: United Nations Conference on Trade and Development, Foreign Direct Investment Online database."
FootNote,Burkina Faso (BFA),"Foreign direct investment, net inflows in reporting economy (DRS, current US$) (BX.KLT.DINV.CD.DT)",2002 (YR2002),"Source: United Nations Conference on Trade and Development, Foreign Direct Investment Online database."
FootNote,Burkina Faso (BFA),"Foreign direct investment, net inflows in reporting economy (DRS, current US$) (BX.KLT.DINV.CD.DT)",2004 (YR2004),"Source: United Nations Conference on Trade and Development, Foreign Direct Investment Online database."
FootNote,Burkina Faso (BFA),"Imports of goods, services and primary income (current US$) (BM.GSR.TOTL.CD)",2003 (YR2003),"Source: United Nations Conference on Trade and Development, Balance of Payments Online database."
FootNote,Burkina Faso (BFA),Primary income on FDI (current US$) (BX.KLT.DREM.CD.DT),2001 (YR2001),"Source: United Nations Conference on Trade and Development, Balance of Payments Online database."
FootNote,Burkina Faso (BFA),Primary income on FDI (current US$) (BX.KLT.DREM.CD.DT),2003 (YR2003),"Source: United Nations Conference on Trade and Development, Balance of Payments Online database."
FootNote,Burkina Faso (BFA),Primary income on FDI (current US$) (BX.KLT.DREM.CD.DT),2004 (YR2004),"Source: United Nations Conference on Trade and Development, Balance of Payments Online database."
FootNote,Burkina Faso (BFA),Primary income on FDI (current US$) (BX.KLT.DREM.CD.DT),2002 (YR2002),"Source: United Nations Conference on Trade and Development, Balance of Payments Online database."
FootNote,Burkina Faso (BFA),"Present value of external debt (% of exports of goods, services and income) (DT.DOD.PVLX.EX.ZS)",2009 (YR2009),Data are from debt sustainability analyses for low-income countries. Present value estimates for these countries are for public and publicly guaranteed debt only.
FootNote,Burkina Faso (BFA),Present value of external debt (% of GNI) (DT.DOD.PVLX.GN.ZS),2009 (YR2009),Data are from debt sustainability analyses for low-income countries. Present value estimates for these countries are for public and publicly guaranteed debt only.
FootNote,Burkina Faso (BFA),"External debt stocks, total (DOD, current US$) (DT.DOD.DECT.CD)",2006 (YR2006),Data include the effects of MDRI.
FootNote,Burkina Faso (BFA),Debt forgiveness or reduction (current US$) (DT.DFR.DPPG.CD),2006 (YR2006),Data include the effects of MDRI.
FootNote,Burkina Faso (BFA),Current account balance (current US$) (BN.CAB.XOKA.CD),2003 (YR2003),"Source: United Nations Conference on Trade and Development, Balance of Payments Online database."
FootNote,Burkina Faso (BFA),Current account balance (current US$) (BN.CAB.XOKA.CD),2004 (YR2004),"Source: United Nations Conference on Trade and Development, Balance of Payments Online database."
FootNote,Burkina Faso (BFA),"Exports of goods, services and primary income (current US$) (BX.GSR.TOTL.CD)",2002 (YR2002),Gap-filled with countries' balance of payments statistics.
FootNote,Burkina Faso (BFA),"Exports of goods, services and primary income (current US$) (BX.GSR.TOTL.CD)",2003 (YR2003),Gap-filled with countries' balance of payments statistics.
FootNote,Burkina Faso (BFA),"Exports of goods, services and primary income (current US$) (BX.GSR.TOTL.CD)",2004 (YR2004),Gap-filled with countries' balance of payments statistics.
FootNote,Burkina Faso (BFA),"Exports of goods, services and primary income (current US$) (BX.GSR.TOTL.CD)",2001 (YR2001),Gap-filled with countries' balance of payments statistics.
FootNote,Burkina Faso (BFA),"Imports of goods, services and primary income (current US$) (BM.GSR.TOTL.CD)",2002 (YR2002),"Source: United Nations Conference on Trade and Development, Balance of Payments Online database."
FootNote,Burkina Faso (BFA),"Imports of goods, services and primary income (current US$) (BM.GSR.TOTL.CD)",2004 (YR2004),"Source: United Nations Conference on Trade and Development, Balance of Payments Online database."
FootNote,Burkina Faso (BFA),"Imports of goods, services and primary income (current US$) (BM.GSR.TOTL.CD)",2001 (YR2001),"Source: United Nations Conference on Trade and Development, Balance of Payments Online database."
FootNote,Burkina Faso (BFA),Current account balance (current US$) (BN.CAB.XOKA.CD),2002 (YR2002),"Source: United Nations Conference on Trade and Development, Balance of Payments Online database."
FootNote,Burkina Faso (BFA),Current account balance (current US$) (BN.CAB.XOKA.CD),2001 (YR2001),"Source: United Nations Conference on Trade and Development, Balance of Payments Online database."
FootNote,Burkina Faso (BFA),"Total reserves (includes gold, current US$) (FI.RES.TOTL.CD)",2000 (YR2000),Gap-filled with countries' balance of payments statistics.
FootNote,Burkina Faso (BFA),"Foreign direct investment, net inflows in reporting economy (DRS, current US$) (BX.KLT.DINV.CD.DT)",2000 (YR2000),"Source: United Nations Conference on Trade and Development, Foreign Direct Investment Online database."
FootNote,Burkina Faso (BFA),Primary income on FDI (current US$) (BX.KLT.DREM.CD.DT),2000 (YR2000),"Source: United Nations Conference on Trade and Development, Balance of Payments Online database."
FootNote,Burkina Faso (BFA),"Exports of goods, services and primary income (current US$) (BX.GSR.TOTL.CD)",2000 (YR2000),Gap-filled with countries' balance of payments statistics.
FootNote,Burkina Faso (BFA),"Imports of goods, services and primary income (current US$) (BM.GSR.TOTL.CD)",2000 (YR2000),"Source: United Nations Conference on Trade and Development, Balance of Payments Online database."
FootNote,Burkina Faso (BFA),"Foreign direct investment, net inflows in reporting economy (DRS, current US$) (BX.KLT.DINV.CD.DT)",1995 (YR1995),"Source: United Nations Conference on Trade and Development, Foreign Direct Investment Online database."
FootNote,Burkina Faso (BFA),Current account balance (current US$) (BN.CAB.XOKA.CD),2000 (YR2000),"Source: United Nations Conference on Trade and Development, Balance of Payments Online database."
FootNote,Burkina Faso (BFA),"Foreign direct investment, net inflows in reporting economy (DRS, current US$) (BX.KLT.DINV.CD.DT)",1999 (YR1999),"Source: United Nations Conference on Trade and Development, Foreign Direct Investment Online database."
FootNote,Burkina Faso (BFA),"Foreign direct investment, net inflows in reporting economy (DRS, current US$) (BX.KLT.DINV.CD.DT)",1992 (YR1992),"Source: United Nations Conference on Trade and Development, Foreign Direct Investment Online database."
FootNote,Burkina Faso (BFA),"Foreign direct investment, net inflows in reporting economy (DRS, current US$) (BX.KLT.DINV.CD.DT)",1996 (YR1996),"Source: United Nations Conference on Trade and Development, Foreign Direct Investment Online database."
FootNote,Burkina Faso (BFA),"Foreign direct investment, net inflows in reporting economy (DRS, current US$) (BX.KLT.DINV.CD.DT)",1991 (YR1991),"Source: United Nations Conference on Trade and Development, Foreign Direct Investment Online database."
FootNote,Burkina Faso (BFA),"Foreign direct investment, net inflows in reporting economy (DRS, current US$) (BX.KLT.DINV.CD.DT)",1994 (YR1994),"Source: United Nations Conference on Trade and Development, Foreign Direct Investment Online database."
FootNote,Burkina Faso (BFA),"Foreign direct investment, net inflows in reporting economy (DRS, current US$) (BX.KLT.DINV.CD.DT)",1997 (YR1997),"Source: United Nations Conference on Trade and Development, Foreign Direct Investment Online database."
FootNote,Burkina Faso (BFA),"Foreign direct investment, net inflows in reporting economy (DRS, current US$) (BX.KLT.DINV.CD.DT)",1990 (YR1990),"Source: United Nations Conference on Trade and Development, Foreign Direct Investment Online database."
FootNote,Burkina Faso (BFA),"Foreign direct investment, net inflows in reporting economy (DRS, current US$) (BX.KLT.DINV.CD.DT)",1998 (YR1998),"Source: United Nations Conference on Trade and Development, Foreign Direct Investment Online database."
FootNote,Burkina Faso (BFA),"Foreign direct investment, net inflows in reporting economy (DRS, current US$) (BX.KLT.DINV.CD.DT)",1993 (YR1993),"Source: United Nations Conference on Trade and Development, Foreign Direct Investment Online database."
FootNote,Burkina Faso (BFA),"Foreign direct investment, net inflows in reporting economy (DRS, current US$) (BX.KLT.DINV.CD.DT)",1970 (YR1970),"Source: United Nations Conference on Trade and Development, Foreign Direct Investment Online database."
FootNote,Burkina Faso (BFA),"Foreign direct investment, net inflows in reporting economy (DRS, current US$) (BX.KLT.DINV.CD.DT)",1973 (YR1973),"Source: United Nations Conference on Trade and Development, Foreign Direct Investment Online database."
FootNote,Burkina Faso (BFA),"Foreign direct investment, net inflows in reporting economy (DRS, current US$) (BX.KLT.DINV.CD.DT)",1972 (YR1972),"Source: United Nations Conference on Trade and Development, Foreign Direct Investment Online database."
FootNote,Burkina Faso (BFA),"Foreign direct investment, net inflows in reporting economy (DRS, current US$) (BX.KLT.DINV.CD.DT)",1971 (YR1971),"Source: United Nations Conference on Trade and Development, Foreign Direct Investment Online database."
FootNote,Burundi (BDI),"Foreign direct investment, net inflows in reporting economy (DRS, current US$) (BX.KLT.DINV.CD.DT)",2024 (YR2024),"Source: United Nations Conference on Trade and Development, Foreign Direct Investment Online database."
FootNote,Burundi (BDI),"Personal transfers and compensation of employees, received (current US$) (BX.TRF.PWKR.CD.DT)",2024 (YR2024),"Data on Personal Transfers and Compensation of Employees are prepared by World Bank staff based on IMF's Balance of Payments statistics and data releases from central banks, national statistical agencies, and World Bank country desks."
FootNote,Burundi (BDI),"Present value of external debt (% of exports of goods, services and income) (DT.DOD.PVLX.EX.ZS)",2009 (YR2009),Data are from debt sustainability analyses for low-income countries. Present value estimates for these countries are for public and publicly guaranteed debt only.
FootNote,Burundi (BDI),"External debt stocks, total (DOD, current US$) (DT.DOD.DECT.CD)",2007 (YR2007),Data include the effects of Enhanced HIPC Initiative.
FootNote,Burundi (BDI),"External debt stocks, total (DOD, current US$) (DT.DOD.DECT.CD)",2008 (YR2008),Data include the effects of Enhanced HIPC Initiative.
FootNote,Burundi (BDI),Debt forgiveness or reduction (current US$) (DT.DFR.DPPG.CD),2007 (YR2007),Data include the effects of Enhanced HIPC Initiative.
FootNote,Burundi (BDI),Present value of external debt (% of GNI) (DT.DOD.PVLX.GN.ZS),2009 (YR2009),Data are from debt sustainability analyses for low-income countries. Present value estimates for these countries are for public and publicly guaranteed debt only.
FootNote,Burundi (BDI),"External debt stocks, total (DOD, current US$) (DT.DOD.DECT.CD)",2009 (YR2009),"Data include the effects of MDRI and HIPC debt relief, and Paris Club debt restructuring agreement."
FootNote,Burundi (BDI),Debt forgiveness or reduction (current US$) (DT.DFR.DPPG.CD),2008 (YR2008),Data include the effects of Enhanced HIPC Initiative.
FootNote,Burundi (BDI),Debt forgiveness or reduction (current US$) (DT.DFR.DPPG.CD),2009 (YR2009),Data include the effects of MDRI and HIPC debt relief.
FootNote,Burundi (BDI),"External debt stocks, total (DOD, current US$) (DT.DOD.DECT.CD)",2010 (YR2010),Data include the effects of MDRI and HIPC debt relief.
FootNote,Burundi (BDI),"Foreign direct investment, net inflows in reporting economy (DRS, current US$) (BX.KLT.DINV.CD.DT)",1996 (YR1996),"Source: United Nations Conference on Trade and Development, Foreign Direct Investment Online database."
FootNote,Burundi (BDI),"Foreign direct investment, net inflows in reporting economy (DRS, current US$) (BX.KLT.DINV.CD.DT)",1998 (YR1998),"Source: United Nations Conference on Trade and Development, Foreign Direct Investment Online database."
FootNote,Burundi (BDI),"Foreign direct investment, net inflows in reporting economy (DRS, current US$) (BX.KLT.DINV.CD.DT)",1997 (YR1997),"Source: United Nations Conference on Trade and Development, Foreign Direct Investment Online database."
FootNote,Cambodia (KHM),"External debt stocks, total (DOD, current US$) (DT.DOD.DECT.CD)",2006 (YR2006),Data include the effects of MDRI.
FootNote,Cambodia (KHM),Debt forgiveness or reduction (current US$) (DT.DFR.DPPG.CD),2006 (YR2006),Data include the effects of MDRI.
FootNote,Cameroon (CMR),Current account balance (current US$) (BN.CAB.XOKA.CD),2024 (YR2024),Gap-filled with countries' balance of payments statistics.
FootNote,Cameroon (CMR),"Personal transfers and compensation of employees, received (current US$) (BX.TRF.PWKR.CD.DT)",2024 (YR2024),"Data on Personal Transfers and Compensation of Employees are prepared by World Bank staff based on IMF's Balance of Payments statistics and data releases from central banks, national statistical agencies, and World Bank country desks."
FootNote,Cameroon (CMR),"Foreign direct investment, net inflows in reporting economy (DRS, current US$) (BX.KLT.DINV.CD.DT)",2024 (YR2024),"Source: United Nations Conference on Trade and Development, Foreign Direct Investment Online database."
FootNote,Cameroon (CMR),"Present value of external debt (% of exports of goods, services and income) (DT.DOD.PVLX.EX.ZS)",2009 (YR2009),Data are from debt sustainability analyses for low-income countries. Present value estimates for these countries are for public and publicly guaranteed debt only.
FootNote,Cameroon (CMR),Present value of external debt (% of GNI) (DT.DOD.PVLX.GN.ZS),2009 (YR2009),Data are from debt sustainability analyses for low-income countries. Present value estimates for these countries are for public and publicly guaranteed debt only.
FootNote,Cameroon (CMR),"External debt stocks, total (DOD, current US$) (DT.DOD.DECT.CD)",2006 (YR2006),Data include the effects of MDRI and the Paris Club debt restructuring agreements.
FootNote,Cameroon (CMR),Debt forgiveness or reduction (current US$) (DT.DFR.DPPG.CD),2006 (YR2006),Data include the effects of MDRI.
FootNote,Central African Republic (CAF),Current account balance (current US$) (BN.CAB.XOKA.CD),2022 (YR2022),Gap-filled with countries' balance of payments statistics.
FootNote,Central African Republic (CAF),Current account balance (current US$) (BN.CAB.XOKA.CD),2020 (YR2020),Gap-filled with countries' balance of payments statistics.
FootNote,Central African Republic (CAF),Current account balance (current US$) (BN.CAB.XOKA.CD),2019 (YR2019),Gap-filled with countries' balance of payments statistics.
FootNote,Central African Republic (CAF),Current account balance (current US$) (BN.CAB.XOKA.CD),2024 (YR2024),Gap-filled with countries' balance of payments statistics.
FootNote,Central African Republic (CAF),Current account balance (current US$) (BN.CAB.XOKA.CD),2017 (YR2017),"Source: United Nations Conference on Trade and Development, Balance of Payments Online database."
FootNote,Central African Republic (CAF),"Exports of goods, services and primary income (current US$) (BX.GSR.TOTL.CD)",2023 (YR2023),"Data are prepared by World Bank staff based on IMF's Balance of Payments statistics and data releases from central banks, national statistical agencies, and World Bank country desks."
FootNote,Central African Republic (CAF),Current account balance (current US$) (BN.CAB.XOKA.CD),2023 (YR2023),Gap-filled with countries' balance of payments statistics.
FootNote,Central African Republic (CAF),Current account balance (current US$) (BN.CAB.XOKA.CD),2021 (YR2021),Gap-filled with countries' balance of payments statistics.
FootNote,Central African Republic (CAF),Current account balance (current US$) (BN.CAB.XOKA.CD),2018 (YR2018),"Source: United Nations Conference on Trade and Development, Balance of Payments Online database."
FootNote,Central African Republic (CAF),"Exports of goods, services and primary income (current US$) (BX.GSR.TOTL.CD)",2022 (YR2022),"Data are prepared by World Bank staff based on IMF's Balance of Payments statistics and data releases from central banks, national statistical agencies, and World Bank country desks."
FootNote,Central African Republic (CAF),"Exports of goods, services and primary income (current US$) (BX.GSR.TOTL.CD)",2024 (YR2024),"Data are prepared by World Bank staff based on IMF's Balance of Payments statistics and data releases from central banks, national statistical agencies, and World Bank country desks."
FootNote,Central African Republic (CAF),"Exports of goods, services and primary income (current US$) (BX.GSR.TOTL.CD)",2021 (YR2021),"Data are prepared by World Bank staff based on IMF's Balance of Payments statistics and data releases from central banks, national statistical agencies, and World Bank country desks."
FootNote,Central African Republic (CAF),"Exports of goods, services and primary income (current US$) (BX.GSR.TOTL.CD)",2019 (YR2019),"Data are prepared by World Bank staff based on IMF's Balance of Payments statistics and data releases from central banks, national statistical agencies, and World Bank country desks."
FootNote,Central African Republic (CAF),"Exports of goods, services and primary income (current US$) (BX.GSR.TOTL.CD)",2020 (YR2020),"Data are prepared by World Bank staff based on IMF's Balance of Payments statistics and data releases from central banks, national statistical agencies, and World Bank country desks."
FootNote,Central African Republic (CAF),"Imports of goods, services and primary income (current US$) (BM.GSR.TOTL.CD)",2022 (YR2022),"Data are prepared by World Bank staff based on IMF's Balance of Payments statistics and data releases from central banks, national statistical agencies, and World Bank country desks."
FootNote,Central African Republic (CAF),"Imports of goods, services and primary income (current US$) (BM.GSR.TOTL.CD)",2023 (YR2023),"Data are prepared by World Bank staff based on IMF's Balance of Payments statistics and data releases from central banks, national statistical agencies, and World Bank country desks."
FootNote,Central African Republic (CAF),"Imports of goods, services and primary income (current US$) (BM.GSR.TOTL.CD)",2019 (YR2019),"Data are prepared by World Bank staff based on IMF's Balance of Payments statistics and data releases from central banks, national statistical agencies, and World Bank country desks."
FootNote,Central African Republic (CAF),"Imports of goods, services and primary income (current US$) (BM.GSR.TOTL.CD)",2021 (YR2021),"Data are prepared by World Bank staff based on IMF's Balance of Payments statistics and data releases from central banks, national statistical agencies, and World Bank country desks."
FootNote,Central African Republic (CAF),"Imports of goods, services and primary income (current US$) (BM.GSR.TOTL.CD)",2020 (YR2020),"Data are prepared by World Bank staff based on IMF's Balance of Payments statistics and data releases from central banks, national statistical agencies, and World Bank country desks."
FootNote,Central African Republic (CAF),"Imports of goods, services and primary income (current US$) (BM.GSR.TOTL.CD)",2024 (YR2024),"Data are prepared by World Bank staff based on IMF's Balance of Payments statistics and data releases from central banks, national statistical agencies, and World Bank country desks."
FootNote,Central African Republic (CAF),"Foreign direct investment, net inflows in reporting economy (DRS, current US$) (BX.KLT.DINV.CD.DT)",2021 (YR2021),"Source: United Nations Conference on Trade and Development, Foreign Direct Investment Online database."
FootNote,Central African Republic (CAF),"Foreign direct investment, net inflows in reporting economy (DRS, current US$) (BX.KLT.DINV.CD.DT)",2017 (YR2017),"Source: United Nations Conference on Trade and Development, Foreign Direct Investment Online database."
FootNote,Central African Republic (CAF),"Foreign direct investment, net inflows in reporting economy (DRS, current US$) (BX.KLT.DINV.CD.DT)",2022 (YR2022),"Source: United Nations Conference on Trade and Development, Foreign Direct Investment Online database."
FootNote,Central African Republic (CAF),"Foreign direct investment, net inflows in reporting economy (DRS, current US$) (BX.KLT.DINV.CD.DT)",2024 (YR2024),"Source: United Nations Conference on Trade and Development, Foreign Direct Investment Online database."
FootNote,Central African Republic (CAF),"Foreign direct investment, net inflows in reporting economy (DRS, current US$) (BX.KLT.DINV.CD.DT)",2023 (YR2023),"Source: United Nations Conference on Trade and Development, Foreign Direct Investment Online database."
FootNote,Central African Republic (CAF),"Foreign direct investment, net inflows in reporting economy (DRS, current US$) (BX.KLT.DINV.CD.DT)",2018 (YR2018),"Source: United Nations Conference on Trade and Development, Foreign Direct Investment Online database."
FootNote,Central African Republic (CAF),"Foreign direct investment, net inflows in reporting economy (DRS, current US$) (BX.KLT.DINV.CD.DT)",2019 (YR2019),"Source: United Nations Conference on Trade and Development, Foreign Direct Investment Online database."
FootNote,Central African Republic (CAF),"Foreign direct investment, net inflows in reporting economy (DRS, current US$) (BX.KLT.DINV.CD.DT)",2020 (YR2020),"Source: United Nations Conference on Trade and Development, Foreign Direct Investment Online database."
FootNote,Central African Republic (CAF),"Foreign direct investment, net inflows in reporting economy (DRS, current US$) (BX.KLT.DINV.CD.DT)",2001 (YR2001),"Source: United Nations Conference on Trade and Development, Foreign Direct Investment Online database."
FootNote,Central African Republic (CAF),"Foreign direct investment, net inflows in reporting economy (DRS, current US$) (BX.KLT.DINV.CD.DT)",2009 (YR2009),"Source: United Nations Conference on Trade and Development, Foreign Direct Investment Online database."
FootNote,Central African Republic (CAF),"Foreign direct investment, net inflows in reporting economy (DRS, current US$) (BX.KLT.DINV.CD.DT)",2014 (YR2014),"Source: United Nations Conference on Trade and Development, Foreign Direct Investment Online database."
FootNote,Central African Republic (CAF),"Foreign direct investment, net inflows in reporting economy (DRS, current US$) (BX.KLT.DINV.CD.DT)",2011 (YR2011),"Source: United Nations Conference on Trade and Development, Foreign Direct Investment Online database."
FootNote,Central African Republic (CAF),"Foreign direct investment, net inflows in reporting economy (DRS, current US$) (BX.KLT.DINV.CD.DT)",2010 (YR2010),"Source: United Nations Conference on Trade and Development, Foreign Direct Investment Online database."
FootNote,Central African Republic (CAF),"Foreign direct investment, net inflows in reporting economy (DRS, current US$) (BX.KLT.DINV.CD.DT)",2012 (YR2012),"Source: United Nations Conference on Trade and Development, Foreign Direct Investment Online database."
FootNote,Central African Republic (CAF),"Foreign direct investment, net inflows in reporting economy (DRS, current US$) (BX.KLT.DINV.CD.DT)",2004 (YR2004),"Source: United Nations Conference on Trade and Development, Foreign Direct Investment Online database."
FootNote,Central African Republic (CAF),"Foreign direct investment, net inflows in reporting economy (DRS, current US$) (BX.KLT.DINV.CD.DT)",2007 (YR2007),"Source: United Nations Conference on Trade and Development, Foreign Direct Investment Online database."
FootNote,Central African Republic (CAF),"Foreign direct investment, net inflows in reporting economy (DRS, current US$) (BX.KLT.DINV.CD.DT)",2013 (YR2013),"Source: United Nations Conference on Trade and Development, Foreign Direct Investment Online database."
FootNote,Central African Republic (CAF),"Foreign direct investment, net inflows in reporting economy (DRS, current US$) (BX.KLT.DINV.CD.DT)",2005 (YR2005),"Source: United Nations Conference on Trade and Development, Foreign Direct Investment Online database."
FootNote,Central African Republic (CAF),"Foreign direct investment, net inflows in reporting economy (DRS, current US$) (BX.KLT.DINV.CD.DT)",2003 (YR2003),"Source: United Nations Conference on Trade and Development, Foreign Direct Investment Online database."
FootNote,Central African Republic (CAF),"Foreign direct investment, net inflows in reporting economy (DRS, current US$) (BX.KLT.DINV.CD.DT)",2016 (YR2016),"Source: United Nations Conference on Trade and Development, Foreign Direct Investment Online database."
FootNote,Central African Republic (CAF),"Foreign direct investment, net inflows in reporting economy (DRS, current US$) (BX.KLT.DINV.CD.DT)",2006 (YR2006),"Source: United Nations Conference on Trade and Development, Foreign Direct Investment Online database."
FootNote,Central African Republic (CAF),"Foreign direct investment, net inflows in reporting economy (DRS, current US$) (BX.KLT.DINV.CD.DT)",2002 (YR2002),"Source: United Nations Conference on Trade and Development, Foreign Direct Investment Online database."
FootNote,Central African Republic (CAF),"Foreign direct investment, net inflows in reporting economy (DRS, current US$) (BX.KLT.DINV.CD.DT)",2008 (YR2008),"Source: United Nations Conference on Trade and Development, Foreign Direct Investment Online database."
FootNote,Central African Republic (CAF),"Foreign direct investment, net inflows in reporting economy (DRS, current US$) (BX.KLT.DINV.CD.DT)",2015 (YR2015),"Source: United Nations Conference on Trade and Development, Foreign Direct Investment Online database."
FootNote,Central African Republic (CAF),Current account balance (current US$) (BN.CAB.XOKA.CD),2016 (YR2016),"Source: United Nations Conference on Trade and Development, Balance of Payments Online database."
FootNote,Central African Republic (CAF),Current account balance (current US$) (BN.CAB.XOKA.CD),2004 (YR2004),"Source: United Nations Conference on Trade and Development, Balance of Payments Online database."
FootNote,Central African Republic (CAF),Current account balance (current US$) (BN.CAB.XOKA.CD),2012 (YR2012),"Source: United Nations Conference on Trade and Development, Balance of Payments Online database."
FootNote,Central African Republic (CAF),Current account balance (current US$) (BN.CAB.XOKA.CD),2001 (YR2001),"Source: United Nations Conference on Trade and Development, Balance of Payments Online database."
FootNote,Central African Republic (CAF),Current account balance (current US$) (BN.CAB.XOKA.CD),2011 (YR2011),"Source: United Nations Conference on Trade and Development, Balance of Payments Online database."
FootNote,Central African Republic (CAF),Current account balance (current US$) (BN.CAB.XOKA.CD),2008 (YR2008),"Source: United Nations Conference on Trade and Development, Balance of Payments Online database."
FootNote,Central African Republic (CAF),Current account balance (current US$) (BN.CAB.XOKA.CD),2007 (YR2007),"Source: United Nations Conference on Trade and Development, Balance of Payments Online database."
FootNote,Central African Republic (CAF),Current account balance (current US$) (BN.CAB.XOKA.CD),2006 (YR2006),"Source: United Nations Conference on Trade and Development, Balance of Payments Online database."
FootNote,Central African Republic (CAF),Current account balance (current US$) (BN.CAB.XOKA.CD),2010 (YR2010),Gap-filled with countries' balance of payments statistics.
FootNote,Central African Republic (CAF),Current account balance (current US$) (BN.CAB.XOKA.CD),2009 (YR2009),"Source: United Nations Conference on Trade and Development, Balance of Payments Online database."
FootNote,Central African Republic (CAF),Current account balance (current US$) (BN.CAB.XOKA.CD),2013 (YR2013),"Source: United Nations Conference on Trade and Development, Balance of Payments Online database."
FootNote,Central African Republic (CAF),Current account balance (current US$) (BN.CAB.XOKA.CD),2015 (YR2015),"Source: United Nations Conference on Trade and Development, Balance of Payments Online database."
FootNote,Central African Republic (CAF),Current account balance (current US$) (BN.CAB.XOKA.CD),2005 (YR2005),"Source: United Nations Conference on Trade and Development, Balance of Payments Online database."
FootNote,Central African Republic (CAF),Current account balance (current US$) (BN.CAB.XOKA.CD),2014 (YR2014),"Source: United Nations Conference on Trade and Development, Balance of Payments Online database."
FootNote,Central African Republic (CAF),Current account balance (current US$) (BN.CAB.XOKA.CD),2003 (YR2003),"Source: United Nations Conference on Trade and Development, Balance of Payments Online database."
FootNote,Central African Republic (CAF),Current account balance (current US$) (BN.CAB.XOKA.CD),2002 (YR2002),"Source: United Nations Conference on Trade and Development, Balance of Payments Online database."
FootNote,Central African Republic (CAF),"Present value of external debt (% of exports of goods, services and income) (DT.DOD.PVLX.EX.ZS)",2009 (YR2009),Data are from debt sustainability analyses for low-income countries. Present value estimates for these countries are for public and publicly guaranteed debt only.
FootNote,Central African Republic (CAF),Debt forgiveness or reduction (current US$) (DT.DFR.DPPG.CD),2008 (YR2008),Data include the effects of Enhanced HIPC Initiative.
FootNote,Central African Republic (CAF),"External debt stocks, total (DOD, current US$) (DT.DOD.DECT.CD)",2007 (YR2007),"Data include the effects of Enhanced HIPC Initiative, and Paris Club debt restructuring agreement."
FootNote,Central African Republic (CAF),"External debt stocks, total (DOD, current US$) (DT.DOD.DECT.CD)",2008 (YR2008),Data include the effects of Enhanced HIPC Initiative.
FootNote,Central African Republic (CAF),Debt forgiveness or reduction (current US$) (DT.DFR.DPPG.CD),2007 (YR2007),Data include the effects of Enhanced HIPC Initiative.
FootNote,Central African Republic (CAF),Present value of external debt (% of GNI) (DT.DOD.PVLX.GN.ZS),2009 (YR2009),Data are from debt sustainability analyses for low-income countries. Present value estimates for these countries are for public and publicly guaranteed debt only.
FootNote,Central African Republic (CAF),Debt forgiveness or reduction (current US$) (DT.DFR.DPPG.CD),2009 (YR2009),Data include the effects of MDRI and HIPC debt relief.
FootNote,Central African Republic (CAF),"External debt stocks, total (DOD, current US$) (DT.DOD.DECT.CD)",2009 (YR2009),"Data include the effects of MDRI and HIPC debt relief, and Paris Club debt restructuring agreements."
FootNote,Central African Republic (CAF),Current account balance (current US$) (BN.CAB.XOKA.CD),2000 (YR2000),"Source: United Nations Conference on Trade and Development, Balance of Payments Online database."
FootNote,Central African Republic (CAF),"Foreign direct investment, net inflows in reporting economy (DRS, current US$) (BX.KLT.DINV.CD.DT)",2000 (YR2000),"Source: United Nations Conference on Trade and Development, Foreign Direct Investment Online database."
FootNote,Central African Republic (CAF),"Foreign direct investment, net inflows in reporting economy (DRS, current US$) (BX.KLT.DINV.CD.DT)",1997 (YR1997),"Source: United Nations Conference on Trade and Development, Foreign Direct Investment Online database."
FootNote,Central African Republic (CAF),"Foreign direct investment, net inflows in reporting economy (DRS, current US$) (BX.KLT.DINV.CD.DT)",1996 (YR1996),"Source: United Nations Conference on Trade and Development, Foreign Direct Investment Online database."
FootNote,Central African Republic (CAF),"Foreign direct investment, net inflows in reporting economy (DRS, current US$) (BX.KLT.DINV.CD.DT)",1998 (YR1998),"Source: United Nations Conference on Trade and Development, Foreign Direct Investment Online database."
FootNote,Central African Republic (CAF),"Foreign direct investment, net inflows in reporting economy (DRS, current US$) (BX.KLT.DINV.CD.DT)",1995 (YR1995),"Source: United Nations Conference on Trade and Development, Foreign Direct Investment Online database."
FootNote,Central African Republic (CAF),"Foreign direct investment, net inflows in reporting economy (DRS, current US$) (BX.KLT.DINV.CD.DT)",1999 (YR1999),"Source: United Nations Conference on Trade and Development, Foreign Direct Investment Online database."
FootNote,Chad (TCD),"Foreign direct investment, net inflows in reporting economy (DRS, current US$) (BX.KLT.DINV.CD.DT)",2024 (YR2024),"Source: United Nations Conference on Trade and Development, Foreign Direct Investment Online database."
FootNote,Chad (TCD),"Foreign direct investment, net inflows in reporting economy (DRS, current US$) (BX.KLT.DINV.CD.DT)",2018 (YR2018),"Source: United Nations Conference on Trade and Development, Foreign Direct Investment Online database."
FootNote,Chad (TCD),"Foreign direct investment, net inflows in reporting economy (DRS, current US$) (BX.KLT.DINV.CD.DT)",2022 (YR2022),"Source: United Nations Conference on Trade and Development, Foreign Direct Investment Online database."
FootNote,Chad (TCD),"Foreign direct investment, net inflows in reporting economy (DRS, current US$) (BX.KLT.DINV.CD.DT)",2023 (YR2023),"Source: United Nations Conference on Trade and Development, Foreign Direct Investment Online database."
FootNote,Chad (TCD),"Foreign direct investment, net inflows in reporting economy (DRS, current US$) (BX.KLT.DINV.CD.DT)",2020 (YR2020),"Source: United Nations Conference on Trade and Development, Foreign Direct Investment Online database."
FootNote,Chad (TCD),"Foreign direct investment, net inflows in reporting economy (DRS, current US$) (BX.KLT.DINV.CD.DT)",2017 (YR2017),"Source: United Nations Conference on Trade and Development, Foreign Direct Investment Online database."
FootNote,Chad (TCD),"Personal transfers and compensation of employees, received (current US$) (BX.TRF.PWKR.CD.DT)",2018 (YR2018),Gap-filled with countries' balance of payments statistics.
FootNote,Chad (TCD),"Personal transfers and compensation of employees, received (current US$) (BX.TRF.PWKR.CD.DT)",2017 (YR2017),Gap-filled with countries' balance of payments statistics.
FootNote,Chad (TCD),Primary income on FDI (current US$) (BX.KLT.DREM.CD.DT),2018 (YR2018),Gap-filled with countries' balance of payments statistics.
FootNote,Chad (TCD),"Imports of goods, services and primary income (current US$) (BM.GSR.TOTL.CD)",2018 (YR2018),Gap-filled with countries' balance of payments statistics.
FootNote,Chad (TCD),"Imports of goods, services and primary income (current US$) (BM.GSR.TOTL.CD)",2017 (YR2017),Gap-filled with countries' balance of payments statistics.
FootNote,Chad (TCD),Primary income on FDI (current US$) (BX.KLT.DREM.CD.DT),2017 (YR2017),Gap-filled with countries' balance of payments statistics.
FootNote,Chad (TCD),"Exports of goods, services and primary income (current US$) (BX.GSR.TOTL.CD)",2021 (YR2021),"Data are prepared by World Bank staff based on IMF's Balance of Payments statistics and data releases from central banks, national statistical agencies, and World Bank country desks."
FootNote,Chad (TCD),"Exports of goods, services and primary income (current US$) (BX.GSR.TOTL.CD)",2019 (YR2019),"Data are prepared by World Bank staff based on IMF's Balance of Payments statistics and data releases from central banks, national statistical agencies, and World Bank country desks."
FootNote,Chad (TCD),Current account balance (current US$) (BN.CAB.XOKA.CD),2017 (YR2017),Gap-filled with countries' balance of payments statistics.
FootNote,Chad (TCD),Current account balance (current US$) (BN.CAB.XOKA.CD),2021 (YR2021),Gap-filled with countries' balance of payments statistics.
FootNote,Chad (TCD),Current account balance (current US$) (BN.CAB.XOKA.CD),2018 (YR2018),Gap-filled with countries' balance of payments statistics.
FootNote,Chad (TCD),Current account balance (current US$) (BN.CAB.XOKA.CD),2020 (YR2020),Gap-filled with countries' balance of payments statistics.
FootNote,Chad (TCD),Current account balance (current US$) (BN.CAB.XOKA.CD),2023 (YR2023),Gap-filled with countries' balance of payments statistics.
FootNote,Chad (TCD),Current account balance (current US$) (BN.CAB.XOKA.CD),2019 (YR2019),Gap-filled with countries' balance of payments statistics.
FootNote,Chad (TCD),Current account balance (current US$) (BN.CAB.XOKA.CD),2024 (YR2024),Gap-filled with countries' balance of payments statistics.
FootNote,Chad (TCD),Current account balance (current US$) (BN.CAB.XOKA.CD),2022 (YR2022),Gap-filled with countries' balance of payments statistics.
FootNote,Chad (TCD),"Imports of goods, services and primary income (current US$) (BM.GSR.TOTL.CD)",2019 (YR2019),"Data are prepared by World Bank staff based on IMF's Balance of Payments statistics and data releases from central banks, national statistical agencies, and World Bank country desks."
FootNote,Chad (TCD),"Imports of goods, services and primary income (current US$) (BM.GSR.TOTL.CD)",2022 (YR2022),"Data are prepared by World Bank staff based on IMF's Balance of Payments statistics and data releases from central banks, national statistical agencies, and World Bank country desks."
FootNote,Chad (TCD),"Imports of goods, services and primary income (current US$) (BM.GSR.TOTL.CD)",2021 (YR2021),"Data are prepared by World Bank staff based on IMF's Balance of Payments statistics and data releases from central banks, national statistical agencies, and World Bank country desks."
FootNote,Chad (TCD),"Imports of goods, services and primary income (current US$) (BM.GSR.TOTL.CD)",2020 (YR2020),"Data are prepared by World Bank staff based on IMF's Balance of Payments statistics and data releases from central banks, national statistical agencies, and World Bank country desks."
FootNote,Chad (TCD),"Imports of goods, services and primary income (current US$) (BM.GSR.TOTL.CD)",2023 (YR2023),"Data are prepared by World Bank staff based on IMF's Balance of Payments statistics and data releases from central banks, national statistical agencies, and World Bank country desks."
FootNote,Chad (TCD),"Exports of goods, services and primary income (current US$) (BX.GSR.TOTL.CD)",2017 (YR2017),Gap-filled with countries' balance of payments statistics.
FootNote,Chad (TCD),"Exports of goods, services and primary income (current US$) (BX.GSR.TOTL.CD)",2022 (YR2022),"Data are prepared by World Bank staff based on IMF's Balance of Payments statistics and data releases from central banks, national statistical agencies, and World Bank country desks."
FootNote,Chad (TCD),"Exports of goods, services and primary income (current US$) (BX.GSR.TOTL.CD)",2020 (YR2020),"Data are prepared by World Bank staff based on IMF's Balance of Payments statistics and data releases from central banks, national statistical agencies, and World Bank country desks."
FootNote,Chad (TCD),"Exports of goods, services and primary income (current US$) (BX.GSR.TOTL.CD)",2023 (YR2023),"Data are prepared by World Bank staff based on IMF's Balance of Payments statistics and data releases from central banks, national statistical agencies, and World Bank country desks."
FootNote,Chad (TCD),"Exports of goods, services and primary income (current US$) (BX.GSR.TOTL.CD)",2018 (YR2018),Gap-filled with countries' balance of payments statistics.
FootNote,Chad (TCD),"Foreign direct investment, net inflows in reporting economy (DRS, current US$) (BX.KLT.DINV.CD.DT)",2021 (YR2021),"Source: United Nations Conference on Trade and Development, Foreign Direct Investment Online database."
FootNote,Chad (TCD),"Foreign direct investment, net inflows in reporting economy (DRS, current US$) (BX.KLT.DINV.CD.DT)",2019 (YR2019),"Source: United Nations Conference on Trade and Development, Foreign Direct Investment Online database."
FootNote,Chad (TCD),Current account balance (current US$) (BN.CAB.XOKA.CD),2006 (YR2006),"Source: United Nations Conference on Trade and Development, Balance of Payments Online database."
FootNote,Chad (TCD),Current account balance (current US$) (BN.CAB.XOKA.CD),2001 (YR2001),"Source: United Nations Conference on Trade and Development, Balance of Payments Online database."
FootNote,Chad (TCD),Current account balance (current US$) (BN.CAB.XOKA.CD),2005 (YR2005),"Source: United Nations Conference on Trade and Development, Balance of Payments Online database."
FootNote,Chad (TCD),"Exports of goods, services and primary income (current US$) (BX.GSR.TOTL.CD)",2012 (YR2012),Gap-filled with countries' balance of payments statistics.
FootNote,Chad (TCD),"Exports of goods, services and primary income (current US$) (BX.GSR.TOTL.CD)",2014 (YR2014),Gap-filled with countries' balance of payments statistics.
FootNote,Chad (TCD),"Exports of goods, services and primary income (current US$) (BX.GSR.TOTL.CD)",2013 (YR2013),Gap-filled with countries' balance of payments statistics.
FootNote,Chad (TCD),"Exports of goods, services and primary income (current US$) (BX.GSR.TOTL.CD)",2016 (YR2016),Gap-filled with countries' balance of payments statistics.
FootNote,Chad (TCD),"Imports of goods, services and primary income (current US$) (BM.GSR.TOTL.CD)",2010 (YR2010),Gap-filled with countries' balance of payments statistics.
FootNote,Chad (TCD),"Exports of goods, services and primary income (current US$) (BX.GSR.TOTL.CD)",2011 (YR2011),Gap-filled with countries' balance of payments statistics.
FootNote,Chad (TCD),"Exports of goods, services and primary income (current US$) (BX.GSR.TOTL.CD)",2015 (YR2015),Gap-filled with countries' balance of payments statistics.
FootNote,Chad (TCD),"Exports of goods, services and primary income (current US$) (BX.GSR.TOTL.CD)",2010 (YR2010),Gap-filled with countries' balance of payments statistics.
FootNote,Chad (TCD),"Imports of goods, services and primary income (current US$) (BM.GSR.TOTL.CD)",2012 (YR2012),Gap-filled with countries' balance of payments statistics.
FootNote,Chad (TCD),"Imports of goods, services and primary income (current US$) (BM.GSR.TOTL.CD)",2014 (YR2014),Gap-filled with countries' balance of payments statistics.
FootNote,Chad (TCD),"Imports of goods, services and primary income (current US$) (BM.GSR.TOTL.CD)",2011 (YR2011),Gap-filled with countries' balance of payments statistics.
FootNote,Chad (TCD),"Imports of goods, services and primary income (current US$) (BM.GSR.TOTL.CD)",2015 (YR2015),Gap-filled with countries' balance of payments statistics.
FootNote,Chad (TCD),"Imports of goods, services and primary income (current US$) (BM.GSR.TOTL.CD)",2013 (YR2013),Gap-filled with countries' balance of payments statistics.
FootNote,Chad (TCD),"Imports of goods, services and primary income (current US$) (BM.GSR.TOTL.CD)",2016 (YR2016),Gap-filled with countries' balance of payments statistics.
FootNote,Chad (TCD),Current account balance (current US$) (BN.CAB.XOKA.CD),2008 (YR2008),"Source: United Nations Conference on Trade and Development, Balance of Payments Online database."
FootNote,Chad (TCD),Current account balance (current US$) (BN.CAB.XOKA.CD),2013 (YR2013),Gap-filled with countries' balance of payments statistics.
FootNote,Chad (TCD),Current account balance (current US$) (BN.CAB.XOKA.CD),2010 (YR2010),Gap-filled with countries' balance of payments statistics.
FootNote,Chad (TCD),Current account balance (current US$) (BN.CAB.XOKA.CD),2016 (YR2016),Gap-filled with countries' balance of payments statistics.
FootNote,Chad (TCD),Current account balance (current US$) (BN.CAB.XOKA.CD),2012 (YR2012),Gap-filled with countries' balance of payments statistics.
FootNote,Chad (TCD),Current account balance (current US$) (BN.CAB.XOKA.CD),2011 (YR2011),Gap-filled with countries' balance of payments statistics.
FootNote,Chad (TCD),Current account balance (current US$) (BN.CAB.XOKA.CD),2015 (YR2015),Gap-filled with countries' balance of payments statistics.
FootNote,Chad (TCD),Current account balance (current US$) (BN.CAB.XOKA.CD),2014 (YR2014),Gap-filled with countries' balance of payments statistics.
FootNote,Chad (TCD),Current account balance (current US$) (BN.CAB.XOKA.CD),2007 (YR2007),"Source: United Nations Conference on Trade and Development, Balance of Payments Online database."
FootNote,Chad (TCD),Current account balance (current US$) (BN.CAB.XOKA.CD),2009 (YR2009),"Source: United Nations Conference on Trade and Development, Balance of Payments Online database."
FootNote,Chad (TCD),Current account balance (current US$) (BN.CAB.XOKA.CD),2002 (YR2002),"Source: United Nations Conference on Trade and Development, Balance of Payments Online database."
FootNote,Chad (TCD),Current account balance (current US$) (BN.CAB.XOKA.CD),2004 (YR2004),"Source: United Nations Conference on Trade and Development, Balance of Payments Online database."
FootNote,Chad (TCD),Current account balance (current US$) (BN.CAB.XOKA.CD),2003 (YR2003),"Source: United Nations Conference on Trade and Development, Balance of Payments Online database."
FootNote,Chad (TCD),Debt forgiveness or reduction (current US$) (DT.DFR.DPPG.CD),2007 (YR2007),Data include the effects of Enhanced HIPC Initiative.
FootNote,Chad (TCD),"External debt stocks, total (DOD, current US$) (DT.DOD.DECT.CD)",2007 (YR2007),Data include the effects of Enhanced HIPC Initiative.
FootNote,Chad (TCD),"Present value of external debt (% of exports of goods, services and income) (DT.DOD.PVLX.EX.ZS)",2009 (YR2009),Data are from debt sustainability analyses for low-income countries. Present value estimates for these countries are for public and publicly guaranteed debt only.
FootNote,Chad (TCD),Present value of external debt (% of GNI) (DT.DOD.PVLX.GN.ZS),2009 (YR2009),Data are from debt sustainability analyses for low-income countries. Present value estimates for these countries are for public and publicly guaranteed debt only.
FootNote,Chad (TCD),"Personal transfers and compensation of employees, received (current US$) (BX.TRF.PWKR.CD.DT)",2016 (YR2016),Gap-filled with countries' balance of payments statistics.
FootNote,Chad (TCD),Primary income on FDI (current US$) (BX.KLT.DREM.CD.DT),2016 (YR2016),Gap-filled with countries' balance of payments statistics.
FootNote,Chad (TCD),"Foreign direct investment, net inflows in reporting economy (DRS, current US$) (BX.KLT.DINV.CD.DT)",2009 (YR2009),"Source: United Nations Conference on Trade and Development, Foreign Direct Investment Online database."
FootNote,Chad (TCD),"Foreign direct investment, net inflows in reporting economy (DRS, current US$) (BX.KLT.DINV.CD.DT)",2012 (YR2012),"Source: United Nations Conference on Trade and Development, Foreign Direct Investment Online database."
FootNote,Chad (TCD),"Foreign direct investment, net inflows in reporting economy (DRS, current US$) (BX.KLT.DINV.CD.DT)",2001 (YR2001),"Source: United Nations Conference on Trade and Development, Foreign Direct Investment Online database."
FootNote,Chad (TCD),"Foreign direct investment, net inflows in reporting economy (DRS, current US$) (BX.KLT.DINV.CD.DT)",2007 (YR2007),"Source: United Nations Conference on Trade and Development, Foreign Direct Investment Online database."
FootNote,Chad (TCD),"Foreign direct investment, net inflows in reporting economy (DRS, current US$) (BX.KLT.DINV.CD.DT)",2011 (YR2011),"Source: United Nations Conference on Trade and Development, Foreign Direct Investment Online database."
FootNote,Chad (TCD),"Foreign direct investment, net inflows in reporting economy (DRS, current US$) (BX.KLT.DINV.CD.DT)",2006 (YR2006),"Source: United Nations Conference on Trade and Development, Foreign Direct Investment Online database."
FootNote,Chad (TCD),"Foreign direct investment, net inflows in reporting economy (DRS, current US$) (BX.KLT.DINV.CD.DT)",2004 (YR2004),"Source: United Nations Conference on Trade and Development, Foreign Direct Investment Online database."
FootNote,Chad (TCD),"Foreign direct investment, net inflows in reporting economy (DRS, current US$) (BX.KLT.DINV.CD.DT)",2010 (YR2010),"Source: United Nations Conference on Trade and Development, Foreign Direct Investment Online database."
FootNote,Chad (TCD),"Foreign direct investment, net inflows in reporting economy (DRS, current US$) (BX.KLT.DINV.CD.DT)",2013 (YR2013),"Source: United Nations Conference on Trade and Development, Foreign Direct Investment Online database."
FootNote,Chad (TCD),"Foreign direct investment, net inflows in reporting economy (DRS, current US$) (BX.KLT.DINV.CD.DT)",2005 (YR2005),"Source: United Nations Conference on Trade and Development, Foreign Direct Investment Online database."
FootNote,Chad (TCD),"Foreign direct investment, net inflows in reporting economy (DRS, current US$) (BX.KLT.DINV.CD.DT)",2015 (YR2015),"Source: United Nations Conference on Trade and Development, Foreign Direct Investment Online database."
FootNote,Chad (TCD),"Foreign direct investment, net inflows in reporting economy (DRS, current US$) (BX.KLT.DINV.CD.DT)",2003 (YR2003),"Source: United Nations Conference on Trade and Development, Foreign Direct Investment Online database."
FootNote,Chad (TCD),"Foreign direct investment, net inflows in reporting economy (DRS, current US$) (BX.KLT.DINV.CD.DT)",2008 (YR2008),"Source: United Nations Conference on Trade and Development, Foreign Direct Investment Online database."
FootNote,Chad (TCD),"Foreign direct investment, net inflows in reporting economy (DRS, current US$) (BX.KLT.DINV.CD.DT)",2002 (YR2002),"Source: United Nations Conference on Trade and Development, Foreign Direct Investment Online database."
FootNote,Chad (TCD),"Foreign direct investment, net inflows in reporting economy (DRS, current US$) (BX.KLT.DINV.CD.DT)",2014 (YR2014),"Source: United Nations Conference on Trade and Development, Foreign Direct Investment Online database."
FootNote,Chad (TCD),"Foreign direct investment, net inflows in reporting economy (DRS, current US$) (BX.KLT.DINV.CD.DT)",2016 (YR2016),"Source: United Nations Conference on Trade and Development, Foreign Direct Investment Online database."
FootNote,Chad (TCD),"Foreign direct investment, net inflows in reporting economy (DRS, current US$) (BX.KLT.DINV.CD.DT)",1997 (YR1997),"Source: United Nations Conference on Trade and Development, Foreign Direct Investment Online database."
FootNote,Chad (TCD),"Foreign direct investment, net inflows in reporting economy (DRS, current US$) (BX.KLT.DINV.CD.DT)",1996 (YR1996),"Source: United Nations Conference on Trade and Development, Foreign Direct Investment Online database."
FootNote,Chad (TCD),"Foreign direct investment, net inflows in reporting economy (DRS, current US$) (BX.KLT.DINV.CD.DT)",1990 (YR1990),"Source: United Nations Conference on Trade and Development, Foreign Direct Investment Online database."
FootNote,Chad (TCD),"Foreign direct investment, net inflows in reporting economy (DRS, current US$) (BX.KLT.DINV.CD.DT)",1998 (YR1998),"Source: United Nations Conference on Trade and Development, Foreign Direct Investment Online database."
FootNote,Chad (TCD),"Foreign direct investment, net inflows in reporting economy (DRS, current US$) (BX.KLT.DINV.CD.DT)",2000 (YR2000),"Source: United Nations Conference on Trade and Development, Foreign Direct Investment Online database."
FootNote,Chad (TCD),Current account balance (current US$) (BN.CAB.XOKA.CD),2000 (YR2000),"Source: United Nations Conference on Trade and Development, Balance of Payments Online database."
FootNote,Chad (TCD),"Foreign direct investment, net inflows in reporting economy (DRS, current US$) (BX.KLT.DINV.CD.DT)",1995 (YR1995),"Source: United Nations Conference on Trade and Development, Foreign Direct Investment Online database."
FootNote,Chad (TCD),"Foreign direct investment, net inflows in reporting economy (DRS, current US$) (BX.KLT.DINV.CD.DT)",1999 (YR1999),"Source: United Nations Conference on Trade and Development, Foreign Direct Investment Online database."
FootNote,Chad (TCD),"Foreign direct investment, net inflows in reporting economy (DRS, current US$) (BX.KLT.DINV.CD.DT)",1983 (YR1983),"Source: United Nations Conference on Trade and Development, Foreign Direct Investment Online database."
FootNote,Chad (TCD),"Foreign direct investment, net inflows in reporting economy (DRS, current US$) (BX.KLT.DINV.CD.DT)",1982 (YR1982),"Source: United Nations Conference on Trade and Development, Foreign Direct Investment Online database."
FootNote,Chad (TCD),"Foreign direct investment, net inflows in reporting economy (DRS, current US$) (BX.KLT.DINV.CD.DT)",1981 (YR1981),"Source: United Nations Conference on Trade and Development, Foreign Direct Investment Online database."
FootNote,Chad (TCD),"Foreign direct investment, net inflows in reporting economy (DRS, current US$) (BX.KLT.DINV.CD.DT)",1979 (YR1979),"Source: United Nations Conference on Trade and Development, Foreign Direct Investment Online database."
FootNote,Chad (TCD),"Foreign direct investment, net inflows in reporting economy (DRS, current US$) (BX.KLT.DINV.CD.DT)",1980 (YR1980),"Source: United Nations Conference on Trade and Development, Foreign Direct Investment Online database."
FootNote,Comoros (COM),"Imports of goods, services and primary income (current US$) (BM.GSR.TOTL.CD)",2024 (YR2024),Gap-filled with countries' balance of payments statistics.
FootNote,Comoros (COM),"Exports of goods, services and primary income (current US$) (BX.GSR.TOTL.CD)",2024 (YR2024),Gap-filled with countries' balance of payments statistics.
FootNote,Comoros (COM),Current account balance (current US$) (BN.CAB.XOKA.CD),2024 (YR2024),Gap-filled with countries' balance of payments statistics.
FootNote,Comoros (COM),"Foreign direct investment, net inflows in reporting economy (DRS, current US$) (BX.KLT.DINV.CD.DT)",2024 (YR2024),"Source: United Nations Conference on Trade and Development, Foreign Direct Investment Online database."
FootNote,Comoros (COM),"Personal transfers and compensation of employees, received (current US$) (BX.TRF.PWKR.CD.DT)",2024 (YR2024),"Data on Personal Transfers and Compensation of Employees are prepared by World Bank staff based on IMF's Balance of Payments statistics and data releases from central banks, national statistical agencies, and World Bank country desks."
FootNote,Comoros (COM),Primary income on FDI (current US$) (BX.KLT.DREM.CD.DT),2024 (YR2024),Gap-filled with countries' balance of payments statistics.
FootNote,Comoros (COM),"External debt stocks, total (DOD, current US$) (DT.DOD.DECT.CD)",2010 (YR2010),Data include the effects of Enhanced HIPC Initiative.
FootNote,Comoros (COM),"Present value of external debt (% of exports of goods, services and income) (DT.DOD.PVLX.EX.ZS)",2009 (YR2009),Data are from debt sustainability analyses for low-income countries. Present value estimates for these countries are for public and publicly guaranteed debt only.
FootNote,Comoros (COM),Present value of external debt (% of GNI) (DT.DOD.PVLX.GN.ZS),2009 (YR2009),Data are from debt sustainability analyses for low-income countries. Present value estimates for these countries are for public and publicly guaranteed debt only.
FootNote,Comoros (COM),Current account balance (current US$) (BN.CAB.XOKA.CD),2002 (YR2002),"Source: United Nations Conference on Trade and Development, Balance of Payments Online database."
FootNote,Comoros (COM),Current account balance (current US$) (BN.CAB.XOKA.CD),2001 (YR2001),"Source: United Nations Conference on Trade and Development, Balance of Payments Online database."
FootNote,Comoros (COM),Current account balance (current US$) (BN.CAB.XOKA.CD),2013 (YR2013),Gap-filled with countries' balance of payments statistics.
FootNote,Comoros (COM),"Exports of goods, services and primary income (current US$) (BX.GSR.TOTL.CD)",2013 (YR2013),Gap-filled with countries' balance of payments statistics.
FootNote,Comoros (COM),"Imports of goods, services and primary income (current US$) (BM.GSR.TOTL.CD)",2013 (YR2013),Gap-filled with countries' balance of payments statistics.
FootNote,Comoros (COM),"Foreign direct investment, net inflows in reporting economy (DRS, current US$) (BX.KLT.DINV.CD.DT)",2002 (YR2002),"Source: United Nations Conference on Trade and Development, Foreign Direct Investment Online database."
FootNote,Comoros (COM),"Foreign direct investment, net inflows in reporting economy (DRS, current US$) (BX.KLT.DINV.CD.DT)",2001 (YR2001),"Source: United Nations Conference on Trade and Development, Foreign Direct Investment Online database."
FootNote,Comoros (COM),"Foreign direct investment, net inflows in reporting economy (DRS, current US$) (BX.KLT.DINV.CD.DT)",1996 (YR1996),"Source: United Nations Conference on Trade and Development, Foreign Direct Investment Online database."
FootNote,Comoros (COM),Current account balance (current US$) (BN.CAB.XOKA.CD),2000 (YR2000),"Source: United Nations Conference on Trade and Development, Balance of Payments Online database."
FootNote,Comoros (COM),"Foreign direct investment, net inflows in reporting economy (DRS, current US$) (BX.KLT.DINV.CD.DT)",2000 (YR2000),"Source: United Nations Conference on Trade and Development, Foreign Direct Investment Online database."
FootNote,Comoros (COM),"Foreign direct investment, net inflows in reporting economy (DRS, current US$) (BX.KLT.DINV.CD.DT)",1998 (YR1998),"Source: United Nations Conference on Trade and Development, Foreign Direct Investment Online database."
FootNote,Comoros (COM),"Foreign direct investment, net inflows in reporting economy (DRS, current US$) (BX.KLT.DINV.CD.DT)",1997 (YR1997),"Source: United Nations Conference on Trade and Development, Foreign Direct Investment Online database."
FootNote,Comoros (COM),"Foreign direct investment, net inflows in reporting economy (DRS, current US$) (BX.KLT.DINV.CD.DT)",1999 (YR1999),"Source: United Nations Conference on Trade and Development, Foreign Direct Investment Online database."
FootNote,Comoros (COM),"Foreign direct investment, net inflows in reporting economy (DRS, current US$) (BX.KLT.DINV.CD.DT)",1982 (YR1982),"Source: United Nations Conference on Trade and Development, Foreign Direct Investment Online database."
FootNote,"Congo, Dem. Rep. (COD)",Debt forgiveness or reduction (current US$) (DT.DFR.DPPG.CD),2009 (YR2009),Data include the effects of Enhanced HIPC Initiative.
FootNote,"Congo, Dem. Rep. (COD)","External debt stocks, total (DOD, current US$) (DT.DOD.DECT.CD)",2009 (YR2009),Data include the effects of Enhanced HIPC Initiative.
FootNote,"Congo, Dem. Rep. (COD)",Debt forgiveness or reduction (current US$) (DT.DFR.DPPG.CD),2007 (YR2007),Data include the effects of Enhanced HIPC Initiative.
FootNote,"Congo, Dem. Rep. (COD)","External debt stocks, total (DOD, current US$) (DT.DOD.DECT.CD)",2008 (YR2008),Data include the effects of Enhanced HIPC Initiative.
FootNote,"Congo, Dem. Rep. (COD)",Present value of external debt (current US$) (DT.DOD.PVLX.CD),2012 (YR2012),Data are from debt sustainability analyses for low-income countries. Present value estimates for these countries are for public and publicly guaranteed debt only.
FootNote,"Congo, Dem. Rep. (COD)","External debt stocks, total (DOD, current US$) (DT.DOD.DECT.CD)",2010 (YR2010),Data include the effects of MDRI and HIPC debt relief.
FootNote,"Congo, Dem. Rep. (COD)","Present value of external debt (% of exports of goods, services and income) (DT.DOD.PVLX.EX.ZS)",2009 (YR2009),Data are from debt sustainability analyses for low-income countries. Present value estimates for these countries are for public and publicly guaranteed debt only.
FootNote,"Congo, Dem. Rep. (COD)",Debt forgiveness or reduction (current US$) (DT.DFR.DPPG.CD),2008 (YR2008),Data include the effects of Enhanced HIPC Initiative.
FootNote,"Congo, Dem. Rep. (COD)","External debt stocks, total (DOD, current US$) (DT.DOD.DECT.CD)",2007 (YR2007),Data include the effects of Enhanced HIPC Initiative.
FootNote,"Congo, Dem. Rep. (COD)",Present value of external debt (% of GNI) (DT.DOD.PVLX.GN.ZS),2009 (YR2009),Data are from debt sustainability analyses for low-income countries. Present value estimates for these countries are for public and publicly guaranteed debt only.
FootNote,"Congo, Dem. Rep. (COD)",Current account balance (current US$) (BN.CAB.XOKA.CD),2004 (YR2004),"Source: United Nations Conference on Trade and Development, Balance of Payments Online database."
FootNote,"Congo, Dem. Rep. (COD)",Current account balance (current US$) (BN.CAB.XOKA.CD),2002 (YR2002),"Source: United Nations Conference on Trade and Development, Balance of Payments Online database."
FootNote,"Congo, Dem. Rep. (COD)",Current account balance (current US$) (BN.CAB.XOKA.CD),2001 (YR2001),"Source: United Nations Conference on Trade and Development, Balance of Payments Online database."
FootNote,"Congo, Dem. Rep. (COD)",Current account balance (current US$) (BN.CAB.XOKA.CD),2003 (YR2003),"Source: United Nations Conference on Trade and Development, Balance of Payments Online database."
FootNote,"Congo, Dem. Rep. (COD)","Foreign direct investment, net inflows in reporting economy (DRS, current US$) (BX.KLT.DINV.CD.DT)",2002 (YR2002),"Source: United Nations Conference on Trade and Development, Foreign Direct Investment Online database."
FootNote,"Congo, Dem. Rep. (COD)","Foreign direct investment, net inflows in reporting economy (DRS, current US$) (BX.KLT.DINV.CD.DT)",2001 (YR2001),"Source: United Nations Conference on Trade and Development, Foreign Direct Investment Online database."
FootNote,"Congo, Dem. Rep. (COD)","Foreign direct investment, net inflows in reporting economy (DRS, current US$) (BX.KLT.DINV.CD.DT)",2004 (YR2004),"Source: United Nations Conference on Trade and Development, Foreign Direct Investment Online database."
FootNote,"Congo, Dem. Rep. (COD)","Foreign direct investment, net inflows in reporting economy (DRS, current US$) (BX.KLT.DINV.CD.DT)",2003 (YR2003),"Source: United Nations Conference on Trade and Development, Foreign Direct Investment Online database."
FootNote,"Congo, Dem. Rep. (COD)","Foreign direct investment, net inflows in reporting economy (DRS, current US$) (BX.KLT.DINV.CD.DT)",2000 (YR2000),"Source: United Nations Conference on Trade and Development, Foreign Direct Investment Online database."
FootNote,"Congo, Dem. Rep. (COD)",Current account balance (current US$) (BN.CAB.XOKA.CD),2000 (YR2000),"Source: United Nations Conference on Trade and Development, Balance of Payments Online database."
FootNote,"Congo, Dem. Rep. (COD)","Foreign direct investment, net inflows in reporting economy (DRS, current US$) (BX.KLT.DINV.CD.DT)",1992 (YR1992),"Source: United Nations Conference on Trade and Development, Foreign Direct Investment Online database."
FootNote,"Congo, Dem. Rep. (COD)","Foreign direct investment, net inflows in reporting economy (DRS, current US$) (BX.KLT.DINV.CD.DT)",1996 (YR1996),"Source: United Nations Conference on Trade and Development, Foreign Direct Investment Online database."
FootNote,"Congo, Dem. Rep. (COD)","Foreign direct investment, net inflows in reporting economy (DRS, current US$) (BX.KLT.DINV.CD.DT)",1997 (YR1997),"Source: United Nations Conference on Trade and Development, Foreign Direct Investment Online database."
FootNote,"Congo, Dem. Rep. (COD)","Foreign direct investment, net inflows in reporting economy (DRS, current US$) (BX.KLT.DINV.CD.DT)",1998 (YR1998),"Source: United Nations Conference on Trade and Development, Foreign Direct Investment Online database."
FootNote,"Congo, Dem. Rep. (COD)","Foreign direct investment, net inflows in reporting economy (DRS, current US$) (BX.KLT.DINV.CD.DT)",1991 (YR1991),"Source: United Nations Conference on Trade and Development, Foreign Direct Investment Online database."
FootNote,"Congo, Dem. Rep. (COD)","Foreign direct investment, net inflows in reporting economy (DRS, current US$) (BX.KLT.DINV.CD.DT)",1993 (YR1993),"Source: United Nations Conference on Trade and Development, Foreign Direct Investment Online database."
FootNote,"Congo, Dem. Rep. (COD)","Foreign direct investment, net inflows in reporting economy (DRS, current US$) (BX.KLT.DINV.CD.DT)",1994 (YR1994),"Source: United Nations Conference on Trade and Development, Foreign Direct Investment Online database."
FootNote,"Congo, Dem. Rep. (COD)","Foreign direct investment, net inflows in reporting economy (DRS, current US$) (BX.KLT.DINV.CD.DT)",1995 (YR1995),"Source: United Nations Conference on Trade and Development, Foreign Direct Investment Online database."
FootNote,"Congo, Dem. Rep. (COD)","Foreign direct investment, net inflows in reporting economy (DRS, current US$) (BX.KLT.DINV.CD.DT)",1999 (YR1999),"Source: United Nations Conference on Trade and Development, Foreign Direct Investment Online database."
FootNote,"Congo, Dem. Rep. (COD)","Foreign direct investment, net inflows in reporting economy (DRS, current US$) (BX.KLT.DINV.CD.DT)",1990 (YR1990),"Source: United Nations Conference on Trade and Development, Foreign Direct Investment Online database."
FootNote,"Congo, Dem. Rep. (COD)","Foreign direct investment, net inflows in reporting economy (DRS, current US$) (BX.KLT.DINV.CD.DT)",1986 (YR1986),"Source: United Nations Conference on Trade and Development, Foreign Direct Investment Online database."
FootNote,"Congo, Dem. Rep. (COD)","Foreign direct investment, net inflows in reporting economy (DRS, current US$) (BX.KLT.DINV.CD.DT)",1985 (YR1985),"Source: United Nations Conference on Trade and Development, Foreign Direct Investment Online database."
FootNote,"Congo, Dem. Rep. (COD)","Foreign direct investment, net inflows in reporting economy (DRS, current US$) (BX.KLT.DINV.CD.DT)",1987 (YR1987),"Source: United Nations Conference on Trade and Development, Foreign Direct Investment Online database."
FootNote,"Congo, Dem. Rep. (COD)","Foreign direct investment, net inflows in reporting economy (DRS, current US$) (BX.KLT.DINV.CD.DT)",1988 (YR1988),"Source: United Nations Conference on Trade and Development, Foreign Direct Investment Online database."
FootNote,"Congo, Dem. Rep. (COD)","Foreign direct investment, net inflows in reporting economy (DRS, current US$) (BX.KLT.DINV.CD.DT)",1989 (YR1989),"Source: United Nations Conference on Trade and Development, Foreign Direct Investment Online database."
FootNote,"Congo, Dem. Rep. (COD)","Foreign direct investment, net inflows in reporting economy (DRS, current US$) (BX.KLT.DINV.CD.DT)",1970 (YR1970),"Source: United Nations Conference on Trade and Development, Foreign Direct Investment Online database."
FootNote,"Congo, Dem. Rep. (COD)","Foreign direct investment, net inflows in reporting economy (DRS, current US$) (BX.KLT.DINV.CD.DT)",1973 (YR1973),"Source: United Nations Conference on Trade and Development, Foreign Direct Investment Online database."
FootNote,"Congo, Dem. Rep. (COD)","Foreign direct investment, net inflows in reporting economy (DRS, current US$) (BX.KLT.DINV.CD.DT)",1971 (YR1971),"Source: United Nations Conference on Trade and Development, Foreign Direct Investment Online database."
FootNote,"Congo, Dem. Rep. (COD)","Foreign direct investment, net inflows in reporting economy (DRS, current US$) (BX.KLT.DINV.CD.DT)",1976 (YR1976),"Source: United Nations Conference on Trade and Development, Foreign Direct Investment Online database."
FootNote,"Congo, Dem. Rep. (COD)","Foreign direct investment, net inflows in reporting economy (DRS, current US$) (BX.KLT.DINV.CD.DT)",1979 (YR1979),"Source: United Nations Conference on Trade and Development, Foreign Direct Investment Online database."
FootNote,"Congo, Dem. Rep. (COD)","Foreign direct investment, net inflows in reporting economy (DRS, current US$) (BX.KLT.DINV.CD.DT)",1977 (YR1977),"Source: United Nations Conference on Trade and Development, Foreign Direct Investment Online database."
FootNote,"Congo, Dem. Rep. (COD)","Foreign direct investment, net inflows in reporting economy (DRS, current US$) (BX.KLT.DINV.CD.DT)",1974 (YR1974),"Source: United Nations Conference on Trade and Development, Foreign Direct Investment Online database."
FootNote,"Congo, Dem. Rep. (COD)","Foreign direct investment, net inflows in reporting economy (DRS, current US$) (BX.KLT.DINV.CD.DT)",1980 (YR1980),"Source: United Nations Conference on Trade and Development, Foreign Direct Investment Online database."
FootNote,"Congo, Dem. Rep. (COD)","Foreign direct investment, net inflows in reporting economy (DRS, current US$) (BX.KLT.DINV.CD.DT)",1975 (YR1975),"Source: United Nations Conference on Trade and Development, Foreign Direct Investment Online database."
FootNote,"Congo, Dem. Rep. (COD)","Foreign direct investment, net inflows in reporting economy (DRS, current US$) (BX.KLT.DINV.CD.DT)",1982 (YR1982),"Source: United Nations Conference on Trade and Development, Foreign Direct Investment Online database."
FootNote,"Congo, Dem. Rep. (COD)","Foreign direct investment, net inflows in reporting economy (DRS, current US$) (BX.KLT.DINV.CD.DT)",1981 (YR1981),"Source: United Nations Conference on Trade and Development, Foreign Direct Investment Online database."
FootNote,"Congo, Dem. Rep. (COD)","Foreign direct investment, net inflows in reporting economy (DRS, current US$) (BX.KLT.DINV.CD.DT)",1978 (YR1978),"Source: United Nations Conference on Trade and Development, Foreign Direct Investment Online database."
FootNote,"Congo, Dem. Rep. (COD)","Foreign direct investment, net inflows in reporting economy (DRS, current US$) (BX.KLT.DINV.CD.DT)",1984 (YR1984),"Source: United Nations Conference on Trade and Development, Foreign Direct Investment Online database."
FootNote,"Congo, Dem. Rep. (COD)","Foreign direct investment, net inflows in reporting economy (DRS, current US$) (BX.KLT.DINV.CD.DT)",1983 (YR1983),"Source: United Nations Conference on Trade and Development, Foreign Direct Investment Online database."
FootNote,"Congo, Dem. Rep. (COD)","Foreign direct investment, net inflows in reporting economy (DRS, current US$) (BX.KLT.DINV.CD.DT)",1972 (YR1972),"Source: United Nations Conference on Trade and Development, Foreign Direct Investment Online database."
FootNote,"Congo, Rep. (COG)","Personal transfers and compensation of employees, received (current US$) (BX.TRF.PWKR.CD.DT)",2024 (YR2024),"Data on Personal Transfers and Compensation of Employees are prepared by World Bank staff based on IMF's Balance of Payments statistics and data releases from central banks, national statistical agencies, and World Bank country desks."
FootNote,"Congo, Rep. (COG)","Personal transfers and compensation of employees, received (current US$) (BX.TRF.PWKR.CD.DT)",2023 (YR2023),"Source: United Nations Conference on Trade and Development, Balance of Payments Online database."
FootNote,"Congo, Rep. (COG)","Personal transfers and compensation of employees, received (current US$) (BX.TRF.PWKR.CD.DT)",2018 (YR2018),"Source: United Nations Conference on Trade and Development, Balance of Payments Online database."
FootNote,"Congo, Rep. (COG)","Foreign direct investment, net inflows in reporting economy (DRS, current US$) (BX.KLT.DINV.CD.DT)",2017 (YR2017),"Source: United Nations Conference on Trade and Development, Foreign Direct Investment Online database."
FootNote,"Congo, Rep. (COG)","Foreign direct investment, net inflows in reporting economy (DRS, current US$) (BX.KLT.DINV.CD.DT)",2022 (YR2022),"Source: United Nations Conference on Trade and Development, Foreign Direct Investment Online database."
FootNote,"Congo, Rep. (COG)","Foreign direct investment, net inflows in reporting economy (DRS, current US$) (BX.KLT.DINV.CD.DT)",2024 (YR2024),"Source: United Nations Conference on Trade and Development, Foreign Direct Investment Online database."
FootNote,"Congo, Rep. (COG)","Foreign direct investment, net inflows in reporting economy (DRS, current US$) (BX.KLT.DINV.CD.DT)",2018 (YR2018),"Source: United Nations Conference on Trade and Development, Foreign Direct Investment Online database."
FootNote,"Congo, Rep. (COG)","Personal transfers and compensation of employees, received (current US$) (BX.TRF.PWKR.CD.DT)",2017 (YR2017),"Source: United Nations Conference on Trade and Development, Balance of Payments Online database."
FootNote,"Congo, Rep. (COG)","Personal transfers and compensation of employees, received (current US$) (BX.TRF.PWKR.CD.DT)",2022 (YR2022),"Source: United Nations Conference on Trade and Development, Balance of Payments Online database."
FootNote,"Congo, Rep. (COG)","Foreign direct investment, net inflows in reporting economy (DRS, current US$) (BX.KLT.DINV.CD.DT)",2023 (YR2023),"Source: United Nations Conference on Trade and Development, Foreign Direct Investment Online database."
FootNote,"Congo, Rep. (COG)","Exports of goods, services and primary income (current US$) (BX.GSR.TOTL.CD)",2022 (YR2022),"Data are prepared by World Bank staff based on IMF's Balance of Payments statistics and data releases from central banks, national statistical agencies, and World Bank country desks."
FootNote,"Congo, Rep. (COG)",Current account balance (current US$) (BN.CAB.XOKA.CD),2017 (YR2017),Gap-filled with countries' balance of payments statistics.
FootNote,"Congo, Rep. (COG)",Current account balance (current US$) (BN.CAB.XOKA.CD),2022 (YR2022),Gap-filled with countries' balance of payments statistics.
FootNote,"Congo, Rep. (COG)",Current account balance (current US$) (BN.CAB.XOKA.CD),2024 (YR2024),Gap-filled with countries' balance of payments statistics.
FootNote,"Congo, Rep. (COG)",Current account balance (current US$) (BN.CAB.XOKA.CD),2023 (YR2023),Gap-filled with countries' balance of payments statistics.
FootNote,"Congo, Rep. (COG)",Current account balance (current US$) (BN.CAB.XOKA.CD),2018 (YR2018),Gap-filled with countries' balance of payments statistics.
FootNote,"Congo, Rep. (COG)","Exports of goods, services and primary income (current US$) (BX.GSR.TOTL.CD)",2023 (YR2023),"Data are prepared by World Bank staff based on IMF's Balance of Payments statistics and data releases from central banks, national statistical agencies, and World Bank country desks."
FootNote,"Congo, Rep. (COG)","Exports of goods, services and primary income (current US$) (BX.GSR.TOTL.CD)",2024 (YR2024),"Data are prepared by World Bank staff based on IMF's Balance of Payments statistics and data releases from central banks, national statistical agencies, and World Bank country desks."
FootNote,"Congo, Rep. (COG)","Imports of goods, services and primary income (current US$) (BM.GSR.TOTL.CD)",2024 (YR2024),"Data are prepared by World Bank staff based on IMF's Balance of Payments statistics and data releases from central banks, national statistical agencies, and World Bank country desks."
FootNote,"Congo, Rep. (COG)","Imports of goods, services and primary income (current US$) (BM.GSR.TOTL.CD)",2022 (YR2022),"Data are prepared by World Bank staff based on IMF's Balance of Payments statistics and data releases from central banks, national statistical agencies, and World Bank country desks."
FootNote,"Congo, Rep. (COG)","Imports of goods, services and primary income (current US$) (BM.GSR.TOTL.CD)",2023 (YR2023),"Data are prepared by World Bank staff based on IMF's Balance of Payments statistics and data releases from central banks, national statistical agencies, and World Bank country desks."
FootNote,"Congo, Rep. (COG)","Present value of external debt (% of exports of goods, services and income) (DT.DOD.PVLX.EX.ZS)",2009 (YR2009),Data are from debt sustainability analyses for low-income countries. Present value estimates for these countries are for public and publicly guaranteed debt only.
FootNote,"Congo, Rep. (COG)",Present value of external debt (% of GNI) (DT.DOD.PVLX.GN.ZS),2009 (YR2009),Data are from debt sustainability analyses for low-income countries. Present value estimates for these countries are for public and publicly guaranteed debt only.
FootNote,"Congo, Rep. (COG)","External debt stocks, total (DOD, current US$) (DT.DOD.DECT.CD)",2009 (YR2009),Data include the effects of Enhanced HIPC Initiative.
FootNote,"Congo, Rep. (COG)",Debt forgiveness or reduction (current US$) (DT.DFR.DPPG.CD),2007 (YR2007),Data include the effects of Enhanced HIPC Initiative.
FootNote,"Congo, Rep. (COG)",Debt forgiveness or reduction (current US$) (DT.DFR.DPPG.CD),2008 (YR2008),Data include the effects of Enhanced HIPC Initiative.
FootNote,"Congo, Rep. (COG)",Debt forgiveness or reduction (current US$) (DT.DFR.DPPG.CD),2009 (YR2009),Data include the effects of Enhanced HIPC Initiative.
FootNote,"Congo, Rep. (COG)","External debt stocks, total (DOD, current US$) (DT.DOD.DECT.CD)",2007 (YR2007),Data include the effects of Enhanced HIPC Initiative and London Club debt restructuring agreement.
FootNote,"Congo, Rep. (COG)","External debt stocks, total (DOD, current US$) (DT.DOD.DECT.CD)",2008 (YR2008),Data include the effects of Enhanced HIPC Initiative and Paris Club debt restructuring agreement.
FootNote,"Congo, Rep. (COG)","External debt stocks, total (DOD, current US$) (DT.DOD.DECT.CD)",2010 (YR2010),Data include the effects of MDRI and HIPC debt relief.
FootNote,"Congo, Rep. (COG)","Foreign direct investment, net inflows in reporting economy (DRS, current US$) (BX.KLT.DINV.CD.DT)",1989 (YR1989),"Source: United Nations Conference on Trade and Development, Foreign Direct Investment Online database."
FootNote,"Congo, Rep. (COG)","Foreign direct investment, net inflows in reporting economy (DRS, current US$) (BX.KLT.DINV.CD.DT)",1990 (YR1990),"Source: United Nations Conference on Trade and Development, Foreign Direct Investment Online database."
FootNote,"Congo, Rep. (COG)","Foreign direct investment, net inflows in reporting economy (DRS, current US$) (BX.KLT.DINV.CD.DT)",1991 (YR1991),"Source: United Nations Conference on Trade and Development, Foreign Direct Investment Online database."
FootNote,"Congo, Rep. (COG)","Foreign direct investment, net inflows in reporting economy (DRS, current US$) (BX.KLT.DINV.CD.DT)",1994 (YR1994),"Source: United Nations Conference on Trade and Development, Foreign Direct Investment Online database."
FootNote,"Congo, Rep. (COG)","Foreign direct investment, net inflows in reporting economy (DRS, current US$) (BX.KLT.DINV.CD.DT)",1992 (YR1992),"Source: United Nations Conference on Trade and Development, Foreign Direct Investment Online database."
FootNote,"Congo, Rep. (COG)","Foreign direct investment, net inflows in reporting economy (DRS, current US$) (BX.KLT.DINV.CD.DT)",1993 (YR1993),"Source: United Nations Conference on Trade and Development, Foreign Direct Investment Online database."
FootNote,C�te d'Ivoire (CIV),"Foreign direct investment, net inflows in reporting economy (DRS, current US$) (BX.KLT.DINV.CD.DT)",2024 (YR2024),"Source: United Nations Conference on Trade and Development, Foreign Direct Investment Online database."
FootNote,C�te d'Ivoire (CIV),"Personal transfers and compensation of employees, received (current US$) (BX.TRF.PWKR.CD.DT)",2024 (YR2024),"Data on Personal Transfers and Compensation of Employees are prepared by World Bank staff based on IMF's Balance of Payments statistics and data releases from central banks, national statistical agencies, and World Bank country desks."
FootNote,C�te d'Ivoire (CIV),"Personal transfers and compensation of employees, received (current US$) (BX.TRF.PWKR.CD.DT)",2023 (YR2023),"Source: United Nations Conference on Trade and Development, Balance of Payments Online database."
FootNote,C�te d'Ivoire (CIV),"Imports of goods, services and primary income (current US$) (BM.GSR.TOTL.CD)",2024 (YR2024),Gap-filled with countries' balance of payments statistics.
FootNote,C�te d'Ivoire (CIV),"Exports of goods, services and primary income (current US$) (BX.GSR.TOTL.CD)",2023 (YR2023),Gap-filled with countries' balance of payments statistics.
FootNote,C�te d'Ivoire (CIV),"Exports of goods, services and primary income (current US$) (BX.GSR.TOTL.CD)",2024 (YR2024),Gap-filled with countries' balance of payments statistics.
FootNote,C�te d'Ivoire (CIV),Current account balance (current US$) (BN.CAB.XOKA.CD),2024 (YR2024),Gap-filled with countries' balance of payments statistics.
FootNote,C�te d'Ivoire (CIV),Current account balance (current US$) (BN.CAB.XOKA.CD),2023 (YR2023),Gap-filled with countries' balance of payments statistics.
FootNote,C�te d'Ivoire (CIV),"External debt stocks, total (DOD, current US$) (DT.DOD.DECT.CD)",2009 (YR2009),Data include the effects of Paris Club debt restructuring agreements.
FootNote,C�te d'Ivoire (CIV),"Present value of external debt (% of exports of goods, services and income) (DT.DOD.PVLX.EX.ZS)",2009 (YR2009),Data are from debt sustainability analyses for low-income countries. Present value estimates for these countries are for public and publicly guaranteed debt only.
FootNote,C�te d'Ivoire (CIV),Present value of external debt (% of GNI) (DT.DOD.PVLX.GN.ZS),2009 (YR2009),Data are from debt sustainability analyses for low-income countries. Present value estimates for these countries are for public and publicly guaranteed debt only.
FootNote,C�te d'Ivoire (CIV),Current account balance (current US$) (BN.CAB.XOKA.CD),2001 (YR2001),"Source: United Nations Conference on Trade and Development, Balance of Payments Online database."
FootNote,C�te d'Ivoire (CIV),Current account balance (current US$) (BN.CAB.XOKA.CD),2003 (YR2003),"Source: United Nations Conference on Trade and Development, Balance of Payments Online database."
FootNote,C�te d'Ivoire (CIV),Current account balance (current US$) (BN.CAB.XOKA.CD),2004 (YR2004),"Source: United Nations Conference on Trade and Development, Balance of Payments Online database."
FootNote,C�te d'Ivoire (CIV),Current account balance (current US$) (BN.CAB.XOKA.CD),2002 (YR2002),"Source: United Nations Conference on Trade and Development, Balance of Payments Online database."
FootNote,C�te d'Ivoire (CIV),"Imports of goods, services and primary income (current US$) (BM.GSR.TOTL.CD)",2002 (YR2002),"Source: United Nations Conference on Trade and Development, Balance of Payments Online database."
FootNote,C�te d'Ivoire (CIV),"Imports of goods, services and primary income (current US$) (BM.GSR.TOTL.CD)",2003 (YR2003),"Source: United Nations Conference on Trade and Development, Balance of Payments Online database."
FootNote,C�te d'Ivoire (CIV),"Foreign direct investment, net inflows in reporting economy (DRS, current US$) (BX.KLT.DINV.CD.DT)",2003 (YR2003),"Source: United Nations Conference on Trade and Development, Foreign Direct Investment Online database."
FootNote,C�te d'Ivoire (CIV),"Foreign direct investment, net inflows in reporting economy (DRS, current US$) (BX.KLT.DINV.CD.DT)",2004 (YR2004),"Source: United Nations Conference on Trade and Development, Foreign Direct Investment Online database."
FootNote,C�te d'Ivoire (CIV),"Total reserves (includes gold, current US$) (FI.RES.TOTL.CD)",2012 (YR2012),Gap-filled with countries' balance of payments statistics.
FootNote,C�te d'Ivoire (CIV),"Total reserves (includes gold, current US$) (FI.RES.TOTL.CD)",2007 (YR2007),Gap-filled with countries' balance of payments statistics.
FootNote,C�te d'Ivoire (CIV),"Total reserves (includes gold, current US$) (FI.RES.TOTL.CD)",2016 (YR2016),Gap-filled with countries' balance of payments statistics.
FootNote,C�te d'Ivoire (CIV),"Total reserves (includes gold, current US$) (FI.RES.TOTL.CD)",2010 (YR2010),Gap-filled with countries' balance of payments statistics.
FootNote,C�te d'Ivoire (CIV),"Total reserves (includes gold, current US$) (FI.RES.TOTL.CD)",2006 (YR2006),Gap-filled with countries' balance of payments statistics.
FootNote,C�te d'Ivoire (CIV),"Total reserves (includes gold, current US$) (FI.RES.TOTL.CD)",2013 (YR2013),Gap-filled with countries' balance of payments statistics.
FootNote,C�te d'Ivoire (CIV),"Total reserves (includes gold, current US$) (FI.RES.TOTL.CD)",2011 (YR2011),Gap-filled with countries' balance of payments statistics.
FootNote,C�te d'Ivoire (CIV),"Total reserves (includes gold, current US$) (FI.RES.TOTL.CD)",2005 (YR2005),Gap-filled with countries' balance of payments statistics.
FootNote,C�te d'Ivoire (CIV),"Total reserves (includes gold, current US$) (FI.RES.TOTL.CD)",2015 (YR2015),Gap-filled with countries' balance of payments statistics.
FootNote,C�te d'Ivoire (CIV),"Total reserves (includes gold, current US$) (FI.RES.TOTL.CD)",2008 (YR2008),Gap-filled with countries' balance of payments statistics.
FootNote,C�te d'Ivoire (CIV),"Total reserves (includes gold, current US$) (FI.RES.TOTL.CD)",2002 (YR2002),Gap-filled with countries' balance of payments statistics.
FootNote,C�te d'Ivoire (CIV),"Total reserves (includes gold, current US$) (FI.RES.TOTL.CD)",2004 (YR2004),Gap-filled with countries' balance of payments statistics.
FootNote,C�te d'Ivoire (CIV),"Total reserves (includes gold, current US$) (FI.RES.TOTL.CD)",2003 (YR2003),Gap-filled with countries' balance of payments statistics.
FootNote,C�te d'Ivoire (CIV),"Total reserves (includes gold, current US$) (FI.RES.TOTL.CD)",2009 (YR2009),Gap-filled with countries' balance of payments statistics.
FootNote,C�te d'Ivoire (CIV),"Total reserves (includes gold, current US$) (FI.RES.TOTL.CD)",2014 (YR2014),Gap-filled with countries' balance of payments statistics.
FootNote,C�te d'Ivoire (CIV),"Total reserves (includes gold, current US$) (FI.RES.TOTL.CD)",2001 (YR2001),Gap-filled with countries' balance of payments statistics.
FootNote,C�te d'Ivoire (CIV),"Foreign direct investment, net inflows in reporting economy (DRS, current US$) (BX.KLT.DINV.CD.DT)",2001 (YR2001),"Source: United Nations Conference on Trade and Development, Foreign Direct Investment Online database."
FootNote,C�te d'Ivoire (CIV),"Imports of goods, services and primary income (current US$) (BM.GSR.TOTL.CD)",2004 (YR2004),"Source: United Nations Conference on Trade and Development, Balance of Payments Online database."
FootNote,C�te d'Ivoire (CIV),"Imports of goods, services and primary income (current US$) (BM.GSR.TOTL.CD)",2001 (YR2001),"Source: United Nations Conference on Trade and Development, Balance of Payments Online database."
FootNote,C�te d'Ivoire (CIV),"Foreign direct investment, net inflows in reporting economy (DRS, current US$) (BX.KLT.DINV.CD.DT)",2002 (YR2002),"Source: United Nations Conference on Trade and Development, Foreign Direct Investment Online database."
FootNote,C�te d'Ivoire (CIV),Current account balance (current US$) (BN.CAB.XOKA.CD),2000 (YR2000),"Source: United Nations Conference on Trade and Development, Balance of Payments Online database."
FootNote,C�te d'Ivoire (CIV),"Imports of goods, services and primary income (current US$) (BM.GSR.TOTL.CD)",2000 (YR2000),"Source: United Nations Conference on Trade and Development, Balance of Payments Online database."
FootNote,C�te d'Ivoire (CIV),"Foreign direct investment, net inflows in reporting economy (DRS, current US$) (BX.KLT.DINV.CD.DT)",2000 (YR2000),"Source: United Nations Conference on Trade and Development, Foreign Direct Investment Online database."
FootNote,C�te d'Ivoire (CIV),"Total reserves (includes gold, current US$) (FI.RES.TOTL.CD)",2000 (YR2000),Gap-filled with countries' balance of payments statistics.
FootNote,Djibouti (DJI),"External debt stocks, total (DOD, current US$) (DT.DOD.DECT.CD)",2008 (YR2008),Data include the effects of Paris Club debt restructuring agreement.
FootNote,Dominica (DMA),"Foreign direct investment, net inflows in reporting economy (DRS, current US$) (BX.KLT.DINV.CD.DT)",1977 (YR1977),"Source: United Nations Conference on Trade and Development, Foreign Direct Investment Online database."
FootNote,Dominica (DMA),"Foreign direct investment, net inflows in reporting economy (DRS, current US$) (BX.KLT.DINV.CD.DT)",1981 (YR1981),"Source: United Nations Conference on Trade and Development, Foreign Direct Investment Online database."
FootNote,Dominican Republic (DOM),"External debt stocks, total (DOD, current US$) (DT.DOD.DECT.CD)",2005 (YR2005),Data include the effects of Paris Club debt restructuring agreement.
FootNote,"Egypt, Arab Rep. (EGY)","Foreign direct investment, net inflows in reporting economy (DRS, current US$) (BX.KLT.DINV.CD.DT)",2023 (YR2023),"Source: United Nations Conference on Trade and Development, Foreign Direct Investment Online database."
FootNote,"Egypt, Arab Rep. (EGY)","Foreign direct investment, net inflows in reporting economy (DRS, current US$) (BX.KLT.DINV.CD.DT)",2020 (YR2020),"Source: United Nations Conference on Trade and Development, Foreign Direct Investment Online database."
FootNote,"Egypt, Arab Rep. (EGY)","Foreign direct investment, net inflows in reporting economy (DRS, current US$) (BX.KLT.DINV.CD.DT)",2017 (YR2017),"Source: United Nations Conference on Trade and Development, Foreign Direct Investment Online database."
FootNote,"Egypt, Arab Rep. (EGY)","Foreign direct investment, net inflows in reporting economy (DRS, current US$) (BX.KLT.DINV.CD.DT)",2022 (YR2022),"Source: United Nations Conference on Trade and Development, Foreign Direct Investment Online database."
FootNote,"Egypt, Arab Rep. (EGY)","Foreign direct investment, net inflows in reporting economy (DRS, current US$) (BX.KLT.DINV.CD.DT)",2018 (YR2018),"Source: United Nations Conference on Trade and Development, Foreign Direct Investment Online database."
FootNote,"Egypt, Arab Rep. (EGY)","Foreign direct investment, net inflows in reporting economy (DRS, current US$) (BX.KLT.DINV.CD.DT)",2021 (YR2021),"Source: United Nations Conference on Trade and Development, Foreign Direct Investment Online database."
FootNote,"Egypt, Arab Rep. (EGY)","Foreign direct investment, net inflows in reporting economy (DRS, current US$) (BX.KLT.DINV.CD.DT)",2019 (YR2019),"Source: United Nations Conference on Trade and Development, Foreign Direct Investment Online database."
FootNote,"Egypt, Arab Rep. (EGY)","Foreign direct investment, net inflows in reporting economy (DRS, current US$) (BX.KLT.DINV.CD.DT)",2024 (YR2024),"Source: United Nations Conference on Trade and Development, Foreign Direct Investment Online database."
FootNote,"Egypt, Arab Rep. (EGY)","Foreign direct investment, net inflows in reporting economy (DRS, current US$) (BX.KLT.DINV.CD.DT)",2015 (YR2015),"Source: United Nations Conference on Trade and Development, Foreign Direct Investment Online database."
FootNote,"Egypt, Arab Rep. (EGY)","Foreign direct investment, net inflows in reporting economy (DRS, current US$) (BX.KLT.DINV.CD.DT)",2014 (YR2014),"Source: United Nations Conference on Trade and Development, Foreign Direct Investment Online database."
FootNote,"Egypt, Arab Rep. (EGY)","Foreign direct investment, net inflows in reporting economy (DRS, current US$) (BX.KLT.DINV.CD.DT)",2003 (YR2003),"Source: United Nations Conference on Trade and Development, Foreign Direct Investment Online database."
FootNote,"Egypt, Arab Rep. (EGY)","Foreign direct investment, net inflows in reporting economy (DRS, current US$) (BX.KLT.DINV.CD.DT)",2002 (YR2002),"Source: United Nations Conference on Trade and Development, Foreign Direct Investment Online database."
FootNote,"Egypt, Arab Rep. (EGY)","Foreign direct investment, net inflows in reporting economy (DRS, current US$) (BX.KLT.DINV.CD.DT)",2005 (YR2005),"Source: United Nations Conference on Trade and Development, Foreign Direct Investment Online database."
FootNote,"Egypt, Arab Rep. (EGY)","Foreign direct investment, net inflows in reporting economy (DRS, current US$) (BX.KLT.DINV.CD.DT)",2016 (YR2016),"Source: United Nations Conference on Trade and Development, Foreign Direct Investment Online database."
FootNote,"Egypt, Arab Rep. (EGY)","Foreign direct investment, net inflows in reporting economy (DRS, current US$) (BX.KLT.DINV.CD.DT)",2012 (YR2012),"Source: United Nations Conference on Trade and Development, Foreign Direct Investment Online database."
FootNote,"Egypt, Arab Rep. (EGY)","Foreign direct investment, net inflows in reporting economy (DRS, current US$) (BX.KLT.DINV.CD.DT)",2004 (YR2004),"Source: United Nations Conference on Trade and Development, Foreign Direct Investment Online database."
FootNote,"Egypt, Arab Rep. (EGY)","Foreign direct investment, net inflows in reporting economy (DRS, current US$) (BX.KLT.DINV.CD.DT)",2010 (YR2010),"Source: United Nations Conference on Trade and Development, Foreign Direct Investment Online database."
FootNote,"Egypt, Arab Rep. (EGY)","Foreign direct investment, net inflows in reporting economy (DRS, current US$) (BX.KLT.DINV.CD.DT)",2009 (YR2009),"Source: United Nations Conference on Trade and Development, Foreign Direct Investment Online database."
FootNote,"Egypt, Arab Rep. (EGY)","Foreign direct investment, net inflows in reporting economy (DRS, current US$) (BX.KLT.DINV.CD.DT)",2013 (YR2013),"Source: United Nations Conference on Trade and Development, Foreign Direct Investment Online database."
FootNote,"Egypt, Arab Rep. (EGY)","Foreign direct investment, net inflows in reporting economy (DRS, current US$) (BX.KLT.DINV.CD.DT)",2006 (YR2006),"Source: United Nations Conference on Trade and Development, Foreign Direct Investment Online database."
FootNote,"Egypt, Arab Rep. (EGY)","Foreign direct investment, net inflows in reporting economy (DRS, current US$) (BX.KLT.DINV.CD.DT)",2001 (YR2001),"Source: United Nations Conference on Trade and Development, Foreign Direct Investment Online database."
FootNote,"Egypt, Arab Rep. (EGY)","Foreign direct investment, net inflows in reporting economy (DRS, current US$) (BX.KLT.DINV.CD.DT)",2011 (YR2011),"Source: United Nations Conference on Trade and Development, Foreign Direct Investment Online database."
FootNote,"Egypt, Arab Rep. (EGY)","Foreign direct investment, net inflows in reporting economy (DRS, current US$) (BX.KLT.DINV.CD.DT)",2008 (YR2008),"Source: United Nations Conference on Trade and Development, Foreign Direct Investment Online database."
FootNote,"Egypt, Arab Rep. (EGY)","Foreign direct investment, net inflows in reporting economy (DRS, current US$) (BX.KLT.DINV.CD.DT)",2007 (YR2007),"Source: United Nations Conference on Trade and Development, Foreign Direct Investment Online database."
FootNote,"Egypt, Arab Rep. (EGY)","Foreign direct investment, net inflows in reporting economy (DRS, current US$) (BX.KLT.DINV.CD.DT)",2000 (YR2000),"Source: United Nations Conference on Trade and Development, Foreign Direct Investment Online database."
FootNote,El Salvador (SLV),"Foreign direct investment, net inflows in reporting economy (DRS, current US$) (BX.KLT.DINV.CD.DT)",1994 (YR1994),"Source: United Nations Conference on Trade and Development, Foreign Direct Investment Online database."
FootNote,Equatorial Guinea (GNQ),Primary income on FDI (current US$) (BX.KLT.DREM.CD.DT),2018 (YR2018),Gap-filled with countries' balance of payments statistics.
FootNote,Equatorial Guinea (GNQ),Primary income on FDI (current US$) (BX.KLT.DREM.CD.DT),2022 (YR2022),Gap-filled with countries' balance of payments statistics.
FootNote,Equatorial Guinea (GNQ),Primary income on FDI (current US$) (BX.KLT.DREM.CD.DT),2019 (YR2019),Gap-filled with countries' balance of payments statistics.
FootNote,Equatorial Guinea (GNQ),Primary income on FDI (current US$) (BX.KLT.DREM.CD.DT),2021 (YR2021),Gap-filled with countries' balance of payments statistics.
FootNote,Equatorial Guinea (GNQ),Primary income on FDI (current US$) (BX.KLT.DREM.CD.DT),2017 (YR2017),Gap-filled with countries' balance of payments statistics.
FootNote,Equatorial Guinea (GNQ),Primary income on FDI (current US$) (BX.KLT.DREM.CD.DT),2020 (YR2020),Gap-filled with countries' balance of payments statistics.
FootNote,Equatorial Guinea (GNQ),Primary income on FDI (current US$) (BX.KLT.DREM.CD.DT),2023 (YR2023),Gap-filled with countries' balance of payments statistics.
FootNote,Equatorial Guinea (GNQ),"Imports of goods, services and primary income (current US$) (BM.GSR.TOTL.CD)",2021 (YR2021),Gap-filled with countries' balance of payments statistics.
FootNote,Equatorial Guinea (GNQ),"Imports of goods, services and primary income (current US$) (BM.GSR.TOTL.CD)",2022 (YR2022),Gap-filled with countries' balance of payments statistics.
FootNote,Equatorial Guinea (GNQ),"Personal transfers and compensation of employees, received (current US$) (BX.TRF.PWKR.CD.DT)",2017 (YR2017),Gap-filled with countries' balance of payments statistics.
FootNote,Equatorial Guinea (GNQ),"Personal transfers and compensation of employees, received (current US$) (BX.TRF.PWKR.CD.DT)",2022 (YR2022),Gap-filled with countries' balance of payments statistics.
FootNote,Equatorial Guinea (GNQ),"Personal transfers and compensation of employees, received (current US$) (BX.TRF.PWKR.CD.DT)",2018 (YR2018),Gap-filled with countries' balance of payments statistics.
FootNote,Equatorial Guinea (GNQ),"Personal transfers and compensation of employees, received (current US$) (BX.TRF.PWKR.CD.DT)",2023 (YR2023),Gap-filled with countries' balance of payments statistics.
FootNote,Equatorial Guinea (GNQ),"Personal transfers and compensation of employees, received (current US$) (BX.TRF.PWKR.CD.DT)",2021 (YR2021),Gap-filled with countries' balance of payments statistics.
FootNote,Equatorial Guinea (GNQ),"Personal transfers and compensation of employees, received (current US$) (BX.TRF.PWKR.CD.DT)",2019 (YR2019),Gap-filled with countries' balance of payments statistics.
FootNote,Equatorial Guinea (GNQ),"Personal transfers and compensation of employees, received (current US$) (BX.TRF.PWKR.CD.DT)",2020 (YR2020),Gap-filled with countries' balance of payments statistics.
FootNote,Equatorial Guinea (GNQ),"Foreign direct investment, net inflows in reporting economy (DRS, current US$) (BX.KLT.DINV.CD.DT)",2024 (YR2024),"Source: United Nations Conference on Trade and Development, Foreign Direct Investment Online database."
FootNote,Equatorial Guinea (GNQ),"Foreign direct investment, net inflows in reporting economy (DRS, current US$) (BX.KLT.DINV.CD.DT)",2018 (YR2018),"Source: United Nations Conference on Trade and Development, Foreign Direct Investment Online database."
FootNote,Equatorial Guinea (GNQ),"Foreign direct investment, net inflows in reporting economy (DRS, current US$) (BX.KLT.DINV.CD.DT)",2020 (YR2020),"Source: United Nations Conference on Trade and Development, Foreign Direct Investment Online database."
FootNote,Equatorial Guinea (GNQ),"Foreign direct investment, net inflows in reporting economy (DRS, current US$) (BX.KLT.DINV.CD.DT)",2017 (YR2017),"Source: United Nations Conference on Trade and Development, Foreign Direct Investment Online database."
FootNote,Equatorial Guinea (GNQ),"Foreign direct investment, net inflows in reporting economy (DRS, current US$) (BX.KLT.DINV.CD.DT)",2023 (YR2023),"Source: United Nations Conference on Trade and Development, Foreign Direct Investment Online database."
FootNote,Equatorial Guinea (GNQ),"Foreign direct investment, net inflows in reporting economy (DRS, current US$) (BX.KLT.DINV.CD.DT)",2022 (YR2022),"Source: United Nations Conference on Trade and Development, Foreign Direct Investment Online database."
FootNote,Equatorial Guinea (GNQ),"Foreign direct investment, net inflows in reporting economy (DRS, current US$) (BX.KLT.DINV.CD.DT)",2019 (YR2019),"Source: United Nations Conference on Trade and Development, Foreign Direct Investment Online database."
FootNote,Equatorial Guinea (GNQ),"Exports of goods, services and primary income (current US$) (BX.GSR.TOTL.CD)",2018 (YR2018),Gap-filled with countries' balance of payments statistics.
FootNote,Equatorial Guinea (GNQ),"Exports of goods, services and primary income (current US$) (BX.GSR.TOTL.CD)",2021 (YR2021),Gap-filled with countries' balance of payments statistics.
FootNote,Equatorial Guinea (GNQ),"Exports of goods, services and primary income (current US$) (BX.GSR.TOTL.CD)",2020 (YR2020),Gap-filled with countries' balance of payments statistics.
FootNote,Equatorial Guinea (GNQ),"Exports of goods, services and primary income (current US$) (BX.GSR.TOTL.CD)",2023 (YR2023),Gap-filled with countries' balance of payments statistics.
FootNote,Equatorial Guinea (GNQ),"Exports of goods, services and primary income (current US$) (BX.GSR.TOTL.CD)",2019 (YR2019),Gap-filled with countries' balance of payments statistics.
FootNote,Equatorial Guinea (GNQ),"Exports of goods, services and primary income (current US$) (BX.GSR.TOTL.CD)",2022 (YR2022),Gap-filled with countries' balance of payments statistics.
FootNote,Equatorial Guinea (GNQ),"Imports of goods, services and primary income (current US$) (BM.GSR.TOTL.CD)",2017 (YR2017),Gap-filled with countries' balance of payments statistics.
FootNote,Equatorial Guinea (GNQ),"Imports of goods, services and primary income (current US$) (BM.GSR.TOTL.CD)",2023 (YR2023),Gap-filled with countries' balance of payments statistics.
FootNote,Equatorial Guinea (GNQ),"Imports of goods, services and primary income (current US$) (BM.GSR.TOTL.CD)",2018 (YR2018),Gap-filled with countries' balance of payments statistics.
FootNote,Equatorial Guinea (GNQ),"Imports of goods, services and primary income (current US$) (BM.GSR.TOTL.CD)",2020 (YR2020),Gap-filled with countries' balance of payments statistics.
FootNote,Equatorial Guinea (GNQ),"Exports of goods, services and primary income (current US$) (BX.GSR.TOTL.CD)",2017 (YR2017),Gap-filled with countries' balance of payments statistics.
FootNote,Equatorial Guinea (GNQ),"Imports of goods, services and primary income (current US$) (BM.GSR.TOTL.CD)",2019 (YR2019),Gap-filled with countries' balance of payments statistics.
FootNote,Equatorial Guinea (GNQ),Current account balance (current US$) (BN.CAB.XOKA.CD),2021 (YR2021),Gap-filled with countries' balance of payments statistics.
FootNote,Equatorial Guinea (GNQ),Current account balance (current US$) (BN.CAB.XOKA.CD),2024 (YR2024),Gap-filled with countries' balance of payments statistics.
FootNote,Equatorial Guinea (GNQ),Current account balance (current US$) (BN.CAB.XOKA.CD),2023 (YR2023),Gap-filled with countries' balance of payments statistics.
FootNote,Equatorial Guinea (GNQ),Current account balance (current US$) (BN.CAB.XOKA.CD),2020 (YR2020),Gap-filled with countries' balance of payments statistics.
FootNote,Equatorial Guinea (GNQ),Current account balance (current US$) (BN.CAB.XOKA.CD),2017 (YR2017),Gap-filled with countries' balance of payments statistics.
FootNote,Equatorial Guinea (GNQ),Current account balance (current US$) (BN.CAB.XOKA.CD),2022 (YR2022),Gap-filled with countries' balance of payments statistics.
FootNote,Equatorial Guinea (GNQ),Current account balance (current US$) (BN.CAB.XOKA.CD),2018 (YR2018),Gap-filled with countries' balance of payments statistics.
FootNote,Equatorial Guinea (GNQ),Current account balance (current US$) (BN.CAB.XOKA.CD),2019 (YR2019),Gap-filled with countries' balance of payments statistics.
FootNote,Equatorial Guinea (GNQ),"Portfolio investment, equity (DRS, current US$) (BX.PEF.TOTL.CD.DT)",2023 (YR2023),Gap-filled with countries' balance of payments statistics.
FootNote,Equatorial Guinea (GNQ),"Portfolio investment, equity (DRS, current US$) (BX.PEF.TOTL.CD.DT)",2018 (YR2018),Gap-filled with countries' balance of payments statistics.
FootNote,Equatorial Guinea (GNQ),"Portfolio investment, equity (DRS, current US$) (BX.PEF.TOTL.CD.DT)",2022 (YR2022),Gap-filled with countries' balance of payments statistics.
FootNote,Equatorial Guinea (GNQ),"Portfolio investment, equity (DRS, current US$) (BX.PEF.TOTL.CD.DT)",2017 (YR2017),Gap-filled with countries' balance of payments statistics.
FootNote,Equatorial Guinea (GNQ),"Portfolio investment, equity (DRS, current US$) (BX.PEF.TOTL.CD.DT)",2020 (YR2020),Gap-filled with countries' balance of payments statistics.
FootNote,Equatorial Guinea (GNQ),"Foreign direct investment, net inflows in reporting economy (DRS, current US$) (BX.KLT.DINV.CD.DT)",2021 (YR2021),"Source: United Nations Conference on Trade and Development, Foreign Direct Investment Online database."
FootNote,Equatorial Guinea (GNQ),"Portfolio investment, equity (DRS, current US$) (BX.PEF.TOTL.CD.DT)",2021 (YR2021),Gap-filled with countries' balance of payments statistics.
FootNote,Equatorial Guinea (GNQ),"Portfolio investment, equity (DRS, current US$) (BX.PEF.TOTL.CD.DT)",2019 (YR2019),Gap-filled with countries' balance of payments statistics.
FootNote,Equatorial Guinea (GNQ),Current account balance (current US$) (BN.CAB.XOKA.CD),2015 (YR2015),Gap-filled with countries' balance of payments statistics.
FootNote,Equatorial Guinea (GNQ),Current account balance (current US$) (BN.CAB.XOKA.CD),2010 (YR2010),Gap-filled with countries' balance of payments statistics.
FootNote,Equatorial Guinea (GNQ),Current account balance (current US$) (BN.CAB.XOKA.CD),2013 (YR2013),Gap-filled with countries' balance of payments statistics.
FootNote,Equatorial Guinea (GNQ),Current account balance (current US$) (BN.CAB.XOKA.CD),2016 (YR2016),Gap-filled with countries' balance of payments statistics.
FootNote,Equatorial Guinea (GNQ),Current account balance (current US$) (BN.CAB.XOKA.CD),2014 (YR2014),Gap-filled with countries' balance of payments statistics.
FootNote,Equatorial Guinea (GNQ),Current account balance (current US$) (BN.CAB.XOKA.CD),2011 (YR2011),Gap-filled with countries' balance of payments statistics.
FootNote,Equatorial Guinea (GNQ),Current account balance (current US$) (BN.CAB.XOKA.CD),2012 (YR2012),Gap-filled with countries' balance of payments statistics.
FootNote,Equatorial Guinea (GNQ),"Imports of goods, services and primary income (current US$) (BM.GSR.TOTL.CD)",2012 (YR2012),Gap-filled with countries' balance of payments statistics.
FootNote,Equatorial Guinea (GNQ),"Imports of goods, services and primary income (current US$) (BM.GSR.TOTL.CD)",2013 (YR2013),Gap-filled with countries' balance of payments statistics.
FootNote,Equatorial Guinea (GNQ),"Imports of goods, services and primary income (current US$) (BM.GSR.TOTL.CD)",2010 (YR2010),Gap-filled with countries' balance of payments statistics.
FootNote,Equatorial Guinea (GNQ),"Exports of goods, services and primary income (current US$) (BX.GSR.TOTL.CD)",2010 (YR2010),Gap-filled with countries' balance of payments statistics.
FootNote,Equatorial Guinea (GNQ),"Imports of goods, services and primary income (current US$) (BM.GSR.TOTL.CD)",2011 (YR2011),Gap-filled with countries' balance of payments statistics.
FootNote,Equatorial Guinea (GNQ),"Imports of goods, services and primary income (current US$) (BM.GSR.TOTL.CD)",2014 (YR2014),Gap-filled with countries' balance of payments statistics.
FootNote,Equatorial Guinea (GNQ),"Imports of goods, services and primary income (current US$) (BM.GSR.TOTL.CD)",2016 (YR2016),Gap-filled with countries' balance of payments statistics.
FootNote,Equatorial Guinea (GNQ),"Imports of goods, services and primary income (current US$) (BM.GSR.TOTL.CD)",2015 (YR2015),Gap-filled with countries' balance of payments statistics.
FootNote,Equatorial Guinea (GNQ),"Exports of goods, services and primary income (current US$) (BX.GSR.TOTL.CD)",2014 (YR2014),Gap-filled with countries' balance of payments statistics.
FootNote,Equatorial Guinea (GNQ),"Exports of goods, services and primary income (current US$) (BX.GSR.TOTL.CD)",2013 (YR2013),Gap-filled with countries' balance of payments statistics.
FootNote,Equatorial Guinea (GNQ),"Exports of goods, services and primary income (current US$) (BX.GSR.TOTL.CD)",2016 (YR2016),Gap-filled with countries' balance of payments statistics.
FootNote,Equatorial Guinea (GNQ),"Exports of goods, services and primary income (current US$) (BX.GSR.TOTL.CD)",2011 (YR2011),Gap-filled with countries' balance of payments statistics.
FootNote,Equatorial Guinea (GNQ),"Exports of goods, services and primary income (current US$) (BX.GSR.TOTL.CD)",2015 (YR2015),Gap-filled with countries' balance of payments statistics.
FootNote,Equatorial Guinea (GNQ),"Exports of goods, services and primary income (current US$) (BX.GSR.TOTL.CD)",2012 (YR2012),Gap-filled with countries' balance of payments statistics.
FootNote,Equatorial Guinea (GNQ),"Portfolio investment, equity (DRS, current US$) (BX.PEF.TOTL.CD.DT)",2016 (YR2016),Gap-filled with countries' balance of payments statistics.
FootNote,Equatorial Guinea (GNQ),"Foreign direct investment, net inflows in reporting economy (DRS, current US$) (BX.KLT.DINV.CD.DT)",2007 (YR2007),"Source: United Nations Conference on Trade and Development, Foreign Direct Investment Online database."
FootNote,Equatorial Guinea (GNQ),"Foreign direct investment, net inflows in reporting economy (DRS, current US$) (BX.KLT.DINV.CD.DT)",2009 (YR2009),"Source: United Nations Conference on Trade and Development, Foreign Direct Investment Online database."
FootNote,Equatorial Guinea (GNQ),"Foreign direct investment, net inflows in reporting economy (DRS, current US$) (BX.KLT.DINV.CD.DT)",2002 (YR2002),"Source: United Nations Conference on Trade and Development, Foreign Direct Investment Online database."
FootNote,Equatorial Guinea (GNQ),"Foreign direct investment, net inflows in reporting economy (DRS, current US$) (BX.KLT.DINV.CD.DT)",2014 (YR2014),"Source: United Nations Conference on Trade and Development, Foreign Direct Investment Online database."
FootNote,Equatorial Guinea (GNQ),"Foreign direct investment, net inflows in reporting economy (DRS, current US$) (BX.KLT.DINV.CD.DT)",2011 (YR2011),"Source: United Nations Conference on Trade and Development, Foreign Direct Investment Online database."
FootNote,Equatorial Guinea (GNQ),"Foreign direct investment, net inflows in reporting economy (DRS, current US$) (BX.KLT.DINV.CD.DT)",2015 (YR2015),"Source: United Nations Conference on Trade and Development, Foreign Direct Investment Online database."
FootNote,Equatorial Guinea (GNQ),"Foreign direct investment, net inflows in reporting economy (DRS, current US$) (BX.KLT.DINV.CD.DT)",2012 (YR2012),"Source: United Nations Conference on Trade and Development, Foreign Direct Investment Online database."
FootNote,Equatorial Guinea (GNQ),"Foreign direct investment, net inflows in reporting economy (DRS, current US$) (BX.KLT.DINV.CD.DT)",2004 (YR2004),"Source: United Nations Conference on Trade and Development, Foreign Direct Investment Online database."
FootNote,Equatorial Guinea (GNQ),"Foreign direct investment, net inflows in reporting economy (DRS, current US$) (BX.KLT.DINV.CD.DT)",2005 (YR2005),"Source: United Nations Conference on Trade and Development, Foreign Direct Investment Online database."
FootNote,Equatorial Guinea (GNQ),"Foreign direct investment, net inflows in reporting economy (DRS, current US$) (BX.KLT.DINV.CD.DT)",2003 (YR2003),"Source: United Nations Conference on Trade and Development, Foreign Direct Investment Online database."
FootNote,Equatorial Guinea (GNQ),"Foreign direct investment, net inflows in reporting economy (DRS, current US$) (BX.KLT.DINV.CD.DT)",2016 (YR2016),"Source: United Nations Conference on Trade and Development, Foreign Direct Investment Online database."
FootNote,Equatorial Guinea (GNQ),"Foreign direct investment, net inflows in reporting economy (DRS, current US$) (BX.KLT.DINV.CD.DT)",2008 (YR2008),"Source: United Nations Conference on Trade and Development, Foreign Direct Investment Online database."
FootNote,Equatorial Guinea (GNQ),"Foreign direct investment, net inflows in reporting economy (DRS, current US$) (BX.KLT.DINV.CD.DT)",2001 (YR2001),"Source: United Nations Conference on Trade and Development, Foreign Direct Investment Online database."
FootNote,Equatorial Guinea (GNQ),"Foreign direct investment, net inflows in reporting economy (DRS, current US$) (BX.KLT.DINV.CD.DT)",2013 (YR2013),"Source: United Nations Conference on Trade and Development, Foreign Direct Investment Online database."
FootNote,Equatorial Guinea (GNQ),"Foreign direct investment, net inflows in reporting economy (DRS, current US$) (BX.KLT.DINV.CD.DT)",2006 (YR2006),"Source: United Nations Conference on Trade and Development, Foreign Direct Investment Online database."
FootNote,Equatorial Guinea (GNQ),"Foreign direct investment, net inflows in reporting economy (DRS, current US$) (BX.KLT.DINV.CD.DT)",2010 (YR2010),"Source: United Nations Conference on Trade and Development, Foreign Direct Investment Online database."
FootNote,Equatorial Guinea (GNQ),"Personal transfers and compensation of employees, received (current US$) (BX.TRF.PWKR.CD.DT)",2010 (YR2010),Gap-filled with countries' balance of payments statistics.
FootNote,Equatorial Guinea (GNQ),"Personal transfers and compensation of employees, received (current US$) (BX.TRF.PWKR.CD.DT)",2011 (YR2011),Gap-filled with countries' balance of payments statistics.
FootNote,Equatorial Guinea (GNQ),"Personal transfers and compensation of employees, received (current US$) (BX.TRF.PWKR.CD.DT)",2015 (YR2015),Gap-filled with countries' balance of payments statistics.
FootNote,Equatorial Guinea (GNQ),"Personal transfers and compensation of employees, received (current US$) (BX.TRF.PWKR.CD.DT)",2016 (YR2016),Gap-filled with countries' balance of payments statistics.
FootNote,Equatorial Guinea (GNQ),"Personal transfers and compensation of employees, received (current US$) (BX.TRF.PWKR.CD.DT)",2014 (YR2014),Gap-filled with countries' balance of payments statistics.
FootNote,Equatorial Guinea (GNQ),Primary income on FDI (current US$) (BX.KLT.DREM.CD.DT),2013 (YR2013),Gap-filled with countries' balance of payments statistics.
FootNote,Equatorial Guinea (GNQ),Primary income on FDI (current US$) (BX.KLT.DREM.CD.DT),2015 (YR2015),Gap-filled with countries' balance of payments statistics.
FootNote,Equatorial Guinea (GNQ),Primary income on FDI (current US$) (BX.KLT.DREM.CD.DT),2010 (YR2010),Gap-filled with countries' balance of payments statistics.
FootNote,Equatorial Guinea (GNQ),Primary income on FDI (current US$) (BX.KLT.DREM.CD.DT),2011 (YR2011),Gap-filled with countries' balance of payments statistics.
FootNote,Equatorial Guinea (GNQ),Primary income on FDI (current US$) (BX.KLT.DREM.CD.DT),2012 (YR2012),Gap-filled with countries' balance of payments statistics.
FootNote,Equatorial Guinea (GNQ),Primary income on FDI (current US$) (BX.KLT.DREM.CD.DT),2014 (YR2014),Gap-filled with countries' balance of payments statistics.
FootNote,Equatorial Guinea (GNQ),Primary income on FDI (current US$) (BX.KLT.DREM.CD.DT),2016 (YR2016),Gap-filled with countries' balance of payments statistics.
FootNote,Equatorial Guinea (GNQ),"Personal transfers and compensation of employees, received (current US$) (BX.TRF.PWKR.CD.DT)",2013 (YR2013),Gap-filled with countries' balance of payments statistics.
FootNote,Equatorial Guinea (GNQ),"Personal transfers and compensation of employees, received (current US$) (BX.TRF.PWKR.CD.DT)",2012 (YR2012),Gap-filled with countries' balance of payments statistics.
FootNote,Equatorial Guinea (GNQ),"Foreign direct investment, net inflows in reporting economy (DRS, current US$) (BX.KLT.DINV.CD.DT)",2000 (YR2000),"Source: United Nations Conference on Trade and Development, Foreign Direct Investment Online database."
FootNote,Eritrea (ERI),"Foreign direct investment, net inflows in reporting economy (DRS, current US$) (BX.KLT.DINV.CD.DT)",2024 (YR2024),"Source: United Nations Conference on Trade and Development, Foreign Direct Investment Online database."
FootNote,Eritrea (ERI),"Foreign direct investment, net inflows in reporting economy (DRS, current US$) (BX.KLT.DINV.CD.DT)",2019 (YR2019),"Source: United Nations Conference on Trade and Development, Foreign Direct Investment Online database."
FootNote,Eritrea (ERI),"Foreign direct investment, net inflows in reporting economy (DRS, current US$) (BX.KLT.DINV.CD.DT)",2020 (YR2020),"Source: United Nations Conference on Trade and Development, Foreign Direct Investment Online database."
FootNote,Eritrea (ERI),"Foreign direct investment, net inflows in reporting economy (DRS, current US$) (BX.KLT.DINV.CD.DT)",2022 (YR2022),"Source: United Nations Conference on Trade and Development, Foreign Direct Investment Online database."
FootNote,Eritrea (ERI),"Foreign direct investment, net inflows in reporting economy (DRS, current US$) (BX.KLT.DINV.CD.DT)",2017 (YR2017),"Source: United Nations Conference on Trade and Development, Foreign Direct Investment Online database."
FootNote,Eritrea (ERI),"Foreign direct investment, net inflows in reporting economy (DRS, current US$) (BX.KLT.DINV.CD.DT)",2023 (YR2023),"Source: United Nations Conference on Trade and Development, Foreign Direct Investment Online database."
FootNote,Eritrea (ERI),"Foreign direct investment, net inflows in reporting economy (DRS, current US$) (BX.KLT.DINV.CD.DT)",2018 (YR2018),"Source: United Nations Conference on Trade and Development, Foreign Direct Investment Online database."
FootNote,Eritrea (ERI),"Foreign direct investment, net inflows in reporting economy (DRS, current US$) (BX.KLT.DINV.CD.DT)",2021 (YR2021),"Source: United Nations Conference on Trade and Development, Foreign Direct Investment Online database."
FootNote,Eritrea (ERI),Current account balance (current US$) (BN.CAB.XOKA.CD),2024 (YR2024),Gap-filled with countries' balance of payments statistics.
FootNote,Eritrea (ERI),Current account balance (current US$) (BN.CAB.XOKA.CD),2021 (YR2021),Gap-filled with countries' balance of payments statistics.
FootNote,Eritrea (ERI),Current account balance (current US$) (BN.CAB.XOKA.CD),2022 (YR2022),Gap-filled with countries' balance of payments statistics.
FootNote,Eritrea (ERI),Current account balance (current US$) (BN.CAB.XOKA.CD),2019 (YR2019),Gap-filled with countries' balance of payments statistics.
FootNote,Eritrea (ERI),Current account balance (current US$) (BN.CAB.XOKA.CD),2017 (YR2017),"Source: United Nations Conference on Trade and Development, Balance of Payments Online database."
FootNote,Eritrea (ERI),Current account balance (current US$) (BN.CAB.XOKA.CD),2018 (YR2018),"Source: United Nations Conference on Trade and Development, Balance of Payments Online database."
FootNote,Eritrea (ERI),Current account balance (current US$) (BN.CAB.XOKA.CD),2020 (YR2020),Gap-filled with countries' balance of payments statistics.
FootNote,Eritrea (ERI),Current account balance (current US$) (BN.CAB.XOKA.CD),2023 (YR2023),Gap-filled with countries' balance of payments statistics.
FootNote,Eritrea (ERI),"Foreign direct investment, net inflows in reporting economy (DRS, current US$) (BX.KLT.DINV.CD.DT)",2002 (YR2002),"Source: United Nations Conference on Trade and Development, Foreign Direct Investment Online database."
FootNote,Eritrea (ERI),"Foreign direct investment, net inflows in reporting economy (DRS, current US$) (BX.KLT.DINV.CD.DT)",2008 (YR2008),"Source: United Nations Conference on Trade and Development, Foreign Direct Investment Online database."
FootNote,Eritrea (ERI),"Foreign direct investment, net inflows in reporting economy (DRS, current US$) (BX.KLT.DINV.CD.DT)",2016 (YR2016),"Source: United Nations Conference on Trade and Development, Foreign Direct Investment Online database."
FootNote,Eritrea (ERI),"Foreign direct investment, net inflows in reporting economy (DRS, current US$) (BX.KLT.DINV.CD.DT)",2004 (YR2004),"Source: United Nations Conference on Trade and Development, Foreign Direct Investment Online database."
FootNote,Eritrea (ERI),"Foreign direct investment, net inflows in reporting economy (DRS, current US$) (BX.KLT.DINV.CD.DT)",2005 (YR2005),"Source: United Nations Conference on Trade and Development, Foreign Direct Investment Online database."
FootNote,Eritrea (ERI),"Foreign direct investment, net inflows in reporting economy (DRS, current US$) (BX.KLT.DINV.CD.DT)",2015 (YR2015),"Source: United Nations Conference on Trade and Development, Foreign Direct Investment Online database."
FootNote,Eritrea (ERI),"Foreign direct investment, net inflows in reporting economy (DRS, current US$) (BX.KLT.DINV.CD.DT)",2009 (YR2009),"Source: United Nations Conference on Trade and Development, Foreign Direct Investment Online database."
FootNote,Eritrea (ERI),"Foreign direct investment, net inflows in reporting economy (DRS, current US$) (BX.KLT.DINV.CD.DT)",2003 (YR2003),"Source: United Nations Conference on Trade and Development, Foreign Direct Investment Online database."
FootNote,Eritrea (ERI),"Foreign direct investment, net inflows in reporting economy (DRS, current US$) (BX.KLT.DINV.CD.DT)",2001 (YR2001),"Source: United Nations Conference on Trade and Development, Foreign Direct Investment Online database."
FootNote,Eritrea (ERI),"Foreign direct investment, net inflows in reporting economy (DRS, current US$) (BX.KLT.DINV.CD.DT)",2007 (YR2007),"Source: United Nations Conference on Trade and Development, Foreign Direct Investment Online database."
FootNote,Eritrea (ERI),"Foreign direct investment, net inflows in reporting economy (DRS, current US$) (BX.KLT.DINV.CD.DT)",2014 (YR2014),"Source: United Nations Conference on Trade and Development, Foreign Direct Investment Online database."
FootNote,Eritrea (ERI),"Foreign direct investment, net inflows in reporting economy (DRS, current US$) (BX.KLT.DINV.CD.DT)",2013 (YR2013),"Source: United Nations Conference on Trade and Development, Foreign Direct Investment Online database."
FootNote,Eritrea (ERI),"Foreign direct investment, net inflows in reporting economy (DRS, current US$) (BX.KLT.DINV.CD.DT)",2006 (YR2006),"Source: United Nations Conference on Trade and Development, Foreign Direct Investment Online database."
FootNote,Eritrea (ERI),"Foreign direct investment, net inflows in reporting economy (DRS, current US$) (BX.KLT.DINV.CD.DT)",2012 (YR2012),"Source: United Nations Conference on Trade and Development, Foreign Direct Investment Online database."
FootNote,Eritrea (ERI),"Foreign direct investment, net inflows in reporting economy (DRS, current US$) (BX.KLT.DINV.CD.DT)",2010 (YR2010),"Source: United Nations Conference on Trade and Development, Foreign Direct Investment Online database."
FootNote,Eritrea (ERI),"Foreign direct investment, net inflows in reporting economy (DRS, current US$) (BX.KLT.DINV.CD.DT)",2011 (YR2011),"Source: United Nations Conference on Trade and Development, Foreign Direct Investment Online database."
FootNote,Eritrea (ERI),Current account balance (current US$) (BN.CAB.XOKA.CD),2010 (YR2010),"Source: United Nations Conference on Trade and Development, Balance of Payments Online database."
FootNote,Eritrea (ERI),Current account balance (current US$) (BN.CAB.XOKA.CD),2001 (YR2001),"Source: United Nations Conference on Trade and Development, Balance of Payments Online database."
FootNote,Eritrea (ERI),Current account balance (current US$) (BN.CAB.XOKA.CD),2002 (YR2002),"Source: United Nations Conference on Trade and Development, Balance of Payments Online database."
FootNote,Eritrea (ERI),Current account balance (current US$) (BN.CAB.XOKA.CD),2011 (YR2011),"Source: United Nations Conference on Trade and Development, Balance of Payments Online database."
FootNote,Eritrea (ERI),Current account balance (current US$) (BN.CAB.XOKA.CD),2009 (YR2009),"Source: United Nations Conference on Trade and Development, Balance of Payments Online database."
FootNote,Eritrea (ERI),Current account balance (current US$) (BN.CAB.XOKA.CD),2007 (YR2007),"Source: United Nations Conference on Trade and Development, Balance of Payments Online database."
FootNote,Eritrea (ERI),Current account balance (current US$) (BN.CAB.XOKA.CD),2004 (YR2004),"Source: United Nations Conference on Trade and Development, Balance of Payments Online database."
FootNote,Eritrea (ERI),Current account balance (current US$) (BN.CAB.XOKA.CD),2016 (YR2016),"Source: United Nations Conference on Trade and Development, Balance of Payments Online database."
FootNote,Eritrea (ERI),Current account balance (current US$) (BN.CAB.XOKA.CD),2013 (YR2013),"Source: United Nations Conference on Trade and Development, Balance of Payments Online database."
FootNote,Eritrea (ERI),Current account balance (current US$) (BN.CAB.XOKA.CD),2014 (YR2014),"Source: United Nations Conference on Trade and Development, Balance of Payments Online database."
FootNote,Eritrea (ERI),Current account balance (current US$) (BN.CAB.XOKA.CD),2005 (YR2005),"Source: United Nations Conference on Trade and Development, Balance of Payments Online database."
FootNote,Eritrea (ERI),Current account balance (current US$) (BN.CAB.XOKA.CD),2012 (YR2012),"Source: United Nations Conference on Trade and Development, Balance of Payments Online database."
FootNote,Eritrea (ERI),Current account balance (current US$) (BN.CAB.XOKA.CD),2006 (YR2006),"Source: United Nations Conference on Trade and Development, Balance of Payments Online database."
FootNote,Eritrea (ERI),Current account balance (current US$) (BN.CAB.XOKA.CD),2003 (YR2003),"Source: United Nations Conference on Trade and Development, Balance of Payments Online database."
FootNote,Eritrea (ERI),Current account balance (current US$) (BN.CAB.XOKA.CD),2008 (YR2008),"Source: United Nations Conference on Trade and Development, Balance of Payments Online database."
FootNote,Eritrea (ERI),Current account balance (current US$) (BN.CAB.XOKA.CD),2015 (YR2015),"Source: United Nations Conference on Trade and Development, Balance of Payments Online database."
FootNote,Eritrea (ERI),"Present value of external debt (% of exports of goods, services and income) (DT.DOD.PVLX.EX.ZS)",2009 (YR2009),Data are from debt sustainability analyses for low-income countries. Present value estimates for these countries are for public and publicly guaranteed debt only.
FootNote,Eritrea (ERI),Present value of external debt (% of GNI) (DT.DOD.PVLX.GN.ZS),2009 (YR2009),Data are from debt sustainability analyses for low-income countries. Present value estimates for these countries are for public and publicly guaranteed debt only.
FootNote,Eswatini (SWZ),"Foreign direct investment, net inflows in reporting economy (DRS, current US$) (BX.KLT.DINV.CD.DT)",2024 (YR2024),Gap-filled with countries' balance of payments statistics.
FootNote,Eswatini (SWZ),"Personal transfers and compensation of employees, received (current US$) (BX.TRF.PWKR.CD.DT)",2024 (YR2024),"Data on Personal Transfers and Compensation of Employees are prepared by World Bank staff based on IMF's Balance of Payments statistics and data releases from central banks, national statistical agencies, and World Bank country desks."
FootNote,Eswatini (SWZ),"Exports of goods, services and primary income (current US$) (BX.GSR.TOTL.CD)",2024 (YR2024),Gap-filled with countries' balance of payments statistics.
FootNote,Eswatini (SWZ),"Imports of goods, services and primary income (current US$) (BM.GSR.TOTL.CD)",2024 (YR2024),Gap-filled with countries' balance of payments statistics.
FootNote,Eswatini (SWZ),Current account balance (current US$) (BN.CAB.XOKA.CD),2024 (YR2024),Gap-filled with countries' balance of payments statistics.
FootNote,Eswatini (SWZ),"Foreign direct investment, net inflows in reporting economy (DRS, current US$) (BX.KLT.DINV.CD.DT)",1973 (YR1973),"Source: United Nations Conference on Trade and Development, Foreign Direct Investment Online database."
FootNote,Eswatini (SWZ),"Foreign direct investment, net inflows in reporting economy (DRS, current US$) (BX.KLT.DINV.CD.DT)",1972 (YR1972),"Source: United Nations Conference on Trade and Development, Foreign Direct Investment Online database."
FootNote,Ethiopia (ETH),Current account balance (current US$) (BN.CAB.XOKA.CD),2024 (YR2024),Gap-filled with countries' balance of payments statistics.
FootNote,Ethiopia (ETH),"Exports of goods, services and primary income (current US$) (BX.GSR.TOTL.CD)",2024 (YR2024),Gap-filled with countries' balance of payments statistics.
FootNote,Ethiopia (ETH),"Imports of goods, services and primary income (current US$) (BM.GSR.TOTL.CD)",2024 (YR2024),Gap-filled with countries' balance of payments statistics.
FootNote,Ethiopia (ETH),"Foreign direct investment, net inflows in reporting economy (DRS, current US$) (BX.KLT.DINV.CD.DT)",2024 (YR2024),"Source: United Nations Conference on Trade and Development, Foreign Direct Investment Online database."
FootNote,Ethiopia (ETH),"Personal transfers and compensation of employees, received (current US$) (BX.TRF.PWKR.CD.DT)",2024 (YR2024),"Data on Personal Transfers and Compensation of Employees are prepared by World Bank staff based on IMF's Balance of Payments statistics and data releases from central banks, national statistical agencies, and World Bank country desks."
FootNote,Ethiopia (ETH),Present value of external debt (% of GNI) (DT.DOD.PVLX.GN.ZS),2009 (YR2009),Data are from debt sustainability analyses for low-income countries. Present value estimates for these countries are for public and publicly guaranteed debt only.
FootNote,Ethiopia (ETH),"Present value of external debt (% of exports of goods, services and income) (DT.DOD.PVLX.EX.ZS)",2009 (YR2009),Data are from debt sustainability analyses for low-income countries. Present value estimates for these countries are for public and publicly guaranteed debt only.
FootNote,Ethiopia (ETH),Debt forgiveness or reduction (current US$) (DT.DFR.DPPG.CD),2006 (YR2006),Data include the effects of MDRI.
FootNote,Ethiopia (ETH),"External debt stocks, total (DOD, current US$) (DT.DOD.DECT.CD)",2006 (YR2006),Data include the effects of MDRI.
FootNote,Ethiopia (ETH),"Foreign direct investment, net inflows in reporting economy (DRS, current US$) (BX.KLT.DINV.CD.DT)",2001 (YR2001),"Source: United Nations Conference on Trade and Development, Foreign Direct Investment Online database."
FootNote,Ethiopia (ETH),"Foreign direct investment, net inflows in reporting economy (DRS, current US$) (BX.KLT.DINV.CD.DT)",2002 (YR2002),"Source: United Nations Conference on Trade and Development, Foreign Direct Investment Online database."
FootNote,Ethiopia (ETH),"Foreign direct investment, net inflows in reporting economy (DRS, current US$) (BX.KLT.DINV.CD.DT)",2000 (YR2000),"Source: United Nations Conference on Trade and Development, Foreign Direct Investment Online database."
FootNote,Ethiopia (ETH),"Foreign direct investment, net inflows in reporting economy (DRS, current US$) (BX.KLT.DINV.CD.DT)",1997 (YR1997),"Source: United Nations Conference on Trade and Development, Foreign Direct Investment Online database."
FootNote,Ethiopia (ETH),"Foreign direct investment, net inflows in reporting economy (DRS, current US$) (BX.KLT.DINV.CD.DT)",1993 (YR1993),"Source: United Nations Conference on Trade and Development, Foreign Direct Investment Online database."
FootNote,Ethiopia (ETH),"Foreign direct investment, net inflows in reporting economy (DRS, current US$) (BX.KLT.DINV.CD.DT)",1999 (YR1999),"Source: United Nations Conference on Trade and Development, Foreign Direct Investment Online database."
FootNote,Ethiopia (ETH),"Foreign direct investment, net inflows in reporting economy (DRS, current US$) (BX.KLT.DINV.CD.DT)",1995 (YR1995),"Source: United Nations Conference on Trade and Development, Foreign Direct Investment Online database."
FootNote,Ethiopia (ETH),"Foreign direct investment, net inflows in reporting economy (DRS, current US$) (BX.KLT.DINV.CD.DT)",1994 (YR1994),"Source: United Nations Conference on Trade and Development, Foreign Direct Investment Online database."
FootNote,Ethiopia (ETH),"Foreign direct investment, net inflows in reporting economy (DRS, current US$) (BX.KLT.DINV.CD.DT)",1996 (YR1996),"Source: United Nations Conference on Trade and Development, Foreign Direct Investment Online database."
FootNote,Ethiopia (ETH),"Foreign direct investment, net inflows in reporting economy (DRS, current US$) (BX.KLT.DINV.CD.DT)",1998 (YR1998),"Source: United Nations Conference on Trade and Development, Foreign Direct Investment Online database."
FootNote,Ethiopia (ETH),"Foreign direct investment, net inflows in reporting economy (DRS, current US$) (BX.KLT.DINV.CD.DT)",1992 (YR1992),"Source: United Nations Conference on Trade and Development, Foreign Direct Investment Online database."
FootNote,Fiji (FJI),"Personal transfers and compensation of employees, received (current US$) (BX.TRF.PWKR.CD.DT)",2024 (YR2024),"Data on Personal Transfers and Compensation of Employees are prepared by World Bank staff based on IMF's Balance of Payments statistics and data releases from central banks, national statistical agencies, and World Bank country desks."
FootNote,Fiji (FJI),Primary income on FDI (current US$) (BX.KLT.DREM.CD.DT),2023 (YR2023),Gap-filled with countries' balance of payments statistics.
FootNote,Fiji (FJI),"Imports of goods, services and primary income (current US$) (BM.GSR.TOTL.CD)",2023 (YR2023),Gap-filled with countries' balance of payments statistics.
FootNote,Fiji (FJI),"Imports of goods, services and primary income (current US$) (BM.GSR.TOTL.CD)",2024 (YR2024),Gap-filled with countries' balance of payments statistics.
FootNote,Fiji (FJI),"Personal transfers and compensation of employees, received (current US$) (BX.TRF.PWKR.CD.DT)",2023 (YR2023),Gap-filled with countries' balance of payments statistics.
FootNote,Fiji (FJI),"Foreign direct investment, net inflows in reporting economy (DRS, current US$) (BX.KLT.DINV.CD.DT)",2024 (YR2024),"Source: United Nations Conference on Trade and Development, Foreign Direct Investment Online database."
FootNote,Fiji (FJI),"Foreign direct investment, net inflows in reporting economy (DRS, current US$) (BX.KLT.DINV.CD.DT)",2023 (YR2023),Gap-filled with countries' balance of payments statistics.
FootNote,Fiji (FJI),"Exports of goods, services and primary income (current US$) (BX.GSR.TOTL.CD)",2023 (YR2023),Gap-filled with countries' balance of payments statistics.
FootNote,Fiji (FJI),"Exports of goods, services and primary income (current US$) (BX.GSR.TOTL.CD)",2024 (YR2024),Gap-filled with countries' balance of payments statistics.
FootNote,Fiji (FJI),Current account balance (current US$) (BN.CAB.XOKA.CD),2024 (YR2024),Gap-filled with countries' balance of payments statistics.
FootNote,Fiji (FJI),Current account balance (current US$) (BN.CAB.XOKA.CD),2023 (YR2023),Gap-filled with countries' balance of payments statistics.
FootNote,Gabon (GAB),Current account balance (current US$) (BN.CAB.XOKA.CD),2018 (YR2018),Gap-filled with countries' balance of payments statistics.
FootNote,Gabon (GAB),Current account balance (current US$) (BN.CAB.XOKA.CD),2019 (YR2019),Gap-filled with countries' balance of payments statistics.
FootNote,Gabon (GAB),Current account balance (current US$) (BN.CAB.XOKA.CD),2022 (YR2022),Gap-filled with countries' balance of payments statistics.
FootNote,Gabon (GAB),Current account balance (current US$) (BN.CAB.XOKA.CD),2021 (YR2021),Gap-filled with countries' balance of payments statistics.
FootNote,Gabon (GAB),Current account balance (current US$) (BN.CAB.XOKA.CD),2024 (YR2024),Gap-filled with countries' balance of payments statistics.
FootNote,Gabon (GAB),Current account balance (current US$) (BN.CAB.XOKA.CD),2017 (YR2017),Gap-filled with countries' balance of payments statistics.
FootNote,Gabon (GAB),Current account balance (current US$) (BN.CAB.XOKA.CD),2020 (YR2020),Gap-filled with countries' balance of payments statistics.
FootNote,Gabon (GAB),Current account balance (current US$) (BN.CAB.XOKA.CD),2023 (YR2023),Gap-filled with countries' balance of payments statistics.
FootNote,Gabon (GAB),"Exports of goods, services and primary income (current US$) (BX.GSR.TOTL.CD)",2018 (YR2018),Gap-filled with countries' balance of payments statistics.
FootNote,Gabon (GAB),"Exports of goods, services and primary income (current US$) (BX.GSR.TOTL.CD)",2021 (YR2021),Gap-filled with countries' balance of payments statistics.
FootNote,Gabon (GAB),"Imports of goods, services and primary income (current US$) (BM.GSR.TOTL.CD)",2020 (YR2020),Gap-filled with countries' balance of payments statistics.
FootNote,Gabon (GAB),"Imports of goods, services and primary income (current US$) (BM.GSR.TOTL.CD)",2017 (YR2017),Gap-filled with countries' balance of payments statistics.
FootNote,Gabon (GAB),"Imports of goods, services and primary income (current US$) (BM.GSR.TOTL.CD)",2019 (YR2019),Gap-filled with countries' balance of payments statistics.
FootNote,Gabon (GAB),"Exports of goods, services and primary income (current US$) (BX.GSR.TOTL.CD)",2017 (YR2017),Gap-filled with countries' balance of payments statistics.
FootNote,Gabon (GAB),"Exports of goods, services and primary income (current US$) (BX.GSR.TOTL.CD)",2019 (YR2019),Gap-filled with countries' balance of payments statistics.
FootNote,Gabon (GAB),"Exports of goods, services and primary income (current US$) (BX.GSR.TOTL.CD)",2020 (YR2020),Gap-filled with countries' balance of payments statistics.
FootNote,Gabon (GAB),"Foreign direct investment, net inflows in reporting economy (DRS, current US$) (BX.KLT.DINV.CD.DT)",2022 (YR2022),"Source: United Nations Conference on Trade and Development, Foreign Direct Investment Online database."
FootNote,Gabon (GAB),"Foreign direct investment, net inflows in reporting economy (DRS, current US$) (BX.KLT.DINV.CD.DT)",2020 (YR2020),"Source: United Nations Conference on Trade and Development, Foreign Direct Investment Online database."
FootNote,Gabon (GAB),"Foreign direct investment, net inflows in reporting economy (DRS, current US$) (BX.KLT.DINV.CD.DT)",2023 (YR2023),"Source: United Nations Conference on Trade and Development, Foreign Direct Investment Online database."
FootNote,Gabon (GAB),"Foreign direct investment, net inflows in reporting economy (DRS, current US$) (BX.KLT.DINV.CD.DT)",2017 (YR2017),"Source: United Nations Conference on Trade and Development, Foreign Direct Investment Online database."
FootNote,Gabon (GAB),"Foreign direct investment, net inflows in reporting economy (DRS, current US$) (BX.KLT.DINV.CD.DT)",2018 (YR2018),"Source: United Nations Conference on Trade and Development, Foreign Direct Investment Online database."
FootNote,Gabon (GAB),"Foreign direct investment, net inflows in reporting economy (DRS, current US$) (BX.KLT.DINV.CD.DT)",2024 (YR2024),"Source: United Nations Conference on Trade and Development, Foreign Direct Investment Online database."
FootNote,Gabon (GAB),"Foreign direct investment, net inflows in reporting economy (DRS, current US$) (BX.KLT.DINV.CD.DT)",2019 (YR2019),"Source: United Nations Conference on Trade and Development, Foreign Direct Investment Online database."
FootNote,Gabon (GAB),"Foreign direct investment, net inflows in reporting economy (DRS, current US$) (BX.KLT.DINV.CD.DT)",2021 (YR2021),"Source: United Nations Conference on Trade and Development, Foreign Direct Investment Online database."
FootNote,Gabon (GAB),"Personal transfers and compensation of employees, received (current US$) (BX.TRF.PWKR.CD.DT)",2018 (YR2018),Gap-filled with countries' balance of payments statistics.
FootNote,Gabon (GAB),"Personal transfers and compensation of employees, received (current US$) (BX.TRF.PWKR.CD.DT)",2017 (YR2017),Gap-filled with countries' balance of payments statistics.
FootNote,Gabon (GAB),"Personal transfers and compensation of employees, received (current US$) (BX.TRF.PWKR.CD.DT)",2020 (YR2020),Gap-filled with countries' balance of payments statistics.
FootNote,Gabon (GAB),"Personal transfers and compensation of employees, received (current US$) (BX.TRF.PWKR.CD.DT)",2019 (YR2019),Gap-filled with countries' balance of payments statistics.
FootNote,Gabon (GAB),"Personal transfers and compensation of employees, received (current US$) (BX.TRF.PWKR.CD.DT)",2022 (YR2022),"Source: United Nations Conference on Trade and Development, Balance of Payments Online database."
FootNote,Gabon (GAB),"Personal transfers and compensation of employees, received (current US$) (BX.TRF.PWKR.CD.DT)",2021 (YR2021),Gap-filled with countries' balance of payments statistics.
FootNote,Gabon (GAB),"Personal transfers and compensation of employees, received (current US$) (BX.TRF.PWKR.CD.DT)",2023 (YR2023),"Source: United Nations Conference on Trade and Development, Balance of Payments Online database."
FootNote,Gabon (GAB),"Imports of goods, services and primary income (current US$) (BM.GSR.TOTL.CD)",2021 (YR2021),Gap-filled with countries' balance of payments statistics.
FootNote,Gabon (GAB),"Imports of goods, services and primary income (current US$) (BM.GSR.TOTL.CD)",2018 (YR2018),Gap-filled with countries' balance of payments statistics.
FootNote,Gabon (GAB),Primary income on FDI (current US$) (BX.KLT.DREM.CD.DT),2017 (YR2017),Gap-filled with countries' balance of payments statistics.
FootNote,Gabon (GAB),Primary income on FDI (current US$) (BX.KLT.DREM.CD.DT),2018 (YR2018),Gap-filled with countries' balance of payments statistics.
FootNote,Gabon (GAB),Primary income on FDI (current US$) (BX.KLT.DREM.CD.DT),2021 (YR2021),Gap-filled with countries' balance of payments statistics.
FootNote,Gabon (GAB),Primary income on FDI (current US$) (BX.KLT.DREM.CD.DT),2019 (YR2019),Gap-filled with countries' balance of payments statistics.
FootNote,Gabon (GAB),Primary income on FDI (current US$) (BX.KLT.DREM.CD.DT),2020 (YR2020),Gap-filled with countries' balance of payments statistics.
FootNote,Gabon (GAB),"Foreign direct investment, net inflows in reporting economy (DRS, current US$) (BX.KLT.DINV.CD.DT)",2016 (YR2016),"Source: United Nations Conference on Trade and Development, Foreign Direct Investment Online database."
FootNote,Gabon (GAB),Primary income on FDI (current US$) (BX.KLT.DREM.CD.DT),2016 (YR2016),Gap-filled with countries' balance of payments statistics.
FootNote,Gabon (GAB),"Personal transfers and compensation of employees, received (current US$) (BX.TRF.PWKR.CD.DT)",2016 (YR2016),Gap-filled with countries' balance of payments statistics.
FootNote,Gabon (GAB),"Foreign direct investment, net inflows in reporting economy (DRS, current US$) (BX.KLT.DINV.CD.DT)",2006 (YR2006),"Source: United Nations Conference on Trade and Development, Foreign Direct Investment Online database."
FootNote,Gabon (GAB),"External debt stocks, total (DOD, current US$) (DT.DOD.DECT.CD)",2007 (YR2007),Data include the effects of Paris Club debt buyback agreement.
FootNote,Gabon (GAB),"Exports of goods, services and primary income (current US$) (BX.GSR.TOTL.CD)",2016 (YR2016),Gap-filled with countries' balance of payments statistics.
FootNote,Gabon (GAB),"Imports of goods, services and primary income (current US$) (BM.GSR.TOTL.CD)",2016 (YR2016),Gap-filled with countries' balance of payments statistics.
FootNote,Gabon (GAB),Current account balance (current US$) (BN.CAB.XOKA.CD),2016 (YR2016),Gap-filled with countries' balance of payments statistics.
FootNote,Gabon (GAB),Current account balance (current US$) (BN.CAB.XOKA.CD),2006 (YR2006),"Source: United Nations Conference on Trade and Development, Balance of Payments Online database."
FootNote,"Gambia, The (GMB)",Debt forgiveness or reduction (current US$) (DT.DFR.DPPG.CD),2008 (YR2008),Data include the effects of MDRI and HIPC debt relief.
FootNote,"Gambia, The (GMB)","External debt stocks, total (DOD, current US$) (DT.DOD.DECT.CD)",2008 (YR2008),Data include the effects of MDRI and HIPC debt relief.
FootNote,"Gambia, The (GMB)",Present value of external debt (% of GNI) (DT.DOD.PVLX.GN.ZS),2009 (YR2009),Data are from debt sustainability analyses for low-income countries. Present value estimates for these countries are for public and publicly guaranteed debt only.
FootNote,"Gambia, The (GMB)","Present value of external debt (% of exports of goods, services and income) (DT.DOD.PVLX.EX.ZS)",2009 (YR2009),Data are from debt sustainability analyses for low-income countries. Present value estimates for these countries are for public and publicly guaranteed debt only.
FootNote,"Gambia, The (GMB)",Current account balance (current US$) (BN.CAB.XOKA.CD),2002 (YR2002),"Source: United Nations Conference on Trade and Development, Balance of Payments Online database."
FootNote,"Gambia, The (GMB)",Current account balance (current US$) (BN.CAB.XOKA.CD),2001 (YR2001),"Source: United Nations Conference on Trade and Development, Balance of Payments Online database."
FootNote,"Gambia, The (GMB)","Foreign direct investment, net inflows in reporting economy (DRS, current US$) (BX.KLT.DINV.CD.DT)",2002 (YR2002),"Source: United Nations Conference on Trade and Development, Foreign Direct Investment Online database."
FootNote,"Gambia, The (GMB)","Foreign direct investment, net inflows in reporting economy (DRS, current US$) (BX.KLT.DINV.CD.DT)",2001 (YR2001),"Source: United Nations Conference on Trade and Development, Foreign Direct Investment Online database."
FootNote,"Gambia, The (GMB)","Foreign direct investment, net inflows in reporting economy (DRS, current US$) (BX.KLT.DINV.CD.DT)",1990 (YR1990),"Source: United Nations Conference on Trade and Development, Foreign Direct Investment Online database."
FootNote,"Gambia, The (GMB)","Foreign direct investment, net inflows in reporting economy (DRS, current US$) (BX.KLT.DINV.CD.DT)",1986 (YR1986),"Source: United Nations Conference on Trade and Development, Foreign Direct Investment Online database."
FootNote,"Gambia, The (GMB)","Foreign direct investment, net inflows in reporting economy (DRS, current US$) (BX.KLT.DINV.CD.DT)",1985 (YR1985),"Source: United Nations Conference on Trade and Development, Foreign Direct Investment Online database."
FootNote,"Gambia, The (GMB)","Foreign direct investment, net inflows in reporting economy (DRS, current US$) (BX.KLT.DINV.CD.DT)",2000 (YR2000),"Source: United Nations Conference on Trade and Development, Foreign Direct Investment Online database."
FootNote,"Gambia, The (GMB)",Current account balance (current US$) (BN.CAB.XOKA.CD),2000 (YR2000),"Source: United Nations Conference on Trade and Development, Balance of Payments Online database."
FootNote,"Gambia, The (GMB)","Foreign direct investment, net inflows in reporting economy (DRS, current US$) (BX.KLT.DINV.CD.DT)",1983 (YR1983),"Source: United Nations Conference on Trade and Development, Foreign Direct Investment Online database."
FootNote,"Gambia, The (GMB)","Foreign direct investment, net inflows in reporting economy (DRS, current US$) (BX.KLT.DINV.CD.DT)",1980 (YR1980),"Source: United Nations Conference on Trade and Development, Foreign Direct Investment Online database."
FootNote,"Gambia, The (GMB)","Foreign direct investment, net inflows in reporting economy (DRS, current US$) (BX.KLT.DINV.CD.DT)",1982 (YR1982),"Source: United Nations Conference on Trade and Development, Foreign Direct Investment Online database."
FootNote,"Gambia, The (GMB)","Foreign direct investment, net inflows in reporting economy (DRS, current US$) (BX.KLT.DINV.CD.DT)",1984 (YR1984),"Source: United Nations Conference on Trade and Development, Foreign Direct Investment Online database."
FootNote,Georgia (GEO),"Population, total (SP.POP.TOTL)",2019 (YR2019),Extrapolated assuming the same growth rate as previous 6 months.
FootNote,Ghana (GHA),"Total reserves (includes gold, current US$) (FI.RES.TOTL.CD)",2024 (YR2024),Gap-filled with countries' balance of payments statistics.
FootNote,Ghana (GHA),Debt forgiveness or reduction (current US$) (DT.DFR.DPPG.CD),2006 (YR2006),Data include the effects of MDRI.
FootNote,Ghana (GHA),"External debt stocks, total (DOD, current US$) (DT.DOD.DECT.CD)",2006 (YR2006),Data include the effects of MDRI.
FootNote,Ghana (GHA),"Present value of external debt (% of exports of goods, services and income) (DT.DOD.PVLX.EX.ZS)",2009 (YR2009),Data are from debt sustainability analyses for low-income countries. Present value estimates for these countries are for public and publicly guaranteed debt only.
FootNote,Ghana (GHA),Present value of external debt (% of GNI) (DT.DOD.PVLX.GN.ZS),2009 (YR2009),Data are from debt sustainability analyses for low-income countries. Present value estimates for these countries are for public and publicly guaranteed debt only.
FootNote,Ghana (GHA),"External debt stocks, total (DOD, current US$) (DT.DOD.DECT.CD)",2005 (YR2005),Data include the effects of a Paris Club debt restructuring agreement.
FootNote,Grenada (GRD),"External debt stocks, total (DOD, current US$) (DT.DOD.DECT.CD)",2006 (YR2006),Data include the effects of Paris Club debt restructuring agreement.
FootNote,Guinea (GIN),"External debt stocks, total (DOD, current US$) (DT.DOD.DECT.CD)",2008 (YR2008),Data include the effects of Enhanced HIPC Initiative and Paris Club debt restructuring agreement.
FootNote,Guinea (GIN),Debt forgiveness or reduction (current US$) (DT.DFR.DPPG.CD),2007 (YR2007),Data include the effects of Enhanced HIPC Initiative.
FootNote,Guinea (GIN),"Present value of external debt (% of exports of goods, services and income) (DT.DOD.PVLX.EX.ZS)",2009 (YR2009),Data are from debt sustainability analyses for low-income countries. Present value estimates for these countries are for public and publicly guaranteed debt only.
FootNote,Guinea (GIN),Present value of external debt (% of GNI) (DT.DOD.PVLX.GN.ZS),2009 (YR2009),Data are from debt sustainability analyses for low-income countries. Present value estimates for these countries are for public and publicly guaranteed debt only.
FootNote,Guinea (GIN),Debt forgiveness or reduction (current US$) (DT.DFR.DPPG.CD),2008 (YR2008),Data include the effects of Enhanced HIPC Initiative.
FootNote,Guinea (GIN),"External debt stocks, total (DOD, current US$) (DT.DOD.DECT.CD)",2007 (YR2007),Data include the effects of Enhanced HIPC Initiative.
FootNote,Guinea-Bissau (GNB),"Total reserves (includes gold, current US$) (FI.RES.TOTL.CD)",2022 (YR2022),Gap-filled with countries' balance of payments statistics.
FootNote,Guinea-Bissau (GNB),"Total reserves (includes gold, current US$) (FI.RES.TOTL.CD)",2018 (YR2018),Gap-filled with countries' balance of payments statistics.
FootNote,Guinea-Bissau (GNB),"Total reserves (includes gold, current US$) (FI.RES.TOTL.CD)",2019 (YR2019),Gap-filled with countries' balance of payments statistics.
FootNote,Guinea-Bissau (GNB),"Total reserves (includes gold, current US$) (FI.RES.TOTL.CD)",2021 (YR2021),Gap-filled with countries' balance of payments statistics.
FootNote,Guinea-Bissau (GNB),"Total reserves (includes gold, current US$) (FI.RES.TOTL.CD)",2017 (YR2017),Gap-filled with countries' balance of payments statistics.
FootNote,Guinea-Bissau (GNB),"Total reserves (includes gold, current US$) (FI.RES.TOTL.CD)",2020 (YR2020),Gap-filled with countries' balance of payments statistics.
FootNote,Guinea-Bissau (GNB),"Foreign direct investment, net inflows in reporting economy (DRS, current US$) (BX.KLT.DINV.CD.DT)",2024 (YR2024),"Source: United Nations Conference on Trade and Development, Foreign Direct Investment Online database."
FootNote,Guinea-Bissau (GNB),Current account balance (current US$) (BN.CAB.XOKA.CD),2024 (YR2024),Gap-filled with countries' balance of payments statistics.
FootNote,Guinea-Bissau (GNB),"Imports of goods, services and primary income (current US$) (BM.GSR.TOTL.CD)",2024 (YR2024),Gap-filled with countries' balance of payments statistics.
FootNote,Guinea-Bissau (GNB),"Exports of goods, services and primary income (current US$) (BX.GSR.TOTL.CD)",2024 (YR2024),Gap-filled with countries' balance of payments statistics.
FootNote,Guinea-Bissau (GNB),"Personal transfers and compensation of employees, received (current US$) (BX.TRF.PWKR.CD.DT)",2024 (YR2024),"Data on Personal Transfers and Compensation of Employees are prepared by World Bank staff based on IMF's Balance of Payments statistics and data releases from central banks, national statistical agencies, and World Bank country desks."
FootNote,Guinea-Bissau (GNB),"Total reserves (includes gold, current US$) (FI.RES.TOTL.CD)",2002 (YR2002),Gap-filled with countries' balance of payments statistics.
FootNote,Guinea-Bissau (GNB),"Total reserves (includes gold, current US$) (FI.RES.TOTL.CD)",2003 (YR2003),Gap-filled with countries' balance of payments statistics.
FootNote,Guinea-Bissau (GNB),"Total reserves (includes gold, current US$) (FI.RES.TOTL.CD)",2008 (YR2008),Gap-filled with countries' balance of payments statistics.
FootNote,Guinea-Bissau (GNB),"Total reserves (includes gold, current US$) (FI.RES.TOTL.CD)",2013 (YR2013),Gap-filled with countries' balance of payments statistics.
FootNote,Guinea-Bissau (GNB),"Total reserves (includes gold, current US$) (FI.RES.TOTL.CD)",2009 (YR2009),Gap-filled with countries' balance of payments statistics.
FootNote,Guinea-Bissau (GNB),"Total reserves (includes gold, current US$) (FI.RES.TOTL.CD)",2004 (YR2004),Gap-filled with countries' balance of payments statistics.
FootNote,Guinea-Bissau (GNB),"Total reserves (includes gold, current US$) (FI.RES.TOTL.CD)",2015 (YR2015),Gap-filled with countries' balance of payments statistics.
FootNote,Guinea-Bissau (GNB),"Total reserves (includes gold, current US$) (FI.RES.TOTL.CD)",2010 (YR2010),Gap-filled with countries' balance of payments statistics.
FootNote,Guinea-Bissau (GNB),"Total reserves (includes gold, current US$) (FI.RES.TOTL.CD)",2006 (YR2006),Gap-filled with countries' balance of payments statistics.
FootNote,Guinea-Bissau (GNB),"Total reserves (includes gold, current US$) (FI.RES.TOTL.CD)",2007 (YR2007),Gap-filled with countries' balance of payments statistics.
FootNote,Guinea-Bissau (GNB),"Total reserves (includes gold, current US$) (FI.RES.TOTL.CD)",2011 (YR2011),Gap-filled with countries' balance of payments statistics.
FootNote,Guinea-Bissau (GNB),"Total reserves (includes gold, current US$) (FI.RES.TOTL.CD)",2014 (YR2014),Gap-filled with countries' balance of payments statistics.
FootNote,Guinea-Bissau (GNB),"Total reserves (includes gold, current US$) (FI.RES.TOTL.CD)",2001 (YR2001),Gap-filled with countries' balance of payments statistics.
FootNote,Guinea-Bissau (GNB),"Total reserves (includes gold, current US$) (FI.RES.TOTL.CD)",2016 (YR2016),Gap-filled with countries' balance of payments statistics.
FootNote,Guinea-Bissau (GNB),"Total reserves (includes gold, current US$) (FI.RES.TOTL.CD)",2005 (YR2005),Gap-filled with countries' balance of payments statistics.
FootNote,Guinea-Bissau (GNB),"Total reserves (includes gold, current US$) (FI.RES.TOTL.CD)",2012 (YR2012),Gap-filled with countries' balance of payments statistics.
FootNote,Guinea-Bissau (GNB),Debt forgiveness or reduction (current US$) (DT.DFR.DPPG.CD),2009 (YR2009),Data include the effects of Enhanced HIPC Initiative.
FootNote,Guinea-Bissau (GNB),"External debt stocks, total (DOD, current US$) (DT.DOD.DECT.CD)",2008 (YR2008),Data include the effects of Enhanced HIPC Initiative.
FootNote,Guinea-Bissau (GNB),"External debt stocks, total (DOD, current US$) (DT.DOD.DECT.CD)",2009 (YR2009),Data include the effects of Enhanced HIPC Initiative.
FootNote,Guinea-Bissau (GNB),Debt forgiveness or reduction (current US$) (DT.DFR.DPPG.CD),2008 (YR2008),Data include the effects of Enhanced HIPC Initiative.
FootNote,Guinea-Bissau (GNB),Debt forgiveness or reduction (current US$) (DT.DFR.DPPG.CD),2007 (YR2007),Data include the effects of Enhanced HIPC Initiative.
FootNote,Guinea-Bissau (GNB),"External debt stocks, total (DOD, current US$) (DT.DOD.DECT.CD)",2007 (YR2007),Data include the effects of Enhanced HIPC Initiative.
FootNote,Guinea-Bissau (GNB),"Present value of external debt (% of exports of goods, services and income) (DT.DOD.PVLX.EX.ZS)",2009 (YR2009),Data are from debt sustainability analyses for low-income countries. Present value estimates for these countries are for public and publicly guaranteed debt only.
FootNote,Guinea-Bissau (GNB),Present value of external debt (% of GNI) (DT.DOD.PVLX.GN.ZS),2009 (YR2009),Data are from debt sustainability analyses for low-income countries. Present value estimates for these countries are for public and publicly guaranteed debt only.
FootNote,Guinea-Bissau (GNB),"External debt stocks, total (DOD, current US$) (DT.DOD.DECT.CD)",2010 (YR2010),Data include the effects of Enhanced HIPC Initiative.
FootNote,Guinea-Bissau (GNB),"Foreign direct investment, net inflows in reporting economy (DRS, current US$) (BX.KLT.DINV.CD.DT)",2000 (YR2000),"Source: United Nations Conference on Trade and Development, Foreign Direct Investment Online database."
FootNote,Guinea-Bissau (GNB),"Total reserves (includes gold, current US$) (FI.RES.TOTL.CD)",2000 (YR2000),Gap-filled with countries' balance of payments statistics.
FootNote,Guinea-Bissau (GNB),"Foreign direct investment, net inflows in reporting economy (DRS, current US$) (BX.KLT.DINV.CD.DT)",1994 (YR1994),"Source: United Nations Conference on Trade and Development, Foreign Direct Investment Online database."
FootNote,Guinea-Bissau (GNB),"Foreign direct investment, net inflows in reporting economy (DRS, current US$) (BX.KLT.DINV.CD.DT)",1997 (YR1997),"Source: United Nations Conference on Trade and Development, Foreign Direct Investment Online database."
FootNote,Guinea-Bissau (GNB),Current account balance (current US$) (BN.CAB.XOKA.CD),2000 (YR2000),"Source: United Nations Conference on Trade and Development, Balance of Payments Online database."
FootNote,Guinea-Bissau (GNB),"Foreign direct investment, net inflows in reporting economy (DRS, current US$) (BX.KLT.DINV.CD.DT)",1995 (YR1995),"Source: United Nations Conference on Trade and Development, Foreign Direct Investment Online database."
FootNote,Guinea-Bissau (GNB),"Foreign direct investment, net inflows in reporting economy (DRS, current US$) (BX.KLT.DINV.CD.DT)",1990 (YR1990),"Source: United Nations Conference on Trade and Development, Foreign Direct Investment Online database."
FootNote,Guinea-Bissau (GNB),"Foreign direct investment, net inflows in reporting economy (DRS, current US$) (BX.KLT.DINV.CD.DT)",1986 (YR1986),"Source: United Nations Conference on Trade and Development, Foreign Direct Investment Online database."
FootNote,Guinea-Bissau (GNB),"Foreign direct investment, net inflows in reporting economy (DRS, current US$) (BX.KLT.DINV.CD.DT)",1985 (YR1985),"Source: United Nations Conference on Trade and Development, Foreign Direct Investment Online database."
FootNote,Guinea-Bissau (GNB),"Foreign direct investment, net inflows in reporting economy (DRS, current US$) (BX.KLT.DINV.CD.DT)",1987 (YR1987),"Source: United Nations Conference on Trade and Development, Foreign Direct Investment Online database."
FootNote,Guinea-Bissau (GNB),"Foreign direct investment, net inflows in reporting economy (DRS, current US$) (BX.KLT.DINV.CD.DT)",1989 (YR1989),"Source: United Nations Conference on Trade and Development, Foreign Direct Investment Online database."
FootNote,Guinea-Bissau (GNB),"Foreign direct investment, net inflows in reporting economy (DRS, current US$) (BX.KLT.DINV.CD.DT)",1988 (YR1988),"Source: United Nations Conference on Trade and Development, Foreign Direct Investment Online database."
FootNote,Guinea-Bissau (GNB),"Foreign direct investment, net inflows in reporting economy (DRS, current US$) (BX.KLT.DINV.CD.DT)",1999 (YR1999),"Source: United Nations Conference on Trade and Development, Foreign Direct Investment Online database."
FootNote,Guinea-Bissau (GNB),"Foreign direct investment, net inflows in reporting economy (DRS, current US$) (BX.KLT.DINV.CD.DT)",1998 (YR1998),"Source: United Nations Conference on Trade and Development, Foreign Direct Investment Online database."
FootNote,Guinea-Bissau (GNB),"Foreign direct investment, net inflows in reporting economy (DRS, current US$) (BX.KLT.DINV.CD.DT)",1993 (YR1993),"Source: United Nations Conference on Trade and Development, Foreign Direct Investment Online database."
FootNote,Guinea-Bissau (GNB),"Foreign direct investment, net inflows in reporting economy (DRS, current US$) (BX.KLT.DINV.CD.DT)",1996 (YR1996),"Source: United Nations Conference on Trade and Development, Foreign Direct Investment Online database."
FootNote,Guinea-Bissau (GNB),"Foreign direct investment, net inflows in reporting economy (DRS, current US$) (BX.KLT.DINV.CD.DT)",1991 (YR1991),"Source: United Nations Conference on Trade and Development, Foreign Direct Investment Online database."
FootNote,Guinea-Bissau (GNB),"Foreign direct investment, net inflows in reporting economy (DRS, current US$) (BX.KLT.DINV.CD.DT)",1992 (YR1992),"Source: United Nations Conference on Trade and Development, Foreign Direct Investment Online database."
FootNote,Guinea-Bissau (GNB),"Foreign direct investment, net inflows in reporting economy (DRS, current US$) (BX.KLT.DINV.CD.DT)",1975 (YR1975),"Source: United Nations Conference on Trade and Development, Foreign Direct Investment Online database."
FootNote,Guinea-Bissau (GNB),"Foreign direct investment, net inflows in reporting economy (DRS, current US$) (BX.KLT.DINV.CD.DT)",1979 (YR1979),"Source: United Nations Conference on Trade and Development, Foreign Direct Investment Online database."
FootNote,Guinea-Bissau (GNB),"Foreign direct investment, net inflows in reporting economy (DRS, current US$) (BX.KLT.DINV.CD.DT)",1977 (YR1977),"Source: United Nations Conference on Trade and Development, Foreign Direct Investment Online database."
FootNote,Guinea-Bissau (GNB),"Foreign direct investment, net inflows in reporting economy (DRS, current US$) (BX.KLT.DINV.CD.DT)",1984 (YR1984),"Source: United Nations Conference on Trade and Development, Foreign Direct Investment Online database."
FootNote,Guyana (GUY),Current account balance (current US$) (BN.CAB.XOKA.CD),2024 (YR2024),Gap-filled with countries' balance of payments statistics.
FootNote,Guyana (GUY),"Exports of goods, services and primary income (current US$) (BX.GSR.TOTL.CD)",2024 (YR2024),Gap-filled with countries' balance of payments statistics.
FootNote,Guyana (GUY),"Foreign direct investment, net inflows in reporting economy (DRS, current US$) (BX.KLT.DINV.CD.DT)",2024 (YR2024),Gap-filled with countries' balance of payments statistics.
FootNote,Guyana (GUY),"Imports of goods, services and primary income (current US$) (BM.GSR.TOTL.CD)",2024 (YR2024),Gap-filled with countries' balance of payments statistics.
FootNote,Guyana (GUY),"Personal transfers and compensation of employees, received (current US$) (BX.TRF.PWKR.CD.DT)",2024 (YR2024),"Data on Personal Transfers and Compensation of Employees are prepared by World Bank staff based on IMF's Balance of Payments statistics and data releases from central banks, national statistical agencies, and World Bank country desks."
FootNote,Guyana (GUY),Debt forgiveness or reduction (current US$) (DT.DFR.DPPG.CD),2006 (YR2006),Data include the effects of MDRI.
FootNote,Guyana (GUY),"External debt stocks, total (DOD, current US$) (DT.DOD.DECT.CD)",2006 (YR2006),Data include the effects of MDRI.
FootNote,Guyana (GUY),Present value of external debt (% of GNI) (DT.DOD.PVLX.GN.ZS),2009 (YR2009),Data are from debt sustainability analyses for low-income countries. Present value estimates for these countries are for public and publicly guaranteed debt only.
FootNote,Guyana (GUY),"Present value of external debt (% of exports of goods, services and income) (DT.DOD.PVLX.EX.ZS)",2009 (YR2009),Data are from debt sustainability analyses for low-income countries. Present value estimates for these countries are for public and publicly guaranteed debt only.
FootNote,Guyana (GUY),"Foreign direct investment, net inflows in reporting economy (DRS, current US$) (BX.KLT.DINV.CD.DT)",1991 (YR1991),"Source: United Nations Conference on Trade and Development, Foreign Direct Investment Online database."
FootNote,Guyana (GUY),"Foreign direct investment, net inflows in reporting economy (DRS, current US$) (BX.KLT.DINV.CD.DT)",1990 (YR1990),"Source: United Nations Conference on Trade and Development, Foreign Direct Investment Online database."
FootNote,Guyana (GUY),"Foreign direct investment, net inflows in reporting economy (DRS, current US$) (BX.KLT.DINV.CD.DT)",1987 (YR1987),"Source: United Nations Conference on Trade and Development, Foreign Direct Investment Online database."
FootNote,Guyana (GUY),"Foreign direct investment, net inflows in reporting economy (DRS, current US$) (BX.KLT.DINV.CD.DT)",1988 (YR1988),"Source: United Nations Conference on Trade and Development, Foreign Direct Investment Online database."
FootNote,Guyana (GUY),"Foreign direct investment, net inflows in reporting economy (DRS, current US$) (BX.KLT.DINV.CD.DT)",1986 (YR1986),"Source: United Nations Conference on Trade and Development, Foreign Direct Investment Online database."
FootNote,Guyana (GUY),"Foreign direct investment, net inflows in reporting economy (DRS, current US$) (BX.KLT.DINV.CD.DT)",1989 (YR1989),"Source: United Nations Conference on Trade and Development, Foreign Direct Investment Online database."
FootNote,Guyana (GUY),"Foreign direct investment, net inflows in reporting economy (DRS, current US$) (BX.KLT.DINV.CD.DT)",1978 (YR1978),"Source: United Nations Conference on Trade and Development, Foreign Direct Investment Online database."
FootNote,Haiti (HTI),"Personal transfers and compensation of employees, received (current US$) (BX.TRF.PWKR.CD.DT)",2024 (YR2024),"Data on Personal Transfers and Compensation of Employees are prepared by World Bank staff based on IMF's Balance of Payments statistics and data releases from central banks, national statistical agencies, and World Bank country desks."
FootNote,Haiti (HTI),"Exports of goods, services and primary income (current US$) (BX.GSR.TOTL.CD)",2024 (YR2024),"Data are prepared by World Bank staff based on IMF's Balance of Payments statistics and data releases from central banks, national statistical agencies, and World Bank country desks."
FootNote,Haiti (HTI),"Imports of goods, services and primary income (current US$) (BM.GSR.TOTL.CD)",2024 (YR2024),"Data are prepared by World Bank staff based on IMF's Balance of Payments statistics and data releases from central banks, national statistical agencies, and World Bank country desks."
FootNote,Haiti (HTI),Current account balance (current US$) (BN.CAB.XOKA.CD),2024 (YR2024),"Data are prepared by World Bank staff based on IMF's Balance of Payments statistics and data releases from central banks, national statistical agencies, and World Bank country desks"
FootNote,Haiti (HTI),"Foreign direct investment, net inflows in reporting economy (DRS, current US$) (BX.KLT.DINV.CD.DT)",2024 (YR2024),"Source: United Nations Conference on Trade and Development, Foreign Direct Investment Online database."
FootNote,Haiti (HTI),Debt forgiveness or reduction (current US$) (DT.DFR.DPPG.CD),2008 (YR2008),Data include the effects of Enhanced HIPC Initiative.
FootNote,Haiti (HTI),Debt forgiveness or reduction (current US$) (DT.DFR.DPPG.CD),2009 (YR2009),Data include the effects of MDRI and HIPC debt relief.
FootNote,Haiti (HTI),"External debt stocks, total (DOD, current US$) (DT.DOD.DECT.CD)",2009 (YR2009),"Data include the effects of MDRI and HIPC debt relief, and Paris Club debt restructuring agreement."
FootNote,Haiti (HTI),"External debt stocks, total (DOD, current US$) (DT.DOD.DECT.CD)",2010 (YR2010),Data include the effects of MDRI.
FootNote,Haiti (HTI),"External debt stocks, total (DOD, current US$) (DT.DOD.DECT.CD)",2006 (YR2006),Data include the effects of Paris Club debt restructuring agreement.
FootNote,Haiti (HTI),"Present value of external debt (% of exports of goods, services and income) (DT.DOD.PVLX.EX.ZS)",2009 (YR2009),Data are from debt sustainability analyses for low-income countries. Present value estimates for these countries are for public and publicly guaranteed debt only.
FootNote,Haiti (HTI),Present value of external debt (% of GNI) (DT.DOD.PVLX.GN.ZS),2009 (YR2009),Data are from debt sustainability analyses for low-income countries. Present value estimates for these countries are for public and publicly guaranteed debt only.
FootNote,Haiti (HTI),Debt forgiveness or reduction (current US$) (DT.DFR.DPPG.CD),2007 (YR2007),Data include the effects of Enhanced HIPC Initiative.
FootNote,Haiti (HTI),"External debt stocks, total (DOD, current US$) (DT.DOD.DECT.CD)",2008 (YR2008),Data include the effects of Enhanced HIPC Initiative.
FootNote,Haiti (HTI),"External debt stocks, total (DOD, current US$) (DT.DOD.DECT.CD)",2007 (YR2007),Data include the effects of Enhanced HIPC Initiative.
FootNote,Haiti (HTI),"Foreign direct investment, net inflows in reporting economy (DRS, current US$) (BX.KLT.DINV.CD.DT)",1990 (YR1990),"Source: United Nations Conference on Trade and Development, Foreign Direct Investment Online database."
FootNote,Haiti (HTI),"Foreign direct investment, net inflows in reporting economy (DRS, current US$) (BX.KLT.DINV.CD.DT)",1994 (YR1994),"Source: United Nations Conference on Trade and Development, Foreign Direct Investment Online database."
FootNote,Honduras (HND),"External debt stocks, total (DOD, current US$) (DT.DOD.DECT.CD)",2005 (YR2005),Data include the effects of a Paris Club debt restructuring agreement.
FootNote,Honduras (HND),Present value of external debt (% of GNI) (DT.DOD.PVLX.GN.ZS),2009 (YR2009),Data are from debt sustainability analyses for low-income countries. Present value estimates for these countries are for public and publicly guaranteed debt only.
FootNote,Honduras (HND),"Present value of external debt (% of exports of goods, services and income) (DT.DOD.PVLX.EX.ZS)",2009 (YR2009),Data are from debt sustainability analyses for low-income countries. Present value estimates for these countries are for public and publicly guaranteed debt only.
FootNote,Honduras (HND),"External debt stocks, total (DOD, current US$) (DT.DOD.DECT.CD)",2007 (YR2007),Data include the effects of MDRI.
FootNote,Honduras (HND),Debt forgiveness or reduction (current US$) (DT.DFR.DPPG.CD),2007 (YR2007),Data include the effects of MDRI.
FootNote,India (IND),"Foreign direct investment, net inflows in reporting economy (DRS, current US$) (BX.KLT.DINV.CD.DT)",1990 (YR1990),"Source: United Nations Conference on Trade and Development, Foreign Direct Investment Online database."
FootNote,India (IND),"Foreign direct investment, net inflows in reporting economy (DRS, current US$) (BX.KLT.DINV.CD.DT)",1988 (YR1988),"Source: United Nations Conference on Trade and Development, Foreign Direct Investment Online database."
FootNote,India (IND),"Foreign direct investment, net inflows in reporting economy (DRS, current US$) (BX.KLT.DINV.CD.DT)",1985 (YR1985),"Source: United Nations Conference on Trade and Development, Foreign Direct Investment Online database."
FootNote,India (IND),"Foreign direct investment, net inflows in reporting economy (DRS, current US$) (BX.KLT.DINV.CD.DT)",1986 (YR1986),"Source: United Nations Conference on Trade and Development, Foreign Direct Investment Online database."
FootNote,India (IND),"Foreign direct investment, net inflows in reporting economy (DRS, current US$) (BX.KLT.DINV.CD.DT)",1989 (YR1989),"Source: United Nations Conference on Trade and Development, Foreign Direct Investment Online database."
FootNote,India (IND),"Foreign direct investment, net inflows in reporting economy (DRS, current US$) (BX.KLT.DINV.CD.DT)",1987 (YR1987),"Source: United Nations Conference on Trade and Development, Foreign Direct Investment Online database."
FootNote,India (IND),"Foreign direct investment, net inflows in reporting economy (DRS, current US$) (BX.KLT.DINV.CD.DT)",1977 (YR1977),"Source: United Nations Conference on Trade and Development, Foreign Direct Investment Online database."
FootNote,India (IND),"Foreign direct investment, net inflows in reporting economy (DRS, current US$) (BX.KLT.DINV.CD.DT)",1978 (YR1978),"Source: United Nations Conference on Trade and Development, Foreign Direct Investment Online database."
FootNote,India (IND),"Foreign direct investment, net inflows in reporting economy (DRS, current US$) (BX.KLT.DINV.CD.DT)",1981 (YR1981),"Source: United Nations Conference on Trade and Development, Foreign Direct Investment Online database."
FootNote,India (IND),"Foreign direct investment, net inflows in reporting economy (DRS, current US$) (BX.KLT.DINV.CD.DT)",1983 (YR1983),"Source: United Nations Conference on Trade and Development, Foreign Direct Investment Online database."
FootNote,India (IND),"Foreign direct investment, net inflows in reporting economy (DRS, current US$) (BX.KLT.DINV.CD.DT)",1980 (YR1980),"Source: United Nations Conference on Trade and Development, Foreign Direct Investment Online database."
FootNote,India (IND),"Foreign direct investment, net inflows in reporting economy (DRS, current US$) (BX.KLT.DINV.CD.DT)",1979 (YR1979),"Source: United Nations Conference on Trade and Development, Foreign Direct Investment Online database."
FootNote,India (IND),"Foreign direct investment, net inflows in reporting economy (DRS, current US$) (BX.KLT.DINV.CD.DT)",1984 (YR1984),"Source: United Nations Conference on Trade and Development, Foreign Direct Investment Online database."
FootNote,India (IND),"Foreign direct investment, net inflows in reporting economy (DRS, current US$) (BX.KLT.DINV.CD.DT)",1982 (YR1982),"Source: United Nations Conference on Trade and Development, Foreign Direct Investment Online database."
FootNote,Indonesia (IDN),"External debt stocks, total (DOD, current US$) (DT.DOD.DECT.CD)",2005 (YR2005),Data include the effects of a Tsunami-related Paris Club debt restructuring agreement.
FootNote,"Iran, Islamic Rep. (IRN)","Foreign direct investment, net inflows in reporting economy (DRS, current US$) (BX.KLT.DINV.CD.DT)",2018 (YR2018),"Source: United Nations Conference on Trade and Development, Foreign Direct Investment Online database."
FootNote,"Iran, Islamic Rep. (IRN)",Current account balance (current US$) (BN.CAB.XOKA.CD),2017 (YR2017),Gap-filled with countries' balance of payments statistics.
FootNote,"Iran, Islamic Rep. (IRN)",Current account balance (current US$) (BN.CAB.XOKA.CD),2019 (YR2019),Gap-filled with countries' balance of payments statistics.
FootNote,"Iran, Islamic Rep. (IRN)",Current account balance (current US$) (BN.CAB.XOKA.CD),2023 (YR2023),Gap-filled with countries' balance of payments statistics.
FootNote,"Iran, Islamic Rep. (IRN)",Current account balance (current US$) (BN.CAB.XOKA.CD),2021 (YR2021),Gap-filled with countries' balance of payments statistics.
FootNote,"Iran, Islamic Rep. (IRN)",Current account balance (current US$) (BN.CAB.XOKA.CD),2018 (YR2018),Gap-filled with countries' balance of payments statistics.
FootNote,"Iran, Islamic Rep. (IRN)",Current account balance (current US$) (BN.CAB.XOKA.CD),2022 (YR2022),Gap-filled with countries' balance of payments statistics.
FootNote,"Iran, Islamic Rep. (IRN)",Current account balance (current US$) (BN.CAB.XOKA.CD),2020 (YR2020),Gap-filled with countries' balance of payments statistics.
FootNote,"Iran, Islamic Rep. (IRN)",Current account balance (current US$) (BN.CAB.XOKA.CD),2024 (YR2024),Gap-filled with countries' balance of payments statistics.
FootNote,"Iran, Islamic Rep. (IRN)","Exports of goods, services and primary income (current US$) (BX.GSR.TOTL.CD)",2024 (YR2024),Gap-filled with countries' balance of payments statistics.
FootNote,"Iran, Islamic Rep. (IRN)","Imports of goods, services and primary income (current US$) (BM.GSR.TOTL.CD)",2023 (YR2023),Gap-filled with countries' balance of payments statistics.
FootNote,"Iran, Islamic Rep. (IRN)","Imports of goods, services and primary income (current US$) (BM.GSR.TOTL.CD)",2021 (YR2021),Gap-filled with countries' balance of payments statistics.
FootNote,"Iran, Islamic Rep. (IRN)","Imports of goods, services and primary income (current US$) (BM.GSR.TOTL.CD)",2019 (YR2019),Gap-filled with countries' balance of payments statistics.
FootNote,"Iran, Islamic Rep. (IRN)","Imports of goods, services and primary income (current US$) (BM.GSR.TOTL.CD)",2018 (YR2018),Gap-filled with countries' balance of payments statistics.
FootNote,"Iran, Islamic Rep. (IRN)","Imports of goods, services and primary income (current US$) (BM.GSR.TOTL.CD)",2024 (YR2024),Gap-filled with countries' balance of payments statistics.
FootNote,"Iran, Islamic Rep. (IRN)","Imports of goods, services and primary income (current US$) (BM.GSR.TOTL.CD)",2022 (YR2022),Gap-filled with countries' balance of payments statistics.
FootNote,"Iran, Islamic Rep. (IRN)","Exports of goods, services and primary income (current US$) (BX.GSR.TOTL.CD)",2021 (YR2021),Gap-filled with countries' balance of payments statistics.
FootNote,"Iran, Islamic Rep. (IRN)","Exports of goods, services and primary income (current US$) (BX.GSR.TOTL.CD)",2018 (YR2018),Gap-filled with countries' balance of payments statistics.
FootNote,"Iran, Islamic Rep. (IRN)","Exports of goods, services and primary income (current US$) (BX.GSR.TOTL.CD)",2019 (YR2019),Gap-filled with countries' balance of payments statistics.
FootNote,"Iran, Islamic Rep. (IRN)","Exports of goods, services and primary income (current US$) (BX.GSR.TOTL.CD)",2022 (YR2022),Gap-filled with countries' balance of payments statistics.
FootNote,"Iran, Islamic Rep. (IRN)","Exports of goods, services and primary income (current US$) (BX.GSR.TOTL.CD)",2017 (YR2017),Gap-filled with countries' balance of payments statistics.
FootNote,"Iran, Islamic Rep. (IRN)","Exports of goods, services and primary income (current US$) (BX.GSR.TOTL.CD)",2023 (YR2023),Gap-filled with countries' balance of payments statistics.
FootNote,"Iran, Islamic Rep. (IRN)","Exports of goods, services and primary income (current US$) (BX.GSR.TOTL.CD)",2020 (YR2020),Gap-filled with countries' balance of payments statistics.
FootNote,"Iran, Islamic Rep. (IRN)","Personal transfers and compensation of employees, received (current US$) (BX.TRF.PWKR.CD.DT)",2019 (YR2019),"Source: United Nations Conference on Trade and Development, Balance of Payments Online database."
FootNote,"Iran, Islamic Rep. (IRN)","Imports of goods, services and primary income (current US$) (BM.GSR.TOTL.CD)",2017 (YR2017),Gap-filled with countries' balance of payments statistics.
FootNote,"Iran, Islamic Rep. (IRN)","Imports of goods, services and primary income (current US$) (BM.GSR.TOTL.CD)",2020 (YR2020),Gap-filled with countries' balance of payments statistics.
FootNote,"Iran, Islamic Rep. (IRN)","Personal transfers and compensation of employees, received (current US$) (BX.TRF.PWKR.CD.DT)",2018 (YR2018),"Source: United Nations Conference on Trade and Development, Balance of Payments Online database."
FootNote,"Iran, Islamic Rep. (IRN)","Personal transfers and compensation of employees, received (current US$) (BX.TRF.PWKR.CD.DT)",2020 (YR2020),"Source: United Nations Conference on Trade and Development, Balance of Payments Online database."
FootNote,"Iran, Islamic Rep. (IRN)","Personal transfers and compensation of employees, received (current US$) (BX.TRF.PWKR.CD.DT)",2022 (YR2022),"Source: United Nations Conference on Trade and Development, Balance of Payments Online database."
FootNote,"Iran, Islamic Rep. (IRN)","Personal transfers and compensation of employees, received (current US$) (BX.TRF.PWKR.CD.DT)",2017 (YR2017),"Source: United Nations Conference on Trade and Development, Balance of Payments Online database."
FootNote,"Iran, Islamic Rep. (IRN)","Personal transfers and compensation of employees, received (current US$) (BX.TRF.PWKR.CD.DT)",2023 (YR2023),"Source: United Nations Conference on Trade and Development, Balance of Payments Online database."
FootNote,"Iran, Islamic Rep. (IRN)","Personal transfers and compensation of employees, received (current US$) (BX.TRF.PWKR.CD.DT)",2021 (YR2021),"Source: United Nations Conference on Trade and Development, Balance of Payments Online database."
FootNote,"Iran, Islamic Rep. (IRN)","Foreign direct investment, net inflows in reporting economy (DRS, current US$) (BX.KLT.DINV.CD.DT)",2023 (YR2023),"Source: United Nations Conference on Trade and Development, Foreign Direct Investment Online database."
FootNote,"Iran, Islamic Rep. (IRN)","Foreign direct investment, net inflows in reporting economy (DRS, current US$) (BX.KLT.DINV.CD.DT)",2019 (YR2019),"Source: United Nations Conference on Trade and Development, Foreign Direct Investment Online database."
FootNote,"Iran, Islamic Rep. (IRN)","Foreign direct investment, net inflows in reporting economy (DRS, current US$) (BX.KLT.DINV.CD.DT)",2024 (YR2024),"Source: United Nations Conference on Trade and Development, Foreign Direct Investment Online database."
FootNote,"Iran, Islamic Rep. (IRN)","Foreign direct investment, net inflows in reporting economy (DRS, current US$) (BX.KLT.DINV.CD.DT)",2022 (YR2022),"Source: United Nations Conference on Trade and Development, Foreign Direct Investment Online database."
FootNote,"Iran, Islamic Rep. (IRN)","Foreign direct investment, net inflows in reporting economy (DRS, current US$) (BX.KLT.DINV.CD.DT)",2021 (YR2021),"Source: United Nations Conference on Trade and Development, Foreign Direct Investment Online database."
FootNote,"Iran, Islamic Rep. (IRN)","Foreign direct investment, net inflows in reporting economy (DRS, current US$) (BX.KLT.DINV.CD.DT)",2017 (YR2017),"Source: United Nations Conference on Trade and Development, Foreign Direct Investment Online database."
FootNote,"Iran, Islamic Rep. (IRN)","Foreign direct investment, net inflows in reporting economy (DRS, current US$) (BX.KLT.DINV.CD.DT)",2020 (YR2020),"Source: United Nations Conference on Trade and Development, Foreign Direct Investment Online database."
FootNote,"Iran, Islamic Rep. (IRN)","Exports of goods, services and primary income (current US$) (BX.GSR.TOTL.CD)",2004 (YR2004),Gap-filled with countries' balance of payments statistics.
FootNote,"Iran, Islamic Rep. (IRN)","Exports of goods, services and primary income (current US$) (BX.GSR.TOTL.CD)",2008 (YR2008),Gap-filled with countries' balance of payments statistics.
FootNote,"Iran, Islamic Rep. (IRN)","Exports of goods, services and primary income (current US$) (BX.GSR.TOTL.CD)",2012 (YR2012),Gap-filled with countries' balance of payments statistics.
FootNote,"Iran, Islamic Rep. (IRN)","Exports of goods, services and primary income (current US$) (BX.GSR.TOTL.CD)",2014 (YR2014),Gap-filled with countries' balance of payments statistics.
FootNote,"Iran, Islamic Rep. (IRN)","Exports of goods, services and primary income (current US$) (BX.GSR.TOTL.CD)",2013 (YR2013),Gap-filled with countries' balance of payments statistics.
FootNote,"Iran, Islamic Rep. (IRN)","Exports of goods, services and primary income (current US$) (BX.GSR.TOTL.CD)",2002 (YR2002),Gap-filled with countries' balance of payments statistics.
FootNote,"Iran, Islamic Rep. (IRN)","Exports of goods, services and primary income (current US$) (BX.GSR.TOTL.CD)",2001 (YR2001),Gap-filled with countries' balance of payments statistics.
FootNote,"Iran, Islamic Rep. (IRN)",Current account balance (current US$) (BN.CAB.XOKA.CD),2008 (YR2008),"Source: United Nations Conference on Trade and Development, Balance of Payments Online database."
FootNote,"Iran, Islamic Rep. (IRN)",Current account balance (current US$) (BN.CAB.XOKA.CD),2001 (YR2001),"Source: United Nations Conference on Trade and Development, Balance of Payments Online database."
FootNote,"Iran, Islamic Rep. (IRN)",Current account balance (current US$) (BN.CAB.XOKA.CD),2009 (YR2009),"Source: United Nations Conference on Trade and Development, Balance of Payments Online database."
FootNote,"Iran, Islamic Rep. (IRN)","Imports of goods, services and primary income (current US$) (BM.GSR.TOTL.CD)",2007 (YR2007),Gap-filled with countries' balance of payments statistics.
FootNote,"Iran, Islamic Rep. (IRN)","Imports of goods, services and primary income (current US$) (BM.GSR.TOTL.CD)",2009 (YR2009),Gap-filled with countries' balance of payments statistics.
FootNote,"Iran, Islamic Rep. (IRN)","Imports of goods, services and primary income (current US$) (BM.GSR.TOTL.CD)",2010 (YR2010),Gap-filled with countries' balance of payments statistics.
FootNote,"Iran, Islamic Rep. (IRN)","Imports of goods, services and primary income (current US$) (BM.GSR.TOTL.CD)",2002 (YR2002),Gap-filled with countries' balance of payments statistics.
FootNote,"Iran, Islamic Rep. (IRN)","Imports of goods, services and primary income (current US$) (BM.GSR.TOTL.CD)",2015 (YR2015),Gap-filled with countries' balance of payments statistics.
FootNote,"Iran, Islamic Rep. (IRN)","Imports of goods, services and primary income (current US$) (BM.GSR.TOTL.CD)",2006 (YR2006),Gap-filled with countries' balance of payments statistics.
FootNote,"Iran, Islamic Rep. (IRN)","Exports of goods, services and primary income (current US$) (BX.GSR.TOTL.CD)",2007 (YR2007),Gap-filled with countries' balance of payments statistics.
FootNote,"Iran, Islamic Rep. (IRN)","Exports of goods, services and primary income (current US$) (BX.GSR.TOTL.CD)",2005 (YR2005),Gap-filled with countries' balance of payments statistics.
FootNote,"Iran, Islamic Rep. (IRN)","Exports of goods, services and primary income (current US$) (BX.GSR.TOTL.CD)",2011 (YR2011),Gap-filled with countries' balance of payments statistics.
FootNote,"Iran, Islamic Rep. (IRN)","Exports of goods, services and primary income (current US$) (BX.GSR.TOTL.CD)",2010 (YR2010),Gap-filled with countries' balance of payments statistics.
FootNote,"Iran, Islamic Rep. (IRN)","Exports of goods, services and primary income (current US$) (BX.GSR.TOTL.CD)",2009 (YR2009),Gap-filled with countries' balance of payments statistics.
FootNote,"Iran, Islamic Rep. (IRN)","Exports of goods, services and primary income (current US$) (BX.GSR.TOTL.CD)",2016 (YR2016),Gap-filled with countries' balance of payments statistics.
FootNote,"Iran, Islamic Rep. (IRN)","Exports of goods, services and primary income (current US$) (BX.GSR.TOTL.CD)",2006 (YR2006),Gap-filled with countries' balance of payments statistics.
FootNote,"Iran, Islamic Rep. (IRN)","Exports of goods, services and primary income (current US$) (BX.GSR.TOTL.CD)",2015 (YR2015),Gap-filled with countries' balance of payments statistics.
FootNote,"Iran, Islamic Rep. (IRN)","Exports of goods, services and primary income (current US$) (BX.GSR.TOTL.CD)",2003 (YR2003),Gap-filled with countries' balance of payments statistics.
FootNote,"Iran, Islamic Rep. (IRN)","Imports of goods, services and primary income (current US$) (BM.GSR.TOTL.CD)",2004 (YR2004),Gap-filled with countries' balance of payments statistics.
FootNote,"Iran, Islamic Rep. (IRN)","Imports of goods, services and primary income (current US$) (BM.GSR.TOTL.CD)",2011 (YR2011),Gap-filled with countries' balance of payments statistics.
FootNote,"Iran, Islamic Rep. (IRN)","Imports of goods, services and primary income (current US$) (BM.GSR.TOTL.CD)",2001 (YR2001),Gap-filled with countries' balance of payments statistics.
FootNote,"Iran, Islamic Rep. (IRN)","Imports of goods, services and primary income (current US$) (BM.GSR.TOTL.CD)",2003 (YR2003),Gap-filled with countries' balance of payments statistics.
FootNote,"Iran, Islamic Rep. (IRN)","Imports of goods, services and primary income (current US$) (BM.GSR.TOTL.CD)",2013 (YR2013),Gap-filled with countries' balance of payments statistics.
FootNote,"Iran, Islamic Rep. (IRN)","Imports of goods, services and primary income (current US$) (BM.GSR.TOTL.CD)",2014 (YR2014),Gap-filled with countries' balance of payments statistics.
FootNote,"Iran, Islamic Rep. (IRN)","Imports of goods, services and primary income (current US$) (BM.GSR.TOTL.CD)",2016 (YR2016),Gap-filled with countries' balance of payments statistics.
FootNote,"Iran, Islamic Rep. (IRN)","Imports of goods, services and primary income (current US$) (BM.GSR.TOTL.CD)",2008 (YR2008),Gap-filled with countries' balance of payments statistics.
FootNote,"Iran, Islamic Rep. (IRN)","Imports of goods, services and primary income (current US$) (BM.GSR.TOTL.CD)",2012 (YR2012),Gap-filled with countries' balance of payments statistics.
FootNote,"Iran, Islamic Rep. (IRN)","Imports of goods, services and primary income (current US$) (BM.GSR.TOTL.CD)",2005 (YR2005),Gap-filled with countries' balance of payments statistics.
FootNote,"Iran, Islamic Rep. (IRN)",Current account balance (current US$) (BN.CAB.XOKA.CD),2016 (YR2016),Gap-filled with countries' balance of payments statistics.
FootNote,"Iran, Islamic Rep. (IRN)",Current account balance (current US$) (BN.CAB.XOKA.CD),2011 (YR2011),Gap-filled with countries' balance of payments statistics.
FootNote,"Iran, Islamic Rep. (IRN)",Current account balance (current US$) (BN.CAB.XOKA.CD),2015 (YR2015),Gap-filled with countries' balance of payments statistics.
FootNote,"Iran, Islamic Rep. (IRN)",Current account balance (current US$) (BN.CAB.XOKA.CD),2013 (YR2013),Gap-filled with countries' balance of payments statistics.
FootNote,"Iran, Islamic Rep. (IRN)",Current account balance (current US$) (BN.CAB.XOKA.CD),2010 (YR2010),Gap-filled with countries' balance of payments statistics.
FootNote,"Iran, Islamic Rep. (IRN)",Current account balance (current US$) (BN.CAB.XOKA.CD),2012 (YR2012),Gap-filled with countries' balance of payments statistics.
FootNote,"Iran, Islamic Rep. (IRN)",Current account balance (current US$) (BN.CAB.XOKA.CD),2014 (YR2014),Gap-filled with countries' balance of payments statistics.
FootNote,"Iran, Islamic Rep. (IRN)",Current account balance (current US$) (BN.CAB.XOKA.CD),2007 (YR2007),"Source: United Nations Conference on Trade and Development, Balance of Payments Online database."
FootNote,"Iran, Islamic Rep. (IRN)",Current account balance (current US$) (BN.CAB.XOKA.CD),2002 (YR2002),"Source: United Nations Conference on Trade and Development, Balance of Payments Online database."
FootNote,"Iran, Islamic Rep. (IRN)",Current account balance (current US$) (BN.CAB.XOKA.CD),2005 (YR2005),"Source: United Nations Conference on Trade and Development, Balance of Payments Online database."
FootNote,"Iran, Islamic Rep. (IRN)",Current account balance (current US$) (BN.CAB.XOKA.CD),2006 (YR2006),"Source: United Nations Conference on Trade and Development, Balance of Payments Online database."
FootNote,"Iran, Islamic Rep. (IRN)",Current account balance (current US$) (BN.CAB.XOKA.CD),2004 (YR2004),"Source: United Nations Conference on Trade and Development, Balance of Payments Online database."
FootNote,"Iran, Islamic Rep. (IRN)",Current account balance (current US$) (BN.CAB.XOKA.CD),2003 (YR2003),"Source: United Nations Conference on Trade and Development, Balance of Payments Online database."
FootNote,"Iran, Islamic Rep. (IRN)","Personal transfers and compensation of employees, received (current US$) (BX.TRF.PWKR.CD.DT)",2001 (YR2001),"Source: United Nations Conference on Trade and Development, Balance of Payments Online database."
FootNote,"Iran, Islamic Rep. (IRN)","Personal transfers and compensation of employees, received (current US$) (BX.TRF.PWKR.CD.DT)",2016 (YR2016),"Source: United Nations Conference on Trade and Development, Balance of Payments Online database."
FootNote,"Iran, Islamic Rep. (IRN)","Personal transfers and compensation of employees, received (current US$) (BX.TRF.PWKR.CD.DT)",2003 (YR2003),"Source: United Nations Conference on Trade and Development, Balance of Payments Online database."
FootNote,"Iran, Islamic Rep. (IRN)","Personal transfers and compensation of employees, received (current US$) (BX.TRF.PWKR.CD.DT)",2004 (YR2004),"Source: United Nations Conference on Trade and Development, Balance of Payments Online database."
FootNote,"Iran, Islamic Rep. (IRN)","Personal transfers and compensation of employees, received (current US$) (BX.TRF.PWKR.CD.DT)",2008 (YR2008),"Source: United Nations Conference on Trade and Development, Balance of Payments Online database."
FootNote,"Iran, Islamic Rep. (IRN)","Personal transfers and compensation of employees, received (current US$) (BX.TRF.PWKR.CD.DT)",2005 (YR2005),"Source: United Nations Conference on Trade and Development, Balance of Payments Online database."
FootNote,"Iran, Islamic Rep. (IRN)","Personal transfers and compensation of employees, received (current US$) (BX.TRF.PWKR.CD.DT)",2014 (YR2014),"Source: United Nations Conference on Trade and Development, Balance of Payments Online database."
FootNote,"Iran, Islamic Rep. (IRN)","Personal transfers and compensation of employees, received (current US$) (BX.TRF.PWKR.CD.DT)",2015 (YR2015),"Source: United Nations Conference on Trade and Development, Balance of Payments Online database."
FootNote,"Iran, Islamic Rep. (IRN)","Personal transfers and compensation of employees, received (current US$) (BX.TRF.PWKR.CD.DT)",2009 (YR2009),"Source: United Nations Conference on Trade and Development, Balance of Payments Online database."
FootNote,"Iran, Islamic Rep. (IRN)","Personal transfers and compensation of employees, received (current US$) (BX.TRF.PWKR.CD.DT)",2007 (YR2007),"Source: United Nations Conference on Trade and Development, Balance of Payments Online database."
FootNote,"Iran, Islamic Rep. (IRN)","Foreign direct investment, net inflows in reporting economy (DRS, current US$) (BX.KLT.DINV.CD.DT)",2002 (YR2002),"Source: United Nations Conference on Trade and Development, Foreign Direct Investment Online database."
FootNote,"Iran, Islamic Rep. (IRN)","Foreign direct investment, net inflows in reporting economy (DRS, current US$) (BX.KLT.DINV.CD.DT)",2015 (YR2015),"Source: United Nations Conference on Trade and Development, Foreign Direct Investment Online database."
FootNote,"Iran, Islamic Rep. (IRN)","Personal transfers and compensation of employees, received (current US$) (BX.TRF.PWKR.CD.DT)",2012 (YR2012),"Source: United Nations Conference on Trade and Development, Balance of Payments Online database."
FootNote,"Iran, Islamic Rep. (IRN)","Personal transfers and compensation of employees, received (current US$) (BX.TRF.PWKR.CD.DT)",2006 (YR2006),"Source: United Nations Conference on Trade and Development, Balance of Payments Online database."
FootNote,"Iran, Islamic Rep. (IRN)","Personal transfers and compensation of employees, received (current US$) (BX.TRF.PWKR.CD.DT)",2010 (YR2010),"Source: United Nations Conference on Trade and Development, Balance of Payments Online database."
FootNote,"Iran, Islamic Rep. (IRN)","Personal transfers and compensation of employees, received (current US$) (BX.TRF.PWKR.CD.DT)",2002 (YR2002),"Source: United Nations Conference on Trade and Development, Balance of Payments Online database."
FootNote,"Iran, Islamic Rep. (IRN)","Personal transfers and compensation of employees, received (current US$) (BX.TRF.PWKR.CD.DT)",2011 (YR2011),"Source: United Nations Conference on Trade and Development, Balance of Payments Online database."
FootNote,"Iran, Islamic Rep. (IRN)","Personal transfers and compensation of employees, received (current US$) (BX.TRF.PWKR.CD.DT)",2013 (YR2013),"Source: United Nations Conference on Trade and Development, Balance of Payments Online database."
FootNote,"Iran, Islamic Rep. (IRN)","Foreign direct investment, net inflows in reporting economy (DRS, current US$) (BX.KLT.DINV.CD.DT)",2012 (YR2012),"Source: United Nations Conference on Trade and Development, Foreign Direct Investment Online database."
FootNote,"Iran, Islamic Rep. (IRN)","Foreign direct investment, net inflows in reporting economy (DRS, current US$) (BX.KLT.DINV.CD.DT)",2009 (YR2009),"Source: United Nations Conference on Trade and Development, Foreign Direct Investment Online database."
FootNote,"Iran, Islamic Rep. (IRN)","Foreign direct investment, net inflows in reporting economy (DRS, current US$) (BX.KLT.DINV.CD.DT)",2010 (YR2010),"Source: United Nations Conference on Trade and Development, Foreign Direct Investment Online database."
FootNote,"Iran, Islamic Rep. (IRN)","Foreign direct investment, net inflows in reporting economy (DRS, current US$) (BX.KLT.DINV.CD.DT)",2008 (YR2008),"Source: United Nations Conference on Trade and Development, Foreign Direct Investment Online database."
FootNote,"Iran, Islamic Rep. (IRN)","Foreign direct investment, net inflows in reporting economy (DRS, current US$) (BX.KLT.DINV.CD.DT)",2006 (YR2006),"Source: United Nations Conference on Trade and Development, Foreign Direct Investment Online database."
FootNote,"Iran, Islamic Rep. (IRN)","Foreign direct investment, net inflows in reporting economy (DRS, current US$) (BX.KLT.DINV.CD.DT)",2003 (YR2003),"Source: United Nations Conference on Trade and Development, Foreign Direct Investment Online database."
FootNote,"Iran, Islamic Rep. (IRN)","Foreign direct investment, net inflows in reporting economy (DRS, current US$) (BX.KLT.DINV.CD.DT)",2011 (YR2011),"Source: United Nations Conference on Trade and Development, Foreign Direct Investment Online database."
FootNote,"Iran, Islamic Rep. (IRN)","Foreign direct investment, net inflows in reporting economy (DRS, current US$) (BX.KLT.DINV.CD.DT)",2004 (YR2004),"Source: United Nations Conference on Trade and Development, Foreign Direct Investment Online database."
FootNote,"Iran, Islamic Rep. (IRN)","Foreign direct investment, net inflows in reporting economy (DRS, current US$) (BX.KLT.DINV.CD.DT)",2016 (YR2016),"Source: United Nations Conference on Trade and Development, Foreign Direct Investment Online database."
FootNote,"Iran, Islamic Rep. (IRN)","Foreign direct investment, net inflows in reporting economy (DRS, current US$) (BX.KLT.DINV.CD.DT)",2013 (YR2013),"Source: United Nations Conference on Trade and Development, Foreign Direct Investment Online database."
FootNote,"Iran, Islamic Rep. (IRN)","Foreign direct investment, net inflows in reporting economy (DRS, current US$) (BX.KLT.DINV.CD.DT)",2007 (YR2007),"Source: United Nations Conference on Trade and Development, Foreign Direct Investment Online database."
FootNote,"Iran, Islamic Rep. (IRN)","Foreign direct investment, net inflows in reporting economy (DRS, current US$) (BX.KLT.DINV.CD.DT)",2001 (YR2001),"Source: United Nations Conference on Trade and Development, Foreign Direct Investment Online database."
FootNote,"Iran, Islamic Rep. (IRN)","Foreign direct investment, net inflows in reporting economy (DRS, current US$) (BX.KLT.DINV.CD.DT)",2014 (YR2014),"Source: United Nations Conference on Trade and Development, Foreign Direct Investment Online database."
FootNote,"Iran, Islamic Rep. (IRN)","Foreign direct investment, net inflows in reporting economy (DRS, current US$) (BX.KLT.DINV.CD.DT)",2005 (YR2005),"Source: United Nations Conference on Trade and Development, Foreign Direct Investment Online database."
FootNote,"Iran, Islamic Rep. (IRN)","Foreign direct investment, net inflows in reporting economy (DRS, current US$) (BX.KLT.DINV.CD.DT)",1985 (YR1985),"Source: United Nations Conference on Trade and Development, Foreign Direct Investment Online database."
FootNote,"Iran, Islamic Rep. (IRN)","Foreign direct investment, net inflows in reporting economy (DRS, current US$) (BX.KLT.DINV.CD.DT)",1989 (YR1989),"Source: United Nations Conference on Trade and Development, Foreign Direct Investment Online database."
FootNote,"Iran, Islamic Rep. (IRN)","Foreign direct investment, net inflows in reporting economy (DRS, current US$) (BX.KLT.DINV.CD.DT)",1987 (YR1987),"Source: United Nations Conference on Trade and Development, Foreign Direct Investment Online database."
FootNote,"Iran, Islamic Rep. (IRN)","Foreign direct investment, net inflows in reporting economy (DRS, current US$) (BX.KLT.DINV.CD.DT)",1986 (YR1986),"Source: United Nations Conference on Trade and Development, Foreign Direct Investment Online database."
FootNote,"Iran, Islamic Rep. (IRN)","Foreign direct investment, net inflows in reporting economy (DRS, current US$) (BX.KLT.DINV.CD.DT)",1988 (YR1988),"Source: United Nations Conference on Trade and Development, Foreign Direct Investment Online database."
FootNote,"Iran, Islamic Rep. (IRN)","Foreign direct investment, net inflows in reporting economy (DRS, current US$) (BX.KLT.DINV.CD.DT)",1992 (YR1992),"Source: United Nations Conference on Trade and Development, Foreign Direct Investment Online database."
FootNote,"Iran, Islamic Rep. (IRN)","Foreign direct investment, net inflows in reporting economy (DRS, current US$) (BX.KLT.DINV.CD.DT)",1990 (YR1990),"Source: United Nations Conference on Trade and Development, Foreign Direct Investment Online database."
FootNote,"Iran, Islamic Rep. (IRN)","Foreign direct investment, net inflows in reporting economy (DRS, current US$) (BX.KLT.DINV.CD.DT)",1993 (YR1993),"Source: United Nations Conference on Trade and Development, Foreign Direct Investment Online database."
FootNote,"Iran, Islamic Rep. (IRN)","Foreign direct investment, net inflows in reporting economy (DRS, current US$) (BX.KLT.DINV.CD.DT)",1991 (YR1991),"Source: United Nations Conference on Trade and Development, Foreign Direct Investment Online database."
FootNote,"Iran, Islamic Rep. (IRN)","Foreign direct investment, net inflows in reporting economy (DRS, current US$) (BX.KLT.DINV.CD.DT)",1978 (YR1978),"Source: United Nations Conference on Trade and Development, Foreign Direct Investment Online database."
FootNote,"Iran, Islamic Rep. (IRN)","Foreign direct investment, net inflows in reporting economy (DRS, current US$) (BX.KLT.DINV.CD.DT)",1983 (YR1983),"Source: United Nations Conference on Trade and Development, Foreign Direct Investment Online database."
FootNote,"Iran, Islamic Rep. (IRN)","Foreign direct investment, net inflows in reporting economy (DRS, current US$) (BX.KLT.DINV.CD.DT)",1971 (YR1971),"Source: United Nations Conference on Trade and Development, Foreign Direct Investment Online database."
FootNote,"Iran, Islamic Rep. (IRN)","Foreign direct investment, net inflows in reporting economy (DRS, current US$) (BX.KLT.DINV.CD.DT)",1970 (YR1970),"Source: United Nations Conference on Trade and Development, Foreign Direct Investment Online database."
FootNote,"Iran, Islamic Rep. (IRN)","Foreign direct investment, net inflows in reporting economy (DRS, current US$) (BX.KLT.DINV.CD.DT)",1981 (YR1981),"Source: United Nations Conference on Trade and Development, Foreign Direct Investment Online database."
FootNote,"Iran, Islamic Rep. (IRN)","Foreign direct investment, net inflows in reporting economy (DRS, current US$) (BX.KLT.DINV.CD.DT)",1972 (YR1972),"Source: United Nations Conference on Trade and Development, Foreign Direct Investment Online database."
FootNote,"Iran, Islamic Rep. (IRN)","Foreign direct investment, net inflows in reporting economy (DRS, current US$) (BX.KLT.DINV.CD.DT)",1976 (YR1976),"Source: United Nations Conference on Trade and Development, Foreign Direct Investment Online database."
FootNote,"Iran, Islamic Rep. (IRN)","Foreign direct investment, net inflows in reporting economy (DRS, current US$) (BX.KLT.DINV.CD.DT)",1977 (YR1977),"Source: United Nations Conference on Trade and Development, Foreign Direct Investment Online database."
FootNote,"Iran, Islamic Rep. (IRN)","Foreign direct investment, net inflows in reporting economy (DRS, current US$) (BX.KLT.DINV.CD.DT)",1984 (YR1984),"Source: United Nations Conference on Trade and Development, Foreign Direct Investment Online database."
FootNote,"Iran, Islamic Rep. (IRN)","Foreign direct investment, net inflows in reporting economy (DRS, current US$) (BX.KLT.DINV.CD.DT)",1973 (YR1973),"Source: United Nations Conference on Trade and Development, Foreign Direct Investment Online database."
FootNote,"Iran, Islamic Rep. (IRN)","Foreign direct investment, net inflows in reporting economy (DRS, current US$) (BX.KLT.DINV.CD.DT)",1979 (YR1979),"Source: United Nations Conference on Trade and Development, Foreign Direct Investment Online database."
FootNote,"Iran, Islamic Rep. (IRN)","Foreign direct investment, net inflows in reporting economy (DRS, current US$) (BX.KLT.DINV.CD.DT)",1982 (YR1982),"Source: United Nations Conference on Trade and Development, Foreign Direct Investment Online database."
FootNote,"Iran, Islamic Rep. (IRN)","Foreign direct investment, net inflows in reporting economy (DRS, current US$) (BX.KLT.DINV.CD.DT)",1980 (YR1980),"Source: United Nations Conference on Trade and Development, Foreign Direct Investment Online database."
FootNote,"Iran, Islamic Rep. (IRN)","Foreign direct investment, net inflows in reporting economy (DRS, current US$) (BX.KLT.DINV.CD.DT)",1974 (YR1974),"Source: United Nations Conference on Trade and Development, Foreign Direct Investment Online database."
FootNote,"Iran, Islamic Rep. (IRN)","Foreign direct investment, net inflows in reporting economy (DRS, current US$) (BX.KLT.DINV.CD.DT)",1975 (YR1975),"Source: United Nations Conference on Trade and Development, Foreign Direct Investment Online database."
FootNote,Iraq (IRQ),"Foreign direct investment, net inflows in reporting economy (DRS, current US$) (BX.KLT.DINV.CD.DT)",2024 (YR2024),Gap-filled with countries' balance of payments statistics.
FootNote,Iraq (IRQ),"Imports of goods, services and primary income (current US$) (BM.GSR.TOTL.CD)",2024 (YR2024),Gap-filled with countries' balance of payments statistics.
FootNote,Iraq (IRQ),"Personal transfers and compensation of employees, received (current US$) (BX.TRF.PWKR.CD.DT)",2024 (YR2024),"Data on Personal Transfers and Compensation of Employees are prepared by World Bank staff based on IMF's Balance of Payments statistics and data releases from central banks, national statistical agencies, and World Bank country desks."
FootNote,Iraq (IRQ),"Exports of goods, services and primary income (current US$) (BX.GSR.TOTL.CD)",2024 (YR2024),Gap-filled with countries' balance of payments statistics.
FootNote,Iraq (IRQ),Current account balance (current US$) (BN.CAB.XOKA.CD),2024 (YR2024),Gap-filled with countries' balance of payments statistics.
FootNote,Iraq (IRQ),"Portfolio investment, equity (DRS, current US$) (BX.PEF.TOTL.CD.DT)",2024 (YR2024),Gap-filled with countries' balance of payments statistics.
FootNote,Iraq (IRQ),"Foreign direct investment, net inflows in reporting economy (DRS, current US$) (BX.KLT.DINV.CD.DT)",2004 (YR2004),"Source: United Nations Conference on Trade and Development, Foreign Direct Investment Online database."
FootNote,Iraq (IRQ),"Foreign direct investment, net inflows in reporting economy (DRS, current US$) (BX.KLT.DINV.CD.DT)",2002 (YR2002),"Source: United Nations Conference on Trade and Development, Foreign Direct Investment Online database."
FootNote,Iraq (IRQ),"Foreign direct investment, net inflows in reporting economy (DRS, current US$) (BX.KLT.DINV.CD.DT)",2001 (YR2001),"Source: United Nations Conference on Trade and Development, Foreign Direct Investment Online database."
FootNote,Iraq (IRQ),"Foreign direct investment, net inflows in reporting economy (DRS, current US$) (BX.KLT.DINV.CD.DT)",2003 (YR2003),"Source: United Nations Conference on Trade and Development, Foreign Direct Investment Online database."
FootNote,Iraq (IRQ),"Foreign direct investment, net inflows in reporting economy (DRS, current US$) (BX.KLT.DINV.CD.DT)",2000 (YR2000),"Source: United Nations Conference on Trade and Development, Foreign Direct Investment Online database."
FootNote,Jamaica (JAM),"Foreign direct investment, net inflows in reporting economy (DRS, current US$) (BX.KLT.DINV.CD.DT)",2018 (YR2018),"Source: United Nations Conference on Trade and Development, Foreign Direct Investment Online database."
FootNote,Jamaica (JAM),"Foreign direct investment, net inflows in reporting economy (DRS, current US$) (BX.KLT.DINV.CD.DT)",2017 (YR2017),"Source: United Nations Conference on Trade and Development, Foreign Direct Investment Online database."
FootNote,Jamaica (JAM),"Foreign direct investment, net inflows in reporting economy (DRS, current US$) (BX.KLT.DINV.CD.DT)",2021 (YR2021),"Source: United Nations Conference on Trade and Development, Foreign Direct Investment Online database."
FootNote,Jamaica (JAM),"Foreign direct investment, net inflows in reporting economy (DRS, current US$) (BX.KLT.DINV.CD.DT)",2023 (YR2023),"Source: United Nations Conference on Trade and Development, Foreign Direct Investment Online database."
FootNote,Jamaica (JAM),"Foreign direct investment, net inflows in reporting economy (DRS, current US$) (BX.KLT.DINV.CD.DT)",2022 (YR2022),"Source: United Nations Conference on Trade and Development, Foreign Direct Investment Online database."
FootNote,Jamaica (JAM),"Foreign direct investment, net inflows in reporting economy (DRS, current US$) (BX.KLT.DINV.CD.DT)",2019 (YR2019),"Source: United Nations Conference on Trade and Development, Foreign Direct Investment Online database."
FootNote,Jamaica (JAM),"Foreign direct investment, net inflows in reporting economy (DRS, current US$) (BX.KLT.DINV.CD.DT)",2020 (YR2020),"Source: United Nations Conference on Trade and Development, Foreign Direct Investment Online database."
FootNote,Jamaica (JAM),"Foreign direct investment, net inflows in reporting economy (DRS, current US$) (BX.KLT.DINV.CD.DT)",2024 (YR2024),"Source: United Nations Conference on Trade and Development, Foreign Direct Investment Online database."
FootNote,Jamaica (JAM),"Foreign direct investment, net inflows in reporting economy (DRS, current US$) (BX.KLT.DINV.CD.DT)",2015 (YR2015),"Source: United Nations Conference on Trade and Development, Foreign Direct Investment Online database."
FootNote,Jamaica (JAM),"Foreign direct investment, net inflows in reporting economy (DRS, current US$) (BX.KLT.DINV.CD.DT)",2014 (YR2014),"Source: United Nations Conference on Trade and Development, Foreign Direct Investment Online database."
FootNote,Jamaica (JAM),"Foreign direct investment, net inflows in reporting economy (DRS, current US$) (BX.KLT.DINV.CD.DT)",2013 (YR2013),"Source: United Nations Conference on Trade and Development, Foreign Direct Investment Online database."
FootNote,Jamaica (JAM),"Foreign direct investment, net inflows in reporting economy (DRS, current US$) (BX.KLT.DINV.CD.DT)",2012 (YR2012),"Source: United Nations Conference on Trade and Development, Foreign Direct Investment Online database."
FootNote,Jamaica (JAM),"Foreign direct investment, net inflows in reporting economy (DRS, current US$) (BX.KLT.DINV.CD.DT)",2016 (YR2016),"Source: United Nations Conference on Trade and Development, Foreign Direct Investment Online database."
FootNote,Jordan (JOR),"Foreign direct investment, net inflows in reporting economy (DRS, current US$) (BX.KLT.DINV.CD.DT)",2004 (YR2004),"Source: United Nations Conference on Trade and Development, Foreign Direct Investment Online database."
FootNote,Jordan (JOR),"Foreign direct investment, net inflows in reporting economy (DRS, current US$) (BX.KLT.DINV.CD.DT)",2007 (YR2007),"Source: United Nations Conference on Trade and Development, Foreign Direct Investment Online database."
FootNote,Jordan (JOR),"Foreign direct investment, net inflows in reporting economy (DRS, current US$) (BX.KLT.DINV.CD.DT)",2005 (YR2005),"Source: United Nations Conference on Trade and Development, Foreign Direct Investment Online database."
FootNote,Jordan (JOR),"Foreign direct investment, net inflows in reporting economy (DRS, current US$) (BX.KLT.DINV.CD.DT)",2008 (YR2008),"Source: United Nations Conference on Trade and Development, Foreign Direct Investment Online database."
FootNote,Jordan (JOR),"Foreign direct investment, net inflows in reporting economy (DRS, current US$) (BX.KLT.DINV.CD.DT)",2001 (YR2001),"Source: United Nations Conference on Trade and Development, Foreign Direct Investment Online database."
FootNote,Jordan (JOR),"Foreign direct investment, net inflows in reporting economy (DRS, current US$) (BX.KLT.DINV.CD.DT)",2003 (YR2003),"Source: United Nations Conference on Trade and Development, Foreign Direct Investment Online database."
FootNote,Jordan (JOR),"Foreign direct investment, net inflows in reporting economy (DRS, current US$) (BX.KLT.DINV.CD.DT)",2006 (YR2006),"Source: United Nations Conference on Trade and Development, Foreign Direct Investment Online database."
FootNote,Jordan (JOR),"Foreign direct investment, net inflows in reporting economy (DRS, current US$) (BX.KLT.DINV.CD.DT)",2002 (YR2002),"Source: United Nations Conference on Trade and Development, Foreign Direct Investment Online database."
FootNote,Jordan (JOR),"Foreign direct investment, net inflows in reporting economy (DRS, current US$) (BX.KLT.DINV.CD.DT)",2000 (YR2000),"Source: United Nations Conference on Trade and Development, Foreign Direct Investment Online database."
FootNote,Kazakhstan (KAZ),"Foreign direct investment, net inflows in reporting economy (DRS, current US$) (BX.KLT.DINV.CD.DT)",1992 (YR1992),"Source: United Nations Conference on Trade and Development, Foreign Direct Investment Online database."
FootNote,Kazakhstan (KAZ),"Foreign direct investment, net inflows in reporting economy (DRS, current US$) (BX.KLT.DINV.CD.DT)",1994 (YR1994),"Source: United Nations Conference on Trade and Development, Foreign Direct Investment Online database."
FootNote,Kazakhstan (KAZ),"Foreign direct investment, net inflows in reporting economy (DRS, current US$) (BX.KLT.DINV.CD.DT)",1993 (YR1993),"Source: United Nations Conference on Trade and Development, Foreign Direct Investment Online database."
FootNote,Kenya (KEN),"Foreign direct investment, net inflows in reporting economy (DRS, current US$) (BX.KLT.DINV.CD.DT)",1971 (YR1971),"Source: United Nations Conference on Trade and Development, Foreign Direct Investment Online database."
FootNote,Kenya (KEN),"Foreign direct investment, net inflows in reporting economy (DRS, current US$) (BX.KLT.DINV.CD.DT)",1974 (YR1974),"Source: United Nations Conference on Trade and Development, Foreign Direct Investment Online database."
FootNote,Kenya (KEN),"Foreign direct investment, net inflows in reporting economy (DRS, current US$) (BX.KLT.DINV.CD.DT)",1972 (YR1972),"Source: United Nations Conference on Trade and Development, Foreign Direct Investment Online database."
FootNote,Kenya (KEN),"Foreign direct investment, net inflows in reporting economy (DRS, current US$) (BX.KLT.DINV.CD.DT)",1973 (YR1973),"Source: United Nations Conference on Trade and Development, Foreign Direct Investment Online database."
FootNote,Kenya (KEN),"Foreign direct investment, net inflows in reporting economy (DRS, current US$) (BX.KLT.DINV.CD.DT)",1970 (YR1970),"Source: United Nations Conference on Trade and Development, Foreign Direct Investment Online database."
FootNote,Kosovo (XKX),"Exports of goods, services and primary income (current US$) (BX.GSR.TOTL.CD)",2024 (YR2024),Gap-filled with countries' balance of payments statistics.
FootNote,Kosovo (XKX),"Imports of goods, services and primary income (current US$) (BM.GSR.TOTL.CD)",2024 (YR2024),Gap-filled with countries' balance of payments statistics.
FootNote,Kosovo (XKX),Current account balance (current US$) (BN.CAB.XOKA.CD),2024 (YR2024),Gap-filled with countries' balance of payments statistics.
FootNote,Kosovo (XKX),"Population, total (SP.POP.TOTL)",2019 (YR2019),Extrapolated assuming the same growth rate as previous 6 months.
FootNote,Kosovo (XKX),"Population, total (SP.POP.TOTL)",2018 (YR2018),Geometric mean of official end-year estimates from Kosovo Agency for Statistics.
FootNote,Kosovo (XKX),"Population, total (SP.POP.TOTL)",2017 (YR2017),Geometric mean of official end-year estimates from Kosovo Agency for Statistics.
FootNote,Kosovo (XKX),Primary income on FDI (current US$) (BX.KLT.DREM.CD.DT),2024 (YR2024),Gap-filled with countries' balance of payments statistics.
FootNote,Kosovo (XKX),"Personal transfers and compensation of employees, received (current US$) (BX.TRF.PWKR.CD.DT)",2024 (YR2024),Gap-filled with countries' balance of payments statistics.
FootNote,Kosovo (XKX),"Foreign direct investment, net inflows in reporting economy (DRS, current US$) (BX.KLT.DINV.CD.DT)",2024 (YR2024),Gap-filled with countries' balance of payments statistics.
FootNote,Kosovo (XKX),"Portfolio investment, equity (DRS, current US$) (BX.PEF.TOTL.CD.DT)",2024 (YR2024),Gap-filled with countries' balance of payments statistics.
FootNote,Kosovo (XKX),"Population, total (SP.POP.TOTL)",2016 (YR2016),Geometric mean of official end-year estimates from Kosovo Agency for Statistics.
FootNote,Kosovo (XKX),"Population, total (SP.POP.TOTL)",2015 (YR2015),Geometric mean of official end-year estimates from Kosovo Agency for Statistics.
FootNote,Kosovo (XKX),"Population, total (SP.POP.TOTL)",2012 (YR2012),Geometric mean of official end-year estimates from Kosovo Agency for Statistics.
FootNote,Kosovo (XKX),"Population, total (SP.POP.TOTL)",2013 (YR2013),Geometric mean of official end-year estimates from Kosovo Agency for Statistics.
FootNote,Kosovo (XKX),"Population, total (SP.POP.TOTL)",2014 (YR2014),Geometric mean of official end-year estimates from Kosovo Agency for Statistics.
FootNote,Kosovo (XKX),"Population, total (SP.POP.TOTL)",2011 (YR2011),"Interpolated using the Mid-year population for 2010 (1995,680) and End-year population for 2011 (1798,645), assuming constant growth."
FootNote,Kosovo (XKX),"Population, total (SP.POP.TOTL)",2001 (YR2001),Interpolated between 2000 and 2005 assuming constant rate of growth.
FootNote,Kosovo (XKX),"Population, total (SP.POP.TOTL)",2003 (YR2003),Interpolated between 2000 and 2005 assuming constant rate of growth.
FootNote,Kosovo (XKX),"Population, total (SP.POP.TOTL)",2002 (YR2002),Interpolated between 2000 and 2005 assuming constant rate of growth.
FootNote,Kosovo (XKX),"Population, total (SP.POP.TOTL)",2004 (YR2004),Interpolated between 2000 and 2005 assuming constant rate of growth.
FootNote,Kyrgyz Republic (KGZ),"Foreign direct investment, net inflows in reporting economy (DRS, current US$) (BX.KLT.DINV.CD.DT)",2023 (YR2023),Gap-filled with countries' balance of payments statistics.
FootNote,Kyrgyz Republic (KGZ),"Foreign direct investment, net inflows in reporting economy (DRS, current US$) (BX.KLT.DINV.CD.DT)",2024 (YR2024),Gap-filled with countries' balance of payments statistics.
FootNote,Kyrgyz Republic (KGZ),"Personal transfers and compensation of employees, received (current US$) (BX.TRF.PWKR.CD.DT)",2023 (YR2023),"Source: United Nations Conference on Trade and Development, Balance of Payments Online database."
FootNote,Kyrgyz Republic (KGZ),"Personal transfers and compensation of employees, received (current US$) (BX.TRF.PWKR.CD.DT)",2024 (YR2024),"Data on Personal Transfers and Compensation of Employees are prepared by World Bank staff based on IMF's Balance of Payments statistics and data releases from central banks, national statistical agencies, and World Bank country desks."
FootNote,Kyrgyz Republic (KGZ),Primary income on FDI (current US$) (BX.KLT.DREM.CD.DT),2024 (YR2024),Gap-filled with countries' balance of payments statistics.
FootNote,Kyrgyz Republic (KGZ),Primary income on FDI (current US$) (BX.KLT.DREM.CD.DT),2023 (YR2023),Gap-filled with countries' balance of payments statistics.
FootNote,Kyrgyz Republic (KGZ),Current account balance (current US$) (BN.CAB.XOKA.CD),2023 (YR2023),Gap-filled with countries' balance of payments statistics.
FootNote,Kyrgyz Republic (KGZ),Current account balance (current US$) (BN.CAB.XOKA.CD),2024 (YR2024),Gap-filled with countries' balance of payments statistics.
FootNote,Kyrgyz Republic (KGZ),"Population, total (SP.POP.TOTL)",2019 (YR2019),Extrapolated assuming the same growth rate as previous 6 months.
FootNote,Kyrgyz Republic (KGZ),"Population, total (SP.POP.TOTL)",2018 (YR2018),Calculated from begining of year population using geometric mean.
FootNote,Kyrgyz Republic (KGZ),"Population, total (SP.POP.TOTL)",2017 (YR2017),Calculated from begining of year population using geometric mean.
FootNote,Kyrgyz Republic (KGZ),"Exports of goods, services and primary income (current US$) (BX.GSR.TOTL.CD)",2023 (YR2023),Gap-filled with countries' balance of payments statistics.
FootNote,Kyrgyz Republic (KGZ),"Imports of goods, services and primary income (current US$) (BM.GSR.TOTL.CD)",2023 (YR2023),Gap-filled with countries' balance of payments statistics.
FootNote,Kyrgyz Republic (KGZ),"Imports of goods, services and primary income (current US$) (BM.GSR.TOTL.CD)",2024 (YR2024),Gap-filled with countries' balance of payments statistics.
FootNote,Kyrgyz Republic (KGZ),"Exports of goods, services and primary income (current US$) (BX.GSR.TOTL.CD)",2024 (YR2024),Gap-filled with countries' balance of payments statistics.
FootNote,Kyrgyz Republic (KGZ),"Present value of external debt (% of exports of goods, services and income) (DT.DOD.PVLX.EX.ZS)",2009 (YR2009),Data are from debt sustainability analyses for low-income countries. Present value estimates for these countries are for public and publicly guaranteed debt only.
FootNote,Kyrgyz Republic (KGZ),Present value of external debt (% of GNI) (DT.DOD.PVLX.GN.ZS),2009 (YR2009),Data are from debt sustainability analyses for low-income countries. Present value estimates for these countries are for public and publicly guaranteed debt only.
FootNote,Kyrgyz Republic (KGZ),"Population, total (SP.POP.TOTL)",2016 (YR2016),Calculated from begining of year population using geometric mean.
FootNote,Kyrgyz Republic (KGZ),"Population, total (SP.POP.TOTL)",2012 (YR2012),Calculated from begining of year population using geometric mean.
FootNote,Kyrgyz Republic (KGZ),"Population, total (SP.POP.TOTL)",2011 (YR2011),Calculated from begining of year population using geometric mean.
FootNote,Kyrgyz Republic (KGZ),"Population, total (SP.POP.TOTL)",2015 (YR2015),Calculated from begining of year population using geometric mean.
FootNote,Kyrgyz Republic (KGZ),"Population, total (SP.POP.TOTL)",2013 (YR2013),Calculated from begining of year population using geometric mean.
FootNote,Kyrgyz Republic (KGZ),"Population, total (SP.POP.TOTL)",2014 (YR2014),Calculated from begining of year population using geometric mean.
FootNote,Lao PDR (LAO),"Exports of goods, services and primary income (current US$) (BX.GSR.TOTL.CD)",2024 (YR2024),Gap-filled with countries' balance of payments statistics.
FootNote,Lao PDR (LAO),Current account balance (current US$) (BN.CAB.XOKA.CD),2024 (YR2024),Gap-filled with countries' balance of payments statistics.
FootNote,Lao PDR (LAO),"Personal transfers and compensation of employees, received (current US$) (BX.TRF.PWKR.CD.DT)",2024 (YR2024),"Data on Personal Transfers and Compensation of Employees are prepared by World Bank staff based on IMF's Balance of Payments statistics and data releases from central banks, national statistical agencies, and World Bank country desks."
FootNote,Lao PDR (LAO),"Imports of goods, services and primary income (current US$) (BM.GSR.TOTL.CD)",2024 (YR2024),Gap-filled with countries' balance of payments statistics.
FootNote,Lao PDR (LAO),"Foreign direct investment, net inflows in reporting economy (DRS, current US$) (BX.KLT.DINV.CD.DT)",2024 (YR2024),"Source: United Nations Conference on Trade and Development, Foreign Direct Investment Online database."
FootNote,Lao PDR (LAO),"Portfolio investment, equity (DRS, current US$) (BX.PEF.TOTL.CD.DT)",2024 (YR2024),Gap-filled with countries' balance of payments statistics.
FootNote,Lao PDR (LAO),"Foreign direct investment, net inflows in reporting economy (DRS, current US$) (BX.KLT.DINV.CD.DT)",1998 (YR1998),"Source: United Nations Conference on Trade and Development, Foreign Direct Investment Online database."
FootNote,Lao PDR (LAO),"Foreign direct investment, net inflows in reporting economy (DRS, current US$) (BX.KLT.DINV.CD.DT)",1985 (YR1985),"Source: United Nations Conference on Trade and Development, Foreign Direct Investment Online database."
FootNote,Lao PDR (LAO),"Foreign direct investment, net inflows in reporting economy (DRS, current US$) (BX.KLT.DINV.CD.DT)",1999 (YR1999),"Source: United Nations Conference on Trade and Development, Foreign Direct Investment Online database."
FootNote,Lao PDR (LAO),"Foreign direct investment, net inflows in reporting economy (DRS, current US$) (BX.KLT.DINV.CD.DT)",1997 (YR1997),"Source: United Nations Conference on Trade and Development, Foreign Direct Investment Online database."
FootNote,Lebanon (LBN),"Portfolio investment, equity (DRS, current US$) (BX.PEF.TOTL.CD.DT)",2024 (YR2024),Gap-filled with countries' balance of payments statistics.
FootNote,Lebanon (LBN),"Foreign direct investment, net inflows in reporting economy (DRS, current US$) (BX.KLT.DINV.CD.DT)",2024 (YR2024),"Source: United Nations Conference on Trade and Development, Foreign Direct Investment Online database."
FootNote,Lebanon (LBN),"Personal transfers and compensation of employees, received (current US$) (BX.TRF.PWKR.CD.DT)",2024 (YR2024),Gap-filled with countries' balance of payments statistics.
FootNote,Lebanon (LBN),Current account balance (current US$) (BN.CAB.XOKA.CD),2024 (YR2024),Gap-filled with countries' balance of payments statistics.
FootNote,Lebanon (LBN),"Imports of goods, services and primary income (current US$) (BM.GSR.TOTL.CD)",2024 (YR2024),Gap-filled with countries' balance of payments statistics.
FootNote,Lebanon (LBN),"Exports of goods, services and primary income (current US$) (BX.GSR.TOTL.CD)",2024 (YR2024),Gap-filled with countries' balance of payments statistics.
FootNote,Lebanon (LBN),Current account balance (current US$) (BN.CAB.XOKA.CD),2001 (YR2001),"Source: United Nations Conference on Trade and Development, Balance of Payments Online database."
FootNote,Lebanon (LBN),"Foreign direct investment, net inflows in reporting economy (DRS, current US$) (BX.KLT.DINV.CD.DT)",2001 (YR2001),"Source: United Nations Conference on Trade and Development, Foreign Direct Investment Online database."
FootNote,Lebanon (LBN),"Foreign direct investment, net inflows in reporting economy (DRS, current US$) (BX.KLT.DINV.CD.DT)",2000 (YR2000),"Source: United Nations Conference on Trade and Development, Foreign Direct Investment Online database."
FootNote,Lebanon (LBN),Current account balance (current US$) (BN.CAB.XOKA.CD),2000 (YR2000),"Source: United Nations Conference on Trade and Development, Balance of Payments Online database."
FootNote,Lesotho (LSO),"Interest payments on external debt, long-term (INT, current US$) (DT.INT.DLXF.CD)",2007 (YR2007),A large interest payment was made during 2007 to a creditor country to settle a long standing claim.
FootNote,Lesotho (LSO),"Interest payments on external debt, public and publicly guaranteed (PPG) (INT, current US$) (DT.INT.DPPG.CD)",2007 (YR2007),Large interest payment was made to a creditor country to settle a long standing claim.
FootNote,Lesotho (LSO),"Foreign direct investment, net inflows in reporting economy (DRS, current US$) (BX.KLT.DINV.CD.DT)",1985 (YR1985),"Source: United Nations Conference on Trade and Development, Foreign Direct Investment Online database."
FootNote,Lesotho (LSO),"Foreign direct investment, net inflows in reporting economy (DRS, current US$) (BX.KLT.DINV.CD.DT)",1977 (YR1977),"Source: United Nations Conference on Trade and Development, Foreign Direct Investment Online database."
FootNote,Lesotho (LSO),"Foreign direct investment, net inflows in reporting economy (DRS, current US$) (BX.KLT.DINV.CD.DT)",1978 (YR1978),"Source: United Nations Conference on Trade and Development, Foreign Direct Investment Online database."
FootNote,Lesotho (LSO),"Foreign direct investment, net inflows in reporting economy (DRS, current US$) (BX.KLT.DINV.CD.DT)",1979 (YR1979),"Source: United Nations Conference on Trade and Development, Foreign Direct Investment Online database."
FootNote,Liberia (LBR),"Imports of goods, services and primary income (current US$) (BM.GSR.TOTL.CD)",2024 (YR2024),Gap-filled with countries' balance of payments statistics.
FootNote,Liberia (LBR),"Imports of goods, services and primary income (current US$) (BM.GSR.TOTL.CD)",2023 (YR2023),Gap-filled with countries' balance of payments statistics.
FootNote,Liberia (LBR),"Exports of goods, services and primary income (current US$) (BX.GSR.TOTL.CD)",2023 (YR2023),Gap-filled with countries' balance of payments statistics.
FootNote,Liberia (LBR),"Exports of goods, services and primary income (current US$) (BX.GSR.TOTL.CD)",2024 (YR2024),Gap-filled with countries' balance of payments statistics.
FootNote,Liberia (LBR),Current account balance (current US$) (BN.CAB.XOKA.CD),2024 (YR2024),Gap-filled with countries' balance of payments statistics.
FootNote,Liberia (LBR),Current account balance (current US$) (BN.CAB.XOKA.CD),2023 (YR2023),Gap-filled with countries' balance of payments statistics.
FootNote,Liberia (LBR),"Personal transfers and compensation of employees, received (current US$) (BX.TRF.PWKR.CD.DT)",2024 (YR2024),Gap-filled with countries' balance of payments statistics.
FootNote,Liberia (LBR),"Personal transfers and compensation of employees, received (current US$) (BX.TRF.PWKR.CD.DT)",2023 (YR2023),Gap-filled with countries' balance of payments statistics.
FootNote,Liberia (LBR),"Foreign direct investment, net inflows in reporting economy (DRS, current US$) (BX.KLT.DINV.CD.DT)",2023 (YR2023),Gap-filled with countries' balance of payments statistics.
FootNote,Liberia (LBR),"Foreign direct investment, net inflows in reporting economy (DRS, current US$) (BX.KLT.DINV.CD.DT)",2024 (YR2024),"Source: United Nations Conference on Trade and Development, Foreign Direct Investment Online database."
FootNote,Liberia (LBR),"Foreign direct investment, net inflows in reporting economy (DRS, current US$) (BX.KLT.DINV.CD.DT)",2001 (YR2001),"Source: United Nations Conference on Trade and Development, Foreign Direct Investment Online database."
FootNote,Liberia (LBR),"Foreign direct investment, net inflows in reporting economy (DRS, current US$) (BX.KLT.DINV.CD.DT)",2003 (YR2003),"Source: United Nations Conference on Trade and Development, Foreign Direct Investment Online database."
FootNote,Liberia (LBR),"Foreign direct investment, net inflows in reporting economy (DRS, current US$) (BX.KLT.DINV.CD.DT)",2002 (YR2002),"Source: United Nations Conference on Trade and Development, Foreign Direct Investment Online database."
FootNote,Liberia (LBR),Current account balance (current US$) (BN.CAB.XOKA.CD),2003 (YR2003),"Source: United Nations Conference on Trade and Development, Balance of Payments Online database."
FootNote,Liberia (LBR),Current account balance (current US$) (BN.CAB.XOKA.CD),2001 (YR2001),"Source: United Nations Conference on Trade and Development, Balance of Payments Online database."
FootNote,Liberia (LBR),Current account balance (current US$) (BN.CAB.XOKA.CD),2002 (YR2002),"Source: United Nations Conference on Trade and Development, Balance of Payments Online database."
FootNote,Liberia (LBR),"External debt stocks, total (DOD, current US$) (DT.DOD.DECT.CD)",2008 (YR2008),Data include the effects of Paris Club rescheduling agreement.
FootNote,Liberia (LBR),"External debt stocks, total (DOD, current US$) (DT.DOD.DECT.CD)",2010 (YR2010),Data include the effects of MDRI.
FootNote,Liberia (LBR),"Present value of external debt (% of exports of goods, services and income) (DT.DOD.PVLX.EX.ZS)",2009 (YR2009),Data are from debt sustainability analyses for low-income countries. Present value estimates for these countries are for public and publicly guaranteed debt only.
FootNote,Liberia (LBR),Present value of external debt (% of GNI) (DT.DOD.PVLX.GN.ZS),2009 (YR2009),Data are from debt sustainability analyses for low-income countries. Present value estimates for these countries are for public and publicly guaranteed debt only.
FootNote,Liberia (LBR),Current account balance (current US$) (BN.CAB.XOKA.CD),2000 (YR2000),"Source: United Nations Conference on Trade and Development, Balance of Payments Online database."
FootNote,Liberia (LBR),"Foreign direct investment, net inflows in reporting economy (DRS, current US$) (BX.KLT.DINV.CD.DT)",2000 (YR2000),"Source: United Nations Conference on Trade and Development, Foreign Direct Investment Online database."
FootNote,Liberia (LBR),"Foreign direct investment, net inflows in reporting economy (DRS, current US$) (BX.KLT.DINV.CD.DT)",1996 (YR1996),"Source: United Nations Conference on Trade and Development, Foreign Direct Investment Online database."
FootNote,Liberia (LBR),"Foreign direct investment, net inflows in reporting economy (DRS, current US$) (BX.KLT.DINV.CD.DT)",1994 (YR1994),"Source: United Nations Conference on Trade and Development, Foreign Direct Investment Online database."
FootNote,Liberia (LBR),"Foreign direct investment, net inflows in reporting economy (DRS, current US$) (BX.KLT.DINV.CD.DT)",1995 (YR1995),"Source: United Nations Conference on Trade and Development, Foreign Direct Investment Online database."
FootNote,Liberia (LBR),"Foreign direct investment, net inflows in reporting economy (DRS, current US$) (BX.KLT.DINV.CD.DT)",1989 (YR1989),"Source: United Nations Conference on Trade and Development, Foreign Direct Investment Online database."
FootNote,Liberia (LBR),"Foreign direct investment, net inflows in reporting economy (DRS, current US$) (BX.KLT.DINV.CD.DT)",1988 (YR1988),"Source: United Nations Conference on Trade and Development, Foreign Direct Investment Online database."
FootNote,Liberia (LBR),"Foreign direct investment, net inflows in reporting economy (DRS, current US$) (BX.KLT.DINV.CD.DT)",1992 (YR1992),"Source: United Nations Conference on Trade and Development, Foreign Direct Investment Online database."
FootNote,Liberia (LBR),"Foreign direct investment, net inflows in reporting economy (DRS, current US$) (BX.KLT.DINV.CD.DT)",1999 (YR1999),"Source: United Nations Conference on Trade and Development, Foreign Direct Investment Online database."
FootNote,Liberia (LBR),"Foreign direct investment, net inflows in reporting economy (DRS, current US$) (BX.KLT.DINV.CD.DT)",1990 (YR1990),"Source: United Nations Conference on Trade and Development, Foreign Direct Investment Online database."
FootNote,Liberia (LBR),"Foreign direct investment, net inflows in reporting economy (DRS, current US$) (BX.KLT.DINV.CD.DT)",1998 (YR1998),"Source: United Nations Conference on Trade and Development, Foreign Direct Investment Online database."
FootNote,Liberia (LBR),"Foreign direct investment, net inflows in reporting economy (DRS, current US$) (BX.KLT.DINV.CD.DT)",1997 (YR1997),"Source: United Nations Conference on Trade and Development, Foreign Direct Investment Online database."
FootNote,Liberia (LBR),"Foreign direct investment, net inflows in reporting economy (DRS, current US$) (BX.KLT.DINV.CD.DT)",1991 (YR1991),"Source: United Nations Conference on Trade and Development, Foreign Direct Investment Online database."
FootNote,Liberia (LBR),"Foreign direct investment, net inflows in reporting economy (DRS, current US$) (BX.KLT.DINV.CD.DT)",1993 (YR1993),"Source: United Nations Conference on Trade and Development, Foreign Direct Investment Online database."
FootNote,Liberia (LBR),"Foreign direct investment, net inflows in reporting economy (DRS, current US$) (BX.KLT.DINV.CD.DT)",1972 (YR1972),"Source: United Nations Conference on Trade and Development, Foreign Direct Investment Online database."
FootNote,Liberia (LBR),"Foreign direct investment, net inflows in reporting economy (DRS, current US$) (BX.KLT.DINV.CD.DT)",1977 (YR1977),"Source: United Nations Conference on Trade and Development, Foreign Direct Investment Online database."
FootNote,Liberia (LBR),"Foreign direct investment, net inflows in reporting economy (DRS, current US$) (BX.KLT.DINV.CD.DT)",1978 (YR1978),"Source: United Nations Conference on Trade and Development, Foreign Direct Investment Online database."
FootNote,Liberia (LBR),"Foreign direct investment, net inflows in reporting economy (DRS, current US$) (BX.KLT.DINV.CD.DT)",1971 (YR1971),"Source: United Nations Conference on Trade and Development, Foreign Direct Investment Online database."
FootNote,Liberia (LBR),"Foreign direct investment, net inflows in reporting economy (DRS, current US$) (BX.KLT.DINV.CD.DT)",1973 (YR1973),"Source: United Nations Conference on Trade and Development, Foreign Direct Investment Online database."
FootNote,Liberia (LBR),"Foreign direct investment, net inflows in reporting economy (DRS, current US$) (BX.KLT.DINV.CD.DT)",1974 (YR1974),"Source: United Nations Conference on Trade and Development, Foreign Direct Investment Online database."
FootNote,Liberia (LBR),"Foreign direct investment, net inflows in reporting economy (DRS, current US$) (BX.KLT.DINV.CD.DT)",1970 (YR1970),"Source: United Nations Conference on Trade and Development, Foreign Direct Investment Online database."
FootNote,Liberia (LBR),"Foreign direct investment, net inflows in reporting economy (DRS, current US$) (BX.KLT.DINV.CD.DT)",1980 (YR1980),"Source: United Nations Conference on Trade and Development, Foreign Direct Investment Online database."
FootNote,Liberia (LBR),"Foreign direct investment, net inflows in reporting economy (DRS, current US$) (BX.KLT.DINV.CD.DT)",1976 (YR1976),"Source: United Nations Conference on Trade and Development, Foreign Direct Investment Online database."
FootNote,Liberia (LBR),"Foreign direct investment, net inflows in reporting economy (DRS, current US$) (BX.KLT.DINV.CD.DT)",1981 (YR1981),"Source: United Nations Conference on Trade and Development, Foreign Direct Investment Online database."
FootNote,Liberia (LBR),"Foreign direct investment, net inflows in reporting economy (DRS, current US$) (BX.KLT.DINV.CD.DT)",1979 (YR1979),"Source: United Nations Conference on Trade and Development, Foreign Direct Investment Online database."
FootNote,Liberia (LBR),"Foreign direct investment, net inflows in reporting economy (DRS, current US$) (BX.KLT.DINV.CD.DT)",1975 (YR1975),"Source: United Nations Conference on Trade and Development, Foreign Direct Investment Online database."
FootNote,Madagascar (MDG),Current account balance (current US$) (BN.CAB.XOKA.CD),2024 (YR2024),Gap-filled with countries' balance of payments statistics.
FootNote,Madagascar (MDG),Current account balance (current US$) (BN.CAB.XOKA.CD),2023 (YR2023),Gap-filled with countries' balance of payments statistics.
FootNote,Madagascar (MDG),"Imports of goods, services and primary income (current US$) (BM.GSR.TOTL.CD)",2024 (YR2024),"Data are prepared by World Bank staff based on IMF's Balance of Payments statistics and data releases from central banks, national statistical agencies, and World Bank country desks."
FootNote,Madagascar (MDG),"Exports of goods, services and primary income (current US$) (BX.GSR.TOTL.CD)",2023 (YR2023),Gap-filled with countries' balance of payments statistics.
FootNote,Madagascar (MDG),"Exports of goods, services and primary income (current US$) (BX.GSR.TOTL.CD)",2024 (YR2024),"Data are prepared by World Bank staff based on IMF's Balance of Payments statistics and data releases from central banks, national statistical agencies, and World Bank country desks."
FootNote,Madagascar (MDG),"Personal transfers and compensation of employees, received (current US$) (BX.TRF.PWKR.CD.DT)",2024 (YR2024),"Data on Personal Transfers and Compensation of Employees are prepared by World Bank staff based on IMF's Balance of Payments statistics and data releases from central banks, national statistical agencies, and World Bank country desks."
FootNote,Madagascar (MDG),"Imports of goods, services and primary income (current US$) (BM.GSR.TOTL.CD)",2023 (YR2023),Gap-filled with countries' balance of payments statistics.
FootNote,Madagascar (MDG),"Foreign direct investment, net inflows in reporting economy (DRS, current US$) (BX.KLT.DINV.CD.DT)",2024 (YR2024),"Source: United Nations Conference on Trade and Development, Foreign Direct Investment Online database."
FootNote,Madagascar (MDG),"Personal transfers and compensation of employees, received (current US$) (BX.TRF.PWKR.CD.DT)",2023 (YR2023),"Source: United Nations Conference on Trade and Development, Balance of Payments Online database."
FootNote,Madagascar (MDG),"Foreign direct investment, net inflows in reporting economy (DRS, current US$) (BX.KLT.DINV.CD.DT)",2023 (YR2023),"Source: United Nations Conference on Trade and Development, Foreign Direct Investment Online database."
FootNote,Madagascar (MDG),Present value of external debt (% of GNI) (DT.DOD.PVLX.GN.ZS),2009 (YR2009),Data are from debt sustainability analyses for low-income countries. Present value estimates for these countries are for public and publicly guaranteed debt only.
FootNote,Madagascar (MDG),"Present value of external debt (% of exports of goods, services and income) (DT.DOD.PVLX.EX.ZS)",2009 (YR2009),Data are from debt sustainability analyses for low-income countries. Present value estimates for these countries are for public and publicly guaranteed debt only.
FootNote,Madagascar (MDG),"External debt stocks, total (DOD, current US$) (DT.DOD.DECT.CD)",2006 (YR2006),Data include the effects of MDRI.
FootNote,Madagascar (MDG),Debt forgiveness or reduction (current US$) (DT.DFR.DPPG.CD),2006 (YR2006),Data include the effects of MDRI.
FootNote,Madagascar (MDG),"Foreign direct investment, net inflows in reporting economy (DRS, current US$) (BX.KLT.DINV.CD.DT)",1986 (YR1986),"Source: United Nations Conference on Trade and Development, Foreign Direct Investment Online database."
FootNote,Madagascar (MDG),"Foreign direct investment, net inflows in reporting economy (DRS, current US$) (BX.KLT.DINV.CD.DT)",1985 (YR1985),"Source: United Nations Conference on Trade and Development, Foreign Direct Investment Online database."
FootNote,Madagascar (MDG),"Foreign direct investment, net inflows in reporting economy (DRS, current US$) (BX.KLT.DINV.CD.DT)",1988 (YR1988),"Source: United Nations Conference on Trade and Development, Foreign Direct Investment Online database."
FootNote,Madagascar (MDG),"Foreign direct investment, net inflows in reporting economy (DRS, current US$) (BX.KLT.DINV.CD.DT)",1987 (YR1987),"Source: United Nations Conference on Trade and Development, Foreign Direct Investment Online database."
FootNote,Madagascar (MDG),"Foreign direct investment, net inflows in reporting economy (DRS, current US$) (BX.KLT.DINV.CD.DT)",1980 (YR1980),"Source: United Nations Conference on Trade and Development, Foreign Direct Investment Online database."
FootNote,Madagascar (MDG),"Foreign direct investment, net inflows in reporting economy (DRS, current US$) (BX.KLT.DINV.CD.DT)",1973 (YR1973),"Source: United Nations Conference on Trade and Development, Foreign Direct Investment Online database."
FootNote,Madagascar (MDG),"Foreign direct investment, net inflows in reporting economy (DRS, current US$) (BX.KLT.DINV.CD.DT)",1983 (YR1983),"Source: United Nations Conference on Trade and Development, Foreign Direct Investment Online database."
FootNote,Madagascar (MDG),"Foreign direct investment, net inflows in reporting economy (DRS, current US$) (BX.KLT.DINV.CD.DT)",1981 (YR1981),"Source: United Nations Conference on Trade and Development, Foreign Direct Investment Online database."
FootNote,Madagascar (MDG),"Foreign direct investment, net inflows in reporting economy (DRS, current US$) (BX.KLT.DINV.CD.DT)",1970 (YR1970),"Source: United Nations Conference on Trade and Development, Foreign Direct Investment Online database."
FootNote,Madagascar (MDG),"Foreign direct investment, net inflows in reporting economy (DRS, current US$) (BX.KLT.DINV.CD.DT)",1982 (YR1982),"Source: United Nations Conference on Trade and Development, Foreign Direct Investment Online database."
FootNote,Madagascar (MDG),"Foreign direct investment, net inflows in reporting economy (DRS, current US$) (BX.KLT.DINV.CD.DT)",1971 (YR1971),"Source: United Nations Conference on Trade and Development, Foreign Direct Investment Online database."
FootNote,Madagascar (MDG),"Foreign direct investment, net inflows in reporting economy (DRS, current US$) (BX.KLT.DINV.CD.DT)",1984 (YR1984),"Source: United Nations Conference on Trade and Development, Foreign Direct Investment Online database."
FootNote,Madagascar (MDG),"Foreign direct investment, net inflows in reporting economy (DRS, current US$) (BX.KLT.DINV.CD.DT)",1972 (YR1972),"Source: United Nations Conference on Trade and Development, Foreign Direct Investment Online database."
FootNote,Malawi (MWI),"Portfolio investment, equity (DRS, current US$) (BX.PEF.TOTL.CD.DT)",2018 (YR2018),Gap-filled with countries' balance of payments statistics.
FootNote,Malawi (MWI),"Portfolio investment, equity (DRS, current US$) (BX.PEF.TOTL.CD.DT)",2021 (YR2021),Gap-filled with countries' balance of payments statistics.
FootNote,Malawi (MWI),"Portfolio investment, equity (DRS, current US$) (BX.PEF.TOTL.CD.DT)",2020 (YR2020),Gap-filled with countries' balance of payments statistics.
FootNote,Malawi (MWI),"Portfolio investment, equity (DRS, current US$) (BX.PEF.TOTL.CD.DT)",2019 (YR2019),Gap-filled with countries' balance of payments statistics.
FootNote,Malawi (MWI),"Foreign direct investment, net inflows in reporting economy (DRS, current US$) (BX.KLT.DINV.CD.DT)",2024 (YR2024),"Source: United Nations Conference on Trade and Development, Foreign Direct Investment Online database."
FootNote,Malawi (MWI),"Personal transfers and compensation of employees, received (current US$) (BX.TRF.PWKR.CD.DT)",2024 (YR2024),"Data on Personal Transfers and Compensation of Employees are prepared by World Bank staff based on IMF's Balance of Payments statistics and data releases from central banks, national statistical agencies, and World Bank country desks."
FootNote,Malawi (MWI),Current account balance (current US$) (BN.CAB.XOKA.CD),2024 (YR2024),Gap-filled with countries' balance of payments statistics.
FootNote,Malawi (MWI),"Exports of goods, services and primary income (current US$) (BX.GSR.TOTL.CD)",2024 (YR2024),Gap-filled with countries' balance of payments statistics.
FootNote,Malawi (MWI),"Imports of goods, services and primary income (current US$) (BM.GSR.TOTL.CD)",2024 (YR2024),Gap-filled with countries' balance of payments statistics.
FootNote,Malawi (MWI),"External debt stocks, total (DOD, current US$) (DT.DOD.DECT.CD)",2010 (YR2010),Data include the effects of Enhanced HIPC Initiative.
FootNote,Malawi (MWI),Debt forgiveness or reduction (current US$) (DT.DFR.DPPG.CD),2007 (YR2007),Data include the effects of Enhanced HIPC Initiative.
FootNote,Malawi (MWI),"External debt stocks, total (DOD, current US$) (DT.DOD.DECT.CD)",2006 (YR2006),Data include the effects of MDRI and Paris Club debt restructuring agreement.
FootNote,Malawi (MWI),Debt forgiveness or reduction (current US$) (DT.DFR.DPPG.CD),2006 (YR2006),Data include the effects of MDRI.
FootNote,Malawi (MWI),"Present value of external debt (% of exports of goods, services and income) (DT.DOD.PVLX.EX.ZS)",2009 (YR2009),Data are from debt sustainability analyses for low-income countries. Present value estimates for these countries are for public and publicly guaranteed debt only.
FootNote,Malawi (MWI),Present value of external debt (% of GNI) (DT.DOD.PVLX.GN.ZS),2009 (YR2009),Data are from debt sustainability analyses for low-income countries. Present value estimates for these countries are for public and publicly guaranteed debt only.
FootNote,Malawi (MWI),"External debt stocks, total (DOD, current US$) (DT.DOD.DECT.CD)",2007 (YR2007),Data include the effects of Enhanced HIPC Initiative.
FootNote,Malawi (MWI),"External debt stocks, total (DOD, current US$) (DT.DOD.DECT.CD)",2008 (YR2008),Data include the effects of Enhanced HIPC Initiative.
FootNote,Malawi (MWI),"External debt stocks, total (DOD, current US$) (DT.DOD.DECT.CD)",2009 (YR2009),Data include the effects of Enhanced HIPC Initiative.
FootNote,Malawi (MWI),Debt forgiveness or reduction (current US$) (DT.DFR.DPPG.CD),2008 (YR2008),Data include the effects of Enhanced HIPC Initiative.
FootNote,Malawi (MWI),Debt forgiveness or reduction (current US$) (DT.DFR.DPPG.CD),2009 (YR2009),Data include the effects of Enhanced HIPC Initiative.
FootNote,Malawi (MWI),"Foreign direct investment, net inflows in reporting economy (DRS, current US$) (BX.KLT.DINV.CD.DT)",1986 (YR1986),"Source: United Nations Conference on Trade and Development, Foreign Direct Investment Online database."
FootNote,Malawi (MWI),"Foreign direct investment, net inflows in reporting economy (DRS, current US$) (BX.KLT.DINV.CD.DT)",1989 (YR1989),"Source: United Nations Conference on Trade and Development, Foreign Direct Investment Online database."
FootNote,Malawi (MWI),"Foreign direct investment, net inflows in reporting economy (DRS, current US$) (BX.KLT.DINV.CD.DT)",1988 (YR1988),"Source: United Nations Conference on Trade and Development, Foreign Direct Investment Online database."
FootNote,Malawi (MWI),"Foreign direct investment, net inflows in reporting economy (DRS, current US$) (BX.KLT.DINV.CD.DT)",1990 (YR1990),"Source: United Nations Conference on Trade and Development, Foreign Direct Investment Online database."
FootNote,Malawi (MWI),"Foreign direct investment, net inflows in reporting economy (DRS, current US$) (BX.KLT.DINV.CD.DT)",1992 (YR1992),"Source: United Nations Conference on Trade and Development, Foreign Direct Investment Online database."
FootNote,Malawi (MWI),"Foreign direct investment, net inflows in reporting economy (DRS, current US$) (BX.KLT.DINV.CD.DT)",1993 (YR1993),"Source: United Nations Conference on Trade and Development, Foreign Direct Investment Online database."
FootNote,Malawi (MWI),"Foreign direct investment, net inflows in reporting economy (DRS, current US$) (BX.KLT.DINV.CD.DT)",1991 (YR1991),"Source: United Nations Conference on Trade and Development, Foreign Direct Investment Online database."
FootNote,Malawi (MWI),"Foreign direct investment, net inflows in reporting economy (DRS, current US$) (BX.KLT.DINV.CD.DT)",1976 (YR1976),"Source: United Nations Conference on Trade and Development, Foreign Direct Investment Online database."
FootNote,Malawi (MWI),"Foreign direct investment, net inflows in reporting economy (DRS, current US$) (BX.KLT.DINV.CD.DT)",1971 (YR1971),"Source: United Nations Conference on Trade and Development, Foreign Direct Investment Online database."
FootNote,Malawi (MWI),"Foreign direct investment, net inflows in reporting economy (DRS, current US$) (BX.KLT.DINV.CD.DT)",1975 (YR1975),"Source: United Nations Conference on Trade and Development, Foreign Direct Investment Online database."
FootNote,Malawi (MWI),"Foreign direct investment, net inflows in reporting economy (DRS, current US$) (BX.KLT.DINV.CD.DT)",1984 (YR1984),"Source: United Nations Conference on Trade and Development, Foreign Direct Investment Online database."
FootNote,Malawi (MWI),"Foreign direct investment, net inflows in reporting economy (DRS, current US$) (BX.KLT.DINV.CD.DT)",1973 (YR1973),"Source: United Nations Conference on Trade and Development, Foreign Direct Investment Online database."
FootNote,Malawi (MWI),"Foreign direct investment, net inflows in reporting economy (DRS, current US$) (BX.KLT.DINV.CD.DT)",1972 (YR1972),"Source: United Nations Conference on Trade and Development, Foreign Direct Investment Online database."
FootNote,Malawi (MWI),"Foreign direct investment, net inflows in reporting economy (DRS, current US$) (BX.KLT.DINV.CD.DT)",1982 (YR1982),"Source: United Nations Conference on Trade and Development, Foreign Direct Investment Online database."
FootNote,Malawi (MWI),"Foreign direct investment, net inflows in reporting economy (DRS, current US$) (BX.KLT.DINV.CD.DT)",1974 (YR1974),"Source: United Nations Conference on Trade and Development, Foreign Direct Investment Online database."
FootNote,Malawi (MWI),"Foreign direct investment, net inflows in reporting economy (DRS, current US$) (BX.KLT.DINV.CD.DT)",1970 (YR1970),"Source: United Nations Conference on Trade and Development, Foreign Direct Investment Online database."
FootNote,Maldives (MDV),"Foreign direct investment, net inflows in reporting economy (DRS, current US$) (BX.KLT.DINV.CD.DT)",1985 (YR1985),"Source: United Nations Conference on Trade and Development, Foreign Direct Investment Online database."
FootNote,Maldives (MDV),"Foreign direct investment, net inflows in reporting economy (DRS, current US$) (BX.KLT.DINV.CD.DT)",1974 (YR1974),"Source: United Nations Conference on Trade and Development, Foreign Direct Investment Online database."
FootNote,Maldives (MDV),"Foreign direct investment, net inflows in reporting economy (DRS, current US$) (BX.KLT.DINV.CD.DT)",1982 (YR1982),"Source: United Nations Conference on Trade and Development, Foreign Direct Investment Online database."
FootNote,Maldives (MDV),"Foreign direct investment, net inflows in reporting economy (DRS, current US$) (BX.KLT.DINV.CD.DT)",1977 (YR1977),"Source: United Nations Conference on Trade and Development, Foreign Direct Investment Online database."
FootNote,Maldives (MDV),"Foreign direct investment, net inflows in reporting economy (DRS, current US$) (BX.KLT.DINV.CD.DT)",1981 (YR1981),"Source: United Nations Conference on Trade and Development, Foreign Direct Investment Online database."
FootNote,Maldives (MDV),"Foreign direct investment, net inflows in reporting economy (DRS, current US$) (BX.KLT.DINV.CD.DT)",1978 (YR1978),"Source: United Nations Conference on Trade and Development, Foreign Direct Investment Online database."
FootNote,Maldives (MDV),"Foreign direct investment, net inflows in reporting economy (DRS, current US$) (BX.KLT.DINV.CD.DT)",1980 (YR1980),"Source: United Nations Conference on Trade and Development, Foreign Direct Investment Online database."
FootNote,Maldives (MDV),"Foreign direct investment, net inflows in reporting economy (DRS, current US$) (BX.KLT.DINV.CD.DT)",1973 (YR1973),"Source: United Nations Conference on Trade and Development, Foreign Direct Investment Online database."
FootNote,Maldives (MDV),"Foreign direct investment, net inflows in reporting economy (DRS, current US$) (BX.KLT.DINV.CD.DT)",1975 (YR1975),"Source: United Nations Conference on Trade and Development, Foreign Direct Investment Online database."
FootNote,Maldives (MDV),"Foreign direct investment, net inflows in reporting economy (DRS, current US$) (BX.KLT.DINV.CD.DT)",1976 (YR1976),"Source: United Nations Conference on Trade and Development, Foreign Direct Investment Online database."
FootNote,Maldives (MDV),"Foreign direct investment, net inflows in reporting economy (DRS, current US$) (BX.KLT.DINV.CD.DT)",1983 (YR1983),"Source: United Nations Conference on Trade and Development, Foreign Direct Investment Online database."
FootNote,Maldives (MDV),"Foreign direct investment, net inflows in reporting economy (DRS, current US$) (BX.KLT.DINV.CD.DT)",1979 (YR1979),"Source: United Nations Conference on Trade and Development, Foreign Direct Investment Online database."
FootNote,Maldives (MDV),"Foreign direct investment, net inflows in reporting economy (DRS, current US$) (BX.KLT.DINV.CD.DT)",1984 (YR1984),"Source: United Nations Conference on Trade and Development, Foreign Direct Investment Online database."
FootNote,Mali (MLI),"Personal transfers and compensation of employees, received (current US$) (BX.TRF.PWKR.CD.DT)",2024 (YR2024),"Data on Personal Transfers and Compensation of Employees are prepared by World Bank staff based on IMF's Balance of Payments statistics and data releases from central banks, national statistical agencies, and World Bank country desks."
FootNote,Mali (MLI),"Exports of goods, services and primary income (current US$) (BX.GSR.TOTL.CD)",2024 (YR2024),Gap-filled with countries' balance of payments statistics.
FootNote,Mali (MLI),"Imports of goods, services and primary income (current US$) (BM.GSR.TOTL.CD)",2024 (YR2024),Gap-filled with countries' balance of payments statistics.
FootNote,Mali (MLI),Current account balance (current US$) (BN.CAB.XOKA.CD),2024 (YR2024),Gap-filled with countries' balance of payments statistics.
FootNote,Mali (MLI),"Foreign direct investment, net inflows in reporting economy (DRS, current US$) (BX.KLT.DINV.CD.DT)",2024 (YR2024),"Source: United Nations Conference on Trade and Development, Foreign Direct Investment Online database."
FootNote,Mali (MLI),"Total reserves (includes gold, current US$) (FI.RES.TOTL.CD)",2017 (YR2017),Gap-filled with countries' balance of payments statistics.
FootNote,Mali (MLI),Present value of external debt (% of GNI) (DT.DOD.PVLX.GN.ZS),2009 (YR2009),Data are from debt sustainability analyses for low-income countries. Present value estimates for these countries are for public and publicly guaranteed debt only.
FootNote,Mali (MLI),"Present value of external debt (% of exports of goods, services and income) (DT.DOD.PVLX.EX.ZS)",2009 (YR2009),Data are from debt sustainability analyses for low-income countries. Present value estimates for these countries are for public and publicly guaranteed debt only.
FootNote,Mali (MLI),Debt forgiveness or reduction (current US$) (DT.DFR.DPPG.CD),2006 (YR2006),Data include the effects of MDRI.
FootNote,Mali (MLI),"External debt stocks, total (DOD, current US$) (DT.DOD.DECT.CD)",2006 (YR2006),Data include the effects of MDRI.
FootNote,Mali (MLI),"Total reserves (includes gold, current US$) (FI.RES.TOTL.CD)",2004 (YR2004),Gap-filled with countries' balance of payments statistics.
FootNote,Mali (MLI),"Total reserves (includes gold, current US$) (FI.RES.TOTL.CD)",2014 (YR2014),Gap-filled with countries' balance of payments statistics.
FootNote,Mali (MLI),"Total reserves (includes gold, current US$) (FI.RES.TOTL.CD)",2016 (YR2016),Gap-filled with countries' balance of payments statistics.
FootNote,Mali (MLI),"Total reserves (includes gold, current US$) (FI.RES.TOTL.CD)",2012 (YR2012),Gap-filled with countries' balance of payments statistics.
FootNote,Mali (MLI),"Total reserves (includes gold, current US$) (FI.RES.TOTL.CD)",2001 (YR2001),Gap-filled with countries' balance of payments statistics.
FootNote,Mali (MLI),"Total reserves (includes gold, current US$) (FI.RES.TOTL.CD)",2011 (YR2011),Gap-filled with countries' balance of payments statistics.
FootNote,Mali (MLI),"Total reserves (includes gold, current US$) (FI.RES.TOTL.CD)",2015 (YR2015),Gap-filled with countries' balance of payments statistics.
FootNote,Mali (MLI),"Total reserves (includes gold, current US$) (FI.RES.TOTL.CD)",2002 (YR2002),Gap-filled with countries' balance of payments statistics.
FootNote,Mali (MLI),"Total reserves (includes gold, current US$) (FI.RES.TOTL.CD)",2010 (YR2010),Gap-filled with countries' balance of payments statistics.
FootNote,Mali (MLI),"Total reserves (includes gold, current US$) (FI.RES.TOTL.CD)",2003 (YR2003),Gap-filled with countries' balance of payments statistics.
FootNote,Mali (MLI),"Total reserves (includes gold, current US$) (FI.RES.TOTL.CD)",2009 (YR2009),Gap-filled with countries' balance of payments statistics.
FootNote,Mali (MLI),"Total reserves (includes gold, current US$) (FI.RES.TOTL.CD)",2013 (YR2013),Gap-filled with countries' balance of payments statistics.
FootNote,Mali (MLI),"Total reserves (includes gold, current US$) (FI.RES.TOTL.CD)",2008 (YR2008),Gap-filled with countries' balance of payments statistics.
FootNote,Mali (MLI),"Total reserves (includes gold, current US$) (FI.RES.TOTL.CD)",2007 (YR2007),Gap-filled with countries' balance of payments statistics.
FootNote,Mali (MLI),"Total reserves (includes gold, current US$) (FI.RES.TOTL.CD)",2006 (YR2006),Gap-filled with countries' balance of payments statistics.
FootNote,Mali (MLI),"Total reserves (includes gold, current US$) (FI.RES.TOTL.CD)",2005 (YR2005),Gap-filled with countries' balance of payments statistics.
FootNote,Mali (MLI),"Total reserves (includes gold, current US$) (FI.RES.TOTL.CD)",2000 (YR2000),Gap-filled with countries' balance of payments statistics.
FootNote,Mali (MLI),"Foreign direct investment, net inflows in reporting economy (DRS, current US$) (BX.KLT.DINV.CD.DT)",1974 (YR1974),"Source: United Nations Conference on Trade and Development, Foreign Direct Investment Online database."
FootNote,Mali (MLI),"Foreign direct investment, net inflows in reporting economy (DRS, current US$) (BX.KLT.DINV.CD.DT)",1972 (YR1972),"Source: United Nations Conference on Trade and Development, Foreign Direct Investment Online database."
FootNote,Mali (MLI),"Foreign direct investment, net inflows in reporting economy (DRS, current US$) (BX.KLT.DINV.CD.DT)",1971 (YR1971),"Source: United Nations Conference on Trade and Development, Foreign Direct Investment Online database."
FootNote,Mali (MLI),"Foreign direct investment, net inflows in reporting economy (DRS, current US$) (BX.KLT.DINV.CD.DT)",1979 (YR1979),"Source: United Nations Conference on Trade and Development, Foreign Direct Investment Online database."
FootNote,Mali (MLI),"Foreign direct investment, net inflows in reporting economy (DRS, current US$) (BX.KLT.DINV.CD.DT)",1973 (YR1973),"Source: United Nations Conference on Trade and Development, Foreign Direct Investment Online database."
FootNote,Mauritania (MRT),"Exports of goods, services and primary income (current US$) (BX.GSR.TOTL.CD)",2009 (YR2009),"Source: United Nations Conference on Trade and Development, Balance of Payments Online database."
FootNote,Mauritania (MRT),"Exports of goods, services and primary income (current US$) (BX.GSR.TOTL.CD)",2010 (YR2010),"Source: United Nations Conference on Trade and Development, Balance of Payments Online database."
FootNote,Mauritania (MRT),"Exports of goods, services and primary income (current US$) (BX.GSR.TOTL.CD)",2006 (YR2006),"Source: United Nations Conference on Trade and Development, Balance of Payments Online database."
FootNote,Mauritania (MRT),"Exports of goods, services and primary income (current US$) (BX.GSR.TOTL.CD)",2005 (YR2005),"Source: United Nations Conference on Trade and Development, Balance of Payments Online database."
FootNote,Mauritania (MRT),"Exports of goods, services and primary income (current US$) (BX.GSR.TOTL.CD)",2008 (YR2008),"Source: United Nations Conference on Trade and Development, Balance of Payments Online database."
FootNote,Mauritania (MRT),"Exports of goods, services and primary income (current US$) (BX.GSR.TOTL.CD)",2007 (YR2007),"Source: United Nations Conference on Trade and Development, Balance of Payments Online database."
FootNote,Mauritania (MRT),"Exports of goods, services and primary income (current US$) (BX.GSR.TOTL.CD)",2011 (YR2011),"Source: United Nations Conference on Trade and Development, Balance of Payments Online database."
FootNote,Mauritania (MRT),"Imports of goods, services and primary income (current US$) (BM.GSR.TOTL.CD)",2010 (YR2010),"Source: United Nations Conference on Trade and Development, Balance of Payments Online database."
FootNote,Mauritania (MRT),"Imports of goods, services and primary income (current US$) (BM.GSR.TOTL.CD)",2008 (YR2008),"Source: United Nations Conference on Trade and Development, Balance of Payments Online database."
FootNote,Mauritania (MRT),"Imports of goods, services and primary income (current US$) (BM.GSR.TOTL.CD)",2009 (YR2009),"Source: United Nations Conference on Trade and Development, Balance of Payments Online database."
FootNote,Mauritania (MRT),"Imports of goods, services and primary income (current US$) (BM.GSR.TOTL.CD)",2007 (YR2007),"Source: United Nations Conference on Trade and Development, Balance of Payments Online database."
FootNote,Mauritania (MRT),"Imports of goods, services and primary income (current US$) (BM.GSR.TOTL.CD)",2006 (YR2006),"Source: United Nations Conference on Trade and Development, Balance of Payments Online database."
FootNote,Mauritania (MRT),Current account balance (current US$) (BN.CAB.XOKA.CD),2009 (YR2009),"Source: United Nations Conference on Trade and Development, Balance of Payments Online database."
FootNote,Mauritania (MRT),Current account balance (current US$) (BN.CAB.XOKA.CD),2005 (YR2005),"Source: United Nations Conference on Trade and Development, Balance of Payments Online database."
FootNote,Mauritania (MRT),Current account balance (current US$) (BN.CAB.XOKA.CD),2001 (YR2001),"Source: United Nations Conference on Trade and Development, Balance of Payments Online database."
FootNote,Mauritania (MRT),Current account balance (current US$) (BN.CAB.XOKA.CD),2002 (YR2002),"Source: United Nations Conference on Trade and Development, Balance of Payments Online database."
FootNote,Mauritania (MRT),Current account balance (current US$) (BN.CAB.XOKA.CD),2007 (YR2007),"Source: United Nations Conference on Trade and Development, Balance of Payments Online database."
FootNote,Mauritania (MRT),Current account balance (current US$) (BN.CAB.XOKA.CD),2003 (YR2003),"Source: United Nations Conference on Trade and Development, Balance of Payments Online database."
FootNote,Mauritania (MRT),Current account balance (current US$) (BN.CAB.XOKA.CD),2011 (YR2011),"Source: United Nations Conference on Trade and Development, Balance of Payments Online database."
FootNote,Mauritania (MRT),Current account balance (current US$) (BN.CAB.XOKA.CD),2010 (YR2010),"Source: United Nations Conference on Trade and Development, Balance of Payments Online database."
FootNote,Mauritania (MRT),Current account balance (current US$) (BN.CAB.XOKA.CD),2006 (YR2006),"Source: United Nations Conference on Trade and Development, Balance of Payments Online database."
FootNote,Mauritania (MRT),Current account balance (current US$) (BN.CAB.XOKA.CD),2008 (YR2008),"Source: United Nations Conference on Trade and Development, Balance of Payments Online database."
FootNote,Mauritania (MRT),Current account balance (current US$) (BN.CAB.XOKA.CD),2004 (YR2004),"Source: United Nations Conference on Trade and Development, Balance of Payments Online database."
FootNote,Mauritania (MRT),Present value of external debt (% of GNI) (DT.DOD.PVLX.GN.ZS),2009 (YR2009),Data are from debt sustainability analyses for low-income countries. Present value estimates for these countries are for public and publicly guaranteed debt only.
FootNote,Mauritania (MRT),"Present value of external debt (% of exports of goods, services and income) (DT.DOD.PVLX.EX.ZS)",2009 (YR2009),Data are from debt sustainability analyses for low-income countries. Present value estimates for these countries are for public and publicly guaranteed debt only.
FootNote,Mauritania (MRT),"External debt stocks, total (DOD, current US$) (DT.DOD.DECT.CD)",2006 (YR2006),Data include the effects of MDRI.
FootNote,Mauritania (MRT),Debt forgiveness or reduction (current US$) (DT.DFR.DPPG.CD),2006 (YR2006),Data include the effects of MDRI.
FootNote,Mauritania (MRT),"Imports of goods, services and primary income (current US$) (BM.GSR.TOTL.CD)",2011 (YR2011),"Source: United Nations Conference on Trade and Development, Balance of Payments Online database."
FootNote,Mauritania (MRT),"Imports of goods, services and primary income (current US$) (BM.GSR.TOTL.CD)",2005 (YR2005),"Source: United Nations Conference on Trade and Development, Balance of Payments Online database."
FootNote,Mauritania (MRT),"Personal transfers and compensation of employees, received (current US$) (BX.TRF.PWKR.CD.DT)",2010 (YR2010),"Source: United Nations Conference on Trade and Development, Balance of Payments Online database."
FootNote,Mauritania (MRT),"Personal transfers and compensation of employees, received (current US$) (BX.TRF.PWKR.CD.DT)",2015 (YR2015),"Source: United Nations Conference on Trade and Development, Balance of Payments Online database."
FootNote,Mauritania (MRT),"Personal transfers and compensation of employees, received (current US$) (BX.TRF.PWKR.CD.DT)",2011 (YR2011),"Source: United Nations Conference on Trade and Development, Balance of Payments Online database."
FootNote,Mauritania (MRT),"Foreign direct investment, net inflows in reporting economy (DRS, current US$) (BX.KLT.DINV.CD.DT)",2005 (YR2005),"Source: United Nations Conference on Trade and Development, Foreign Direct Investment Online database."
FootNote,Mauritania (MRT),"Personal transfers and compensation of employees, received (current US$) (BX.TRF.PWKR.CD.DT)",2012 (YR2012),"Source: United Nations Conference on Trade and Development, Balance of Payments Online database."
FootNote,Mauritania (MRT),"Foreign direct investment, net inflows in reporting economy (DRS, current US$) (BX.KLT.DINV.CD.DT)",2004 (YR2004),"Source: United Nations Conference on Trade and Development, Foreign Direct Investment Online database."
FootNote,Mauritania (MRT),"Personal transfers and compensation of employees, received (current US$) (BX.TRF.PWKR.CD.DT)",2016 (YR2016),"Source: United Nations Conference on Trade and Development, Balance of Payments Online database."
FootNote,Mauritania (MRT),"Personal transfers and compensation of employees, received (current US$) (BX.TRF.PWKR.CD.DT)",2013 (YR2013),"Source: United Nations Conference on Trade and Development, Balance of Payments Online database."
FootNote,Mauritania (MRT),"Personal transfers and compensation of employees, received (current US$) (BX.TRF.PWKR.CD.DT)",2014 (YR2014),"Source: United Nations Conference on Trade and Development, Balance of Payments Online database."
FootNote,Mauritania (MRT),"Foreign direct investment, net inflows in reporting economy (DRS, current US$) (BX.KLT.DINV.CD.DT)",2007 (YR2007),"Source: United Nations Conference on Trade and Development, Foreign Direct Investment Online database."
FootNote,Mauritania (MRT),"Foreign direct investment, net inflows in reporting economy (DRS, current US$) (BX.KLT.DINV.CD.DT)",2003 (YR2003),"Source: United Nations Conference on Trade and Development, Foreign Direct Investment Online database."
FootNote,Mauritania (MRT),"Foreign direct investment, net inflows in reporting economy (DRS, current US$) (BX.KLT.DINV.CD.DT)",2008 (YR2008),"Source: United Nations Conference on Trade and Development, Foreign Direct Investment Online database."
FootNote,Mauritania (MRT),"Foreign direct investment, net inflows in reporting economy (DRS, current US$) (BX.KLT.DINV.CD.DT)",2006 (YR2006),"Source: United Nations Conference on Trade and Development, Foreign Direct Investment Online database."
FootNote,Mauritania (MRT),"Foreign direct investment, net inflows in reporting economy (DRS, current US$) (BX.KLT.DINV.CD.DT)",2009 (YR2009),"Source: United Nations Conference on Trade and Development, Foreign Direct Investment Online database."
FootNote,Mauritania (MRT),"Foreign direct investment, net inflows in reporting economy (DRS, current US$) (BX.KLT.DINV.CD.DT)",2011 (YR2011),"Source: United Nations Conference on Trade and Development, Foreign Direct Investment Online database."
FootNote,Mauritania (MRT),"Foreign direct investment, net inflows in reporting economy (DRS, current US$) (BX.KLT.DINV.CD.DT)",2002 (YR2002),"Source: United Nations Conference on Trade and Development, Foreign Direct Investment Online database."
FootNote,Mauritania (MRT),"Foreign direct investment, net inflows in reporting economy (DRS, current US$) (BX.KLT.DINV.CD.DT)",2010 (YR2010),"Source: United Nations Conference on Trade and Development, Foreign Direct Investment Online database."
FootNote,Mauritania (MRT),"Foreign direct investment, net inflows in reporting economy (DRS, current US$) (BX.KLT.DINV.CD.DT)",2001 (YR2001),"Source: United Nations Conference on Trade and Development, Foreign Direct Investment Online database."
FootNote,Mauritania (MRT),Current account balance (current US$) (BN.CAB.XOKA.CD),2000 (YR2000),"Source: United Nations Conference on Trade and Development, Balance of Payments Online database."
FootNote,Mauritania (MRT),"Foreign direct investment, net inflows in reporting economy (DRS, current US$) (BX.KLT.DINV.CD.DT)",2000 (YR2000),"Source: United Nations Conference on Trade and Development, Foreign Direct Investment Online database."
FootNote,Mauritania (MRT),"Foreign direct investment, net inflows in reporting economy (DRS, current US$) (BX.KLT.DINV.CD.DT)",1996 (YR1996),"Source: United Nations Conference on Trade and Development, Foreign Direct Investment Online database."
FootNote,Mauritania (MRT),"Foreign direct investment, net inflows in reporting economy (DRS, current US$) (BX.KLT.DINV.CD.DT)",1999 (YR1999),"Source: United Nations Conference on Trade and Development, Foreign Direct Investment Online database."
FootNote,Mauritania (MRT),"Foreign direct investment, net inflows in reporting economy (DRS, current US$) (BX.KLT.DINV.CD.DT)",1997 (YR1997),"Source: United Nations Conference on Trade and Development, Foreign Direct Investment Online database."
FootNote,Mauritania (MRT),"Foreign direct investment, net inflows in reporting economy (DRS, current US$) (BX.KLT.DINV.CD.DT)",1971 (YR1971),"Source: United Nations Conference on Trade and Development, Foreign Direct Investment Online database."
FootNote,Mauritania (MRT),"Foreign direct investment, net inflows in reporting economy (DRS, current US$) (BX.KLT.DINV.CD.DT)",1970 (YR1970),"Source: United Nations Conference on Trade and Development, Foreign Direct Investment Online database."
FootNote,Mauritania (MRT),"Foreign direct investment, net inflows in reporting economy (DRS, current US$) (BX.KLT.DINV.CD.DT)",1974 (YR1974),"Source: United Nations Conference on Trade and Development, Foreign Direct Investment Online database."
FootNote,Mauritania (MRT),"Foreign direct investment, net inflows in reporting economy (DRS, current US$) (BX.KLT.DINV.CD.DT)",1972 (YR1972),"Source: United Nations Conference on Trade and Development, Foreign Direct Investment Online database."
FootNote,Mauritania (MRT),"Foreign direct investment, net inflows in reporting economy (DRS, current US$) (BX.KLT.DINV.CD.DT)",1973 (YR1973),"Source: United Nations Conference on Trade and Development, Foreign Direct Investment Online database."
FootNote,Mauritius (MUS),"Population, total (SP.POP.TOTL)",2017 (YR2017),Excluding Agalega and St. Brandon.
FootNote,Mauritius (MUS),"Population, total (SP.POP.TOTL)",2019 (YR2019),Excluding Agalega and St. Brandon.
FootNote,Mauritius (MUS),"Population, total (SP.POP.TOTL)",2018 (YR2018),Excluding Agalega and St. Brandon.
FootNote,Mauritius (MUS),"Foreign direct investment, net inflows in reporting economy (DRS, current US$) (BX.KLT.DINV.CD.DT)",2018 (YR2018),"Source: United Nations Conference on Trade and Development, Foreign Direct Investment Online database."
FootNote,Mauritius (MUS),"Foreign direct investment, net inflows in reporting economy (DRS, current US$) (BX.KLT.DINV.CD.DT)",2021 (YR2021),"Source: United Nations Conference on Trade and Development, Foreign Direct Investment Online database."
FootNote,Mauritius (MUS),"Foreign direct investment, net inflows in reporting economy (DRS, current US$) (BX.KLT.DINV.CD.DT)",2019 (YR2019),"Source: United Nations Conference on Trade and Development, Foreign Direct Investment Online database."
FootNote,Mauritius (MUS),"Foreign direct investment, net inflows in reporting economy (DRS, current US$) (BX.KLT.DINV.CD.DT)",2017 (YR2017),"Source: United Nations Conference on Trade and Development, Foreign Direct Investment Online database."
FootNote,Mauritius (MUS),"Foreign direct investment, net inflows in reporting economy (DRS, current US$) (BX.KLT.DINV.CD.DT)",2024 (YR2024),"Source: United Nations Conference on Trade and Development, Foreign Direct Investment Online database."
FootNote,Mauritius (MUS),"Foreign direct investment, net inflows in reporting economy (DRS, current US$) (BX.KLT.DINV.CD.DT)",2023 (YR2023),"Source: United Nations Conference on Trade and Development, Foreign Direct Investment Online database."
FootNote,Mauritius (MUS),"Foreign direct investment, net inflows in reporting economy (DRS, current US$) (BX.KLT.DINV.CD.DT)",2020 (YR2020),"Source: United Nations Conference on Trade and Development, Foreign Direct Investment Online database."
FootNote,Mauritius (MUS),"Foreign direct investment, net inflows in reporting economy (DRS, current US$) (BX.KLT.DINV.CD.DT)",2022 (YR2022),"Source: United Nations Conference on Trade and Development, Foreign Direct Investment Online database."
FootNote,Mauritius (MUS),"Foreign direct investment, net inflows in reporting economy (DRS, current US$) (BX.KLT.DINV.CD.DT)",2010 (YR2010),"Source: United Nations Conference on Trade and Development, Foreign Direct Investment Online database."
FootNote,Mauritius (MUS),"Foreign direct investment, net inflows in reporting economy (DRS, current US$) (BX.KLT.DINV.CD.DT)",2012 (YR2012),"Source: United Nations Conference on Trade and Development, Foreign Direct Investment Online database."
FootNote,Mauritius (MUS),"Foreign direct investment, net inflows in reporting economy (DRS, current US$) (BX.KLT.DINV.CD.DT)",2014 (YR2014),"Source: United Nations Conference on Trade and Development, Foreign Direct Investment Online database."
FootNote,Mauritius (MUS),"Foreign direct investment, net inflows in reporting economy (DRS, current US$) (BX.KLT.DINV.CD.DT)",2016 (YR2016),"Source: United Nations Conference on Trade and Development, Foreign Direct Investment Online database."
FootNote,Mauritius (MUS),"Foreign direct investment, net inflows in reporting economy (DRS, current US$) (BX.KLT.DINV.CD.DT)",2011 (YR2011),"Source: United Nations Conference on Trade and Development, Foreign Direct Investment Online database."
FootNote,Mauritius (MUS),"Foreign direct investment, net inflows in reporting economy (DRS, current US$) (BX.KLT.DINV.CD.DT)",2015 (YR2015),"Source: United Nations Conference on Trade and Development, Foreign Direct Investment Online database."
FootNote,Mauritius (MUS),"Foreign direct investment, net inflows in reporting economy (DRS, current US$) (BX.KLT.DINV.CD.DT)",2013 (YR2013),"Source: United Nations Conference on Trade and Development, Foreign Direct Investment Online database."
FootNote,Mauritius (MUS),"Population, total (SP.POP.TOTL)",2004 (YR2004),Excluding Agalega and St. Brandon.
FootNote,Mauritius (MUS),"Population, total (SP.POP.TOTL)",2005 (YR2005),Excluding Agalega and St. Brandon.
FootNote,Mauritius (MUS),"Population, total (SP.POP.TOTL)",2008 (YR2008),Excluding Agalega and St. Brandon.
FootNote,Mauritius (MUS),"Population, total (SP.POP.TOTL)",2007 (YR2007),Excluding Agalega and St. Brandon.
FootNote,Mauritius (MUS),"Population, total (SP.POP.TOTL)",2002 (YR2002),Excluding Agalega and St. Brandon.
FootNote,Mauritius (MUS),"Population, total (SP.POP.TOTL)",2001 (YR2001),Excluding Agalega and St. Brandon.
FootNote,Mauritius (MUS),"Population, total (SP.POP.TOTL)",2006 (YR2006),Excluding Agalega and St. Brandon.
FootNote,Mauritius (MUS),"Population, total (SP.POP.TOTL)",2009 (YR2009),Excluding Agalega and St. Brandon.
FootNote,Mauritius (MUS),"Population, total (SP.POP.TOTL)",2003 (YR2003),Excluding Agalega and St. Brandon.
FootNote,Mauritius (MUS),"Population, total (SP.POP.TOTL)",2016 (YR2016),Excluding Agalega and St. Brandon.
FootNote,Mauritius (MUS),"Population, total (SP.POP.TOTL)",2015 (YR2015),Excluding Agalega and St. Brandon.
FootNote,Mauritius (MUS),"Population, total (SP.POP.TOTL)",2014 (YR2014),Excluding Agalega and St. Brandon.
FootNote,Mauritius (MUS),"Population, total (SP.POP.TOTL)",2013 (YR2013),Excluding Agalega and St. Brandon.
FootNote,Mauritius (MUS),"Population, total (SP.POP.TOTL)",2012 (YR2012),Excluding Agalega and St. Brandon.
FootNote,Mauritius (MUS),"Population, total (SP.POP.TOTL)",2011 (YR2011),Excluding Agalega and St. Brandon.
FootNote,Mauritius (MUS),"Population, total (SP.POP.TOTL)",2010 (YR2010),Excluding Agalega and St. Brandon.
FootNote,Mauritius (MUS),"Population, total (SP.POP.TOTL)",1985 (YR1985),Excluding Agalega and St. Brandon.
FootNote,Mauritius (MUS),"Population, total (SP.POP.TOTL)",1987 (YR1987),Excluding Agalega and St. Brandon.
FootNote,Mauritius (MUS),"Population, total (SP.POP.TOTL)",1986 (YR1986),Excluding Agalega and St. Brandon.
FootNote,Mauritius (MUS),"Population, total (SP.POP.TOTL)",1988 (YR1988),Excluding Agalega and St. Brandon.
FootNote,Mauritius (MUS),"Population, total (SP.POP.TOTL)",1989 (YR1989),Excluding Agalega and St. Brandon.
FootNote,Mauritius (MUS),"Population, total (SP.POP.TOTL)",1997 (YR1997),Excluding Agalega and St. Brandon.
FootNote,Mauritius (MUS),"Population, total (SP.POP.TOTL)",1992 (YR1992),Excluding Agalega and St. Brandon.
FootNote,Mauritius (MUS),"Population, total (SP.POP.TOTL)",1995 (YR1995),Excluding Agalega and St. Brandon.
FootNote,Mauritius (MUS),"Population, total (SP.POP.TOTL)",2000 (YR2000),Excluding Agalega and St. Brandon.
FootNote,Mauritius (MUS),"Population, total (SP.POP.TOTL)",1990 (YR1990),Excluding Agalega and St. Brandon.
FootNote,Mauritius (MUS),"Population, total (SP.POP.TOTL)",1993 (YR1993),Excluding Agalega and St. Brandon.
FootNote,Mauritius (MUS),"Population, total (SP.POP.TOTL)",1994 (YR1994),Excluding Agalega and St. Brandon.
FootNote,Mauritius (MUS),"Population, total (SP.POP.TOTL)",1999 (YR1999),Excluding Agalega and St. Brandon.
FootNote,Mauritius (MUS),"Population, total (SP.POP.TOTL)",1996 (YR1996),Excluding Agalega and St. Brandon.
FootNote,Mauritius (MUS),"Population, total (SP.POP.TOTL)",1991 (YR1991),Excluding Agalega and St. Brandon.
FootNote,Mauritius (MUS),"Population, total (SP.POP.TOTL)",1998 (YR1998),Excluding Agalega and St. Brandon.
FootNote,Mauritius (MUS),"Foreign direct investment, net inflows in reporting economy (DRS, current US$) (BX.KLT.DINV.CD.DT)",1970 (YR1970),"Source: United Nations Conference on Trade and Development, Foreign Direct Investment Online database."
FootNote,Mauritius (MUS),"Population, total (SP.POP.TOTL)",1983 (YR1983),Excluding Agalega and St. Brandon.
FootNote,Mauritius (MUS),"Population, total (SP.POP.TOTL)",1979 (YR1979),Excluding Agalega and St. Brandon.
FootNote,Mauritius (MUS),"Population, total (SP.POP.TOTL)",1980 (YR1980),Excluding Agalega and St. Brandon.
FootNote,Mauritius (MUS),"Population, total (SP.POP.TOTL)",1982 (YR1982),Excluding Agalega and St. Brandon.
FootNote,Mauritius (MUS),"Population, total (SP.POP.TOTL)",1984 (YR1984),Excluding Agalega and St. Brandon.
FootNote,Mauritius (MUS),"Population, total (SP.POP.TOTL)",1981 (YR1981),Excluding Agalega and St. Brandon.
FootNote,Mauritius (MUS),"Population, total (SP.POP.TOTL)",1978 (YR1978),Excluding Agalega and St. Brandon.
FootNote,Mauritius (MUS),"Foreign direct investment, net inflows in reporting economy (DRS, current US$) (BX.KLT.DINV.CD.DT)",1974 (YR1974),"Source: United Nations Conference on Trade and Development, Foreign Direct Investment Online database."
FootNote,Mauritius (MUS),"Foreign direct investment, net inflows in reporting economy (DRS, current US$) (BX.KLT.DINV.CD.DT)",1973 (YR1973),"Source: United Nations Conference on Trade and Development, Foreign Direct Investment Online database."
FootNote,Mauritius (MUS),"Foreign direct investment, net inflows in reporting economy (DRS, current US$) (BX.KLT.DINV.CD.DT)",1972 (YR1972),"Source: United Nations Conference on Trade and Development, Foreign Direct Investment Online database."
FootNote,Mauritius (MUS),"Foreign direct investment, net inflows in reporting economy (DRS, current US$) (BX.KLT.DINV.CD.DT)",1975 (YR1975),"Source: United Nations Conference on Trade and Development, Foreign Direct Investment Online database."
FootNote,Mauritius (MUS),"Foreign direct investment, net inflows in reporting economy (DRS, current US$) (BX.KLT.DINV.CD.DT)",1971 (YR1971),"Source: United Nations Conference on Trade and Development, Foreign Direct Investment Online database."
FootNote,Mexico (MEX),"External debt stocks, total (DOD, current US$) (DT.DOD.DECT.CD)",2009 (YR2009),Adjustments in the stock of debt in 2009 are mainly due to repurchased of $23 billions. PIDIREGAS bonds in 2007 and 2008 were not accounted by the Government until 2009.
FootNote,Mexico (MEX),"External debt stocks, public and publicly guaranteed (PPG) (DOD, current US$) (DT.DOD.DPPG.CD)",1995 (YR1995),The increase in 1995 in long-term debt includes the stock transfer of the �Tesobonos.�
FootNote,Mexico (MEX),"Foreign direct investment, net inflows in reporting economy (DRS, current US$) (BX.KLT.DINV.CD.DT)",1971 (YR1971),"Source: United Nations Conference on Trade and Development, Foreign Direct Investment Online database."
FootNote,Mexico (MEX),"Foreign direct investment, net inflows in reporting economy (DRS, current US$) (BX.KLT.DINV.CD.DT)",1970 (YR1970),"Source: United Nations Conference on Trade and Development, Foreign Direct Investment Online database."
FootNote,Mexico (MEX),"Foreign direct investment, net inflows in reporting economy (DRS, current US$) (BX.KLT.DINV.CD.DT)",1974 (YR1974),"Source: United Nations Conference on Trade and Development, Foreign Direct Investment Online database."
FootNote,Mexico (MEX),"Foreign direct investment, net inflows in reporting economy (DRS, current US$) (BX.KLT.DINV.CD.DT)",1978 (YR1978),"Source: United Nations Conference on Trade and Development, Foreign Direct Investment Online database."
FootNote,Mexico (MEX),"Foreign direct investment, net inflows in reporting economy (DRS, current US$) (BX.KLT.DINV.CD.DT)",1973 (YR1973),"Source: United Nations Conference on Trade and Development, Foreign Direct Investment Online database."
FootNote,Mexico (MEX),"Foreign direct investment, net inflows in reporting economy (DRS, current US$) (BX.KLT.DINV.CD.DT)",1976 (YR1976),"Source: United Nations Conference on Trade and Development, Foreign Direct Investment Online database."
FootNote,Mexico (MEX),"Foreign direct investment, net inflows in reporting economy (DRS, current US$) (BX.KLT.DINV.CD.DT)",1977 (YR1977),"Source: United Nations Conference on Trade and Development, Foreign Direct Investment Online database."
FootNote,Mexico (MEX),"Foreign direct investment, net inflows in reporting economy (DRS, current US$) (BX.KLT.DINV.CD.DT)",1972 (YR1972),"Source: United Nations Conference on Trade and Development, Foreign Direct Investment Online database."
FootNote,Mexico (MEX),"Foreign direct investment, net inflows in reporting economy (DRS, current US$) (BX.KLT.DINV.CD.DT)",1975 (YR1975),"Source: United Nations Conference on Trade and Development, Foreign Direct Investment Online database."
FootNote,Moldova (MDA),"Population, total (SP.POP.TOTL)",2019 (YR2019),Extrapolated assuming the same growth rate as previous 6 months.
FootNote,Moldova (MDA),"Population, total (SP.POP.TOTL)",2017 (YR2017),Calculated by National Bureau of Statistics based on the 2014 census.
FootNote,Moldova (MDA),"Population, total (SP.POP.TOTL)",2018 (YR2018),Calculated by National Bureau of Statistics based on the 2014 census. Preliminary.
FootNote,Moldova (MDA),"Population, total (SP.POP.TOTL)",2013 (YR2013),Calculated backwards from 2014 using growth rates of the populaton (not adjusted by the 2014 census) from National Bureau of Statistics.
FootNote,Moldova (MDA),"Population, total (SP.POP.TOTL)",2010 (YR2010),Calculated backwards from 2014 using growth rates of the populaton (not adjusted by the 2014 census) from National Bureau of Statistics.
FootNote,Moldova (MDA),"Population, total (SP.POP.TOTL)",2011 (YR2011),Calculated backwards from 2014 using growth rates of the populaton (not adjusted by the 2014 census) from National Bureau of Statistics.
FootNote,Moldova (MDA),"Population, total (SP.POP.TOTL)",2012 (YR2012),Calculated backwards from 2014 using growth rates of the populaton (not adjusted by the 2014 census) from National Bureau of Statistics.
FootNote,Moldova (MDA),"Population, total (SP.POP.TOTL)",2015 (YR2015),Calculated by National Bureau of Statistics based on the 2014 census.
FootNote,Moldova (MDA),"Population, total (SP.POP.TOTL)",2016 (YR2016),Calculated by National Bureau of Statistics based on the 2014 census.
FootNote,Moldova (MDA),"Population, total (SP.POP.TOTL)",2014 (YR2014),Calculated by National Bureau of Statistics based on the 2014 census.
FootNote,Moldova (MDA),"Population, total (SP.POP.TOTL)",2002 (YR2002),Calculated backwards from 2014 using growth rates of the populaton (not adjusted by the 2014 census) from National Bureau of Statistics.
FootNote,Moldova (MDA),"Population, total (SP.POP.TOTL)",2003 (YR2003),Calculated backwards from 2014 using growth rates of the populaton (not adjusted by the 2014 census) from National Bureau of Statistics.
FootNote,Moldova (MDA),"Population, total (SP.POP.TOTL)",2007 (YR2007),Calculated backwards from 2014 using growth rates of the populaton (not adjusted by the 2014 census) from National Bureau of Statistics.
FootNote,Moldova (MDA),"Population, total (SP.POP.TOTL)",2009 (YR2009),Calculated backwards from 2014 using growth rates of the populaton (not adjusted by the 2014 census) from National Bureau of Statistics.
FootNote,Moldova (MDA),"Population, total (SP.POP.TOTL)",2001 (YR2001),Calculated backwards from 2014 using growth rates of the populaton (not adjusted by the 2014 census) from National Bureau of Statistics.
FootNote,Moldova (MDA),"Population, total (SP.POP.TOTL)",2005 (YR2005),Calculated backwards from 2014 using growth rates of the populaton (not adjusted by the 2014 census) from National Bureau of Statistics.
FootNote,Moldova (MDA),"Population, total (SP.POP.TOTL)",2006 (YR2006),Calculated backwards from 2014 using growth rates of the populaton (not adjusted by the 2014 census) from National Bureau of Statistics.
FootNote,Moldova (MDA),"Population, total (SP.POP.TOTL)",2004 (YR2004),Calculated backwards from 2014 using growth rates of the populaton (not adjusted by the 2014 census) from National Bureau of Statistics.
FootNote,Moldova (MDA),"Population, total (SP.POP.TOTL)",2008 (YR2008),Calculated backwards from 2014 using growth rates of the populaton (not adjusted by the 2014 census) from National Bureau of Statistics.
FootNote,Moldova (MDA),"Population, total (SP.POP.TOTL)",1986 (YR1986),Calculated backwards from 1995 using UN WPP's growth rate for whole Moldova.
FootNote,Moldova (MDA),"Population, total (SP.POP.TOTL)",1989 (YR1989),Calculated backwards from 1995 using UN WPP's growth rate for whole Moldova.
FootNote,Moldova (MDA),"Population, total (SP.POP.TOTL)",1988 (YR1988),Calculated backwards from 1995 using UN WPP's growth rate for whole Moldova.
FootNote,Moldova (MDA),"Population, total (SP.POP.TOTL)",1985 (YR1985),Calculated backwards from 1995 using UN WPP's growth rate for whole Moldova.
FootNote,Moldova (MDA),"Population, total (SP.POP.TOTL)",1987 (YR1987),Calculated backwards from 1995 using UN WPP's growth rate for whole Moldova.
FootNote,Moldova (MDA),"Population, total (SP.POP.TOTL)",1990 (YR1990),Calculated backwards from 1995 using UN WPP's growth rate for whole Moldova.
FootNote,Moldova (MDA),"Population, total (SP.POP.TOTL)",1991 (YR1991),Calculated backwards from 1995 using UN WPP's growth rate for whole Moldova.
FootNote,Moldova (MDA),"Population, total (SP.POP.TOTL)",1994 (YR1994),Calculated backwards from 1995 using UN WPP's growth rate for whole Moldova.
FootNote,Moldova (MDA),"Population, total (SP.POP.TOTL)",1992 (YR1992),Calculated backwards from 1995 using UN WPP's growth rate for whole Moldova.
FootNote,Moldova (MDA),"Population, total (SP.POP.TOTL)",1993 (YR1993),Calculated backwards from 1995 using UN WPP's growth rate for whole Moldova.
FootNote,Moldova (MDA),"Population, total (SP.POP.TOTL)",2000 (YR2000),Calculated backwards from 2014 using growth rates of the populaton (not adjusted by the 2014 census) from National Bureau of Statistics.
FootNote,Moldova (MDA),"Population, total (SP.POP.TOTL)",1996 (YR1996),Calculated backwards from 2014 using growth rates of the populaton (not adjusted by the 2014 census) from National Bureau of Statistics.
FootNote,Moldova (MDA),"Population, total (SP.POP.TOTL)",1997 (YR1997),Calculated backwards from 2014 using growth rates of the populaton (not adjusted by the 2014 census) from National Bureau of Statistics.
FootNote,Moldova (MDA),"Population, total (SP.POP.TOTL)",1995 (YR1995),Calculated backwards from 2014 using growth rates of the populaton (not adjusted by the 2014 census) from National Bureau of Statistics.
FootNote,Moldova (MDA),"Population, total (SP.POP.TOTL)",1999 (YR1999),Calculated backwards from 2014 using growth rates of the populaton (not adjusted by the 2014 census) from National Bureau of Statistics.
FootNote,Moldova (MDA),"Population, total (SP.POP.TOTL)",1998 (YR1998),Calculated backwards from 2014 using growth rates of the populaton (not adjusted by the 2014 census) from National Bureau of Statistics.
FootNote,Moldova (MDA),"Foreign direct investment, net inflows in reporting economy (DRS, current US$) (BX.KLT.DINV.CD.DT)",1993 (YR1993),"Source: United Nations Conference on Trade and Development, Foreign Direct Investment Online database."
FootNote,Moldova (MDA),"Foreign direct investment, net inflows in reporting economy (DRS, current US$) (BX.KLT.DINV.CD.DT)",1992 (YR1992),"Source: United Nations Conference on Trade and Development, Foreign Direct Investment Online database."
FootNote,Moldova (MDA),"Population, total (SP.POP.TOTL)",1973 (YR1973),Calculated backwards from 1995 using UN WPP's growth rate for whole Moldova.
FootNote,Moldova (MDA),"Population, total (SP.POP.TOTL)",1974 (YR1974),Calculated backwards from 1995 using UN WPP's growth rate for whole Moldova.
FootNote,Moldova (MDA),"Population, total (SP.POP.TOTL)",1979 (YR1979),Calculated backwards from 1995 using UN WPP's growth rate for whole Moldova.
FootNote,Moldova (MDA),"Population, total (SP.POP.TOTL)",1970 (YR1970),Calculated backwards from 1995 using UN WPP's growth rate for whole Moldova.
FootNote,Moldova (MDA),"Population, total (SP.POP.TOTL)",1977 (YR1977),Calculated backwards from 1995 using UN WPP's growth rate for whole Moldova.
FootNote,Moldova (MDA),"Population, total (SP.POP.TOTL)",1976 (YR1976),Calculated backwards from 1995 using UN WPP's growth rate for whole Moldova.
FootNote,Moldova (MDA),"Population, total (SP.POP.TOTL)",1975 (YR1975),Calculated backwards from 1995 using UN WPP's growth rate for whole Moldova.
FootNote,Moldova (MDA),"Population, total (SP.POP.TOTL)",1978 (YR1978),Calculated backwards from 1995 using UN WPP's growth rate for whole Moldova.
FootNote,Moldova (MDA),"Population, total (SP.POP.TOTL)",1980 (YR1980),Calculated backwards from 1995 using UN WPP's growth rate for whole Moldova.
FootNote,Moldova (MDA),"Population, total (SP.POP.TOTL)",1982 (YR1982),Calculated backwards from 1995 using UN WPP's growth rate for whole Moldova.
FootNote,Moldova (MDA),"Population, total (SP.POP.TOTL)",1971 (YR1971),Calculated backwards from 1995 using UN WPP's growth rate for whole Moldova.
FootNote,Moldova (MDA),"Population, total (SP.POP.TOTL)",1981 (YR1981),Calculated backwards from 1995 using UN WPP's growth rate for whole Moldova.
FootNote,Moldova (MDA),"Population, total (SP.POP.TOTL)",1984 (YR1984),Calculated backwards from 1995 using UN WPP's growth rate for whole Moldova.
FootNote,Moldova (MDA),"Population, total (SP.POP.TOTL)",1983 (YR1983),Calculated backwards from 1995 using UN WPP's growth rate for whole Moldova.
FootNote,Moldova (MDA),"Population, total (SP.POP.TOTL)",1972 (YR1972),Calculated backwards from 1995 using UN WPP's growth rate for whole Moldova.
FootNote,Mongolia (MNG),"Foreign direct investment, net inflows in reporting economy (DRS, current US$) (BX.KLT.DINV.CD.DT)",1986 (YR1986),"Source: United Nations Conference on Trade and Development, Foreign Direct Investment Online database."
FootNote,Mongolia (MNG),"Foreign direct investment, net inflows in reporting economy (DRS, current US$) (BX.KLT.DINV.CD.DT)",1991 (YR1991),"Source: United Nations Conference on Trade and Development, Foreign Direct Investment Online database."
FootNote,Montenegro (MNE),"Population, total (SP.POP.TOTL)",2019 (YR2019),Extrapolated assuming the same growth rate as previous 6 months.
FootNote,Morocco (MAR),"Foreign direct investment, net inflows in reporting economy (DRS, current US$) (BX.KLT.DINV.CD.DT)",1972 (YR1972),"Source: United Nations Conference on Trade and Development, Foreign Direct Investment Online database."
FootNote,Morocco (MAR),"Foreign direct investment, net inflows in reporting economy (DRS, current US$) (BX.KLT.DINV.CD.DT)",1975 (YR1975),"Source: United Nations Conference on Trade and Development, Foreign Direct Investment Online database."
FootNote,Morocco (MAR),"Foreign direct investment, net inflows in reporting economy (DRS, current US$) (BX.KLT.DINV.CD.DT)",1971 (YR1971),"Source: United Nations Conference on Trade and Development, Foreign Direct Investment Online database."
FootNote,Morocco (MAR),"Foreign direct investment, net inflows in reporting economy (DRS, current US$) (BX.KLT.DINV.CD.DT)",1974 (YR1974),"Source: United Nations Conference on Trade and Development, Foreign Direct Investment Online database."
FootNote,Morocco (MAR),"Foreign direct investment, net inflows in reporting economy (DRS, current US$) (BX.KLT.DINV.CD.DT)",1970 (YR1970),"Source: United Nations Conference on Trade and Development, Foreign Direct Investment Online database."
FootNote,Morocco (MAR),"Foreign direct investment, net inflows in reporting economy (DRS, current US$) (BX.KLT.DINV.CD.DT)",1973 (YR1973),"Source: United Nations Conference on Trade and Development, Foreign Direct Investment Online database."
FootNote,Mozambique (MOZ),"Foreign direct investment, net inflows in reporting economy (DRS, current US$) (BX.KLT.DINV.CD.DT)",2004 (YR2004),"Source: United Nations Conference on Trade and Development, Foreign Direct Investment Online database."
FootNote,Mozambique (MOZ),"Foreign direct investment, net inflows in reporting economy (DRS, current US$) (BX.KLT.DINV.CD.DT)",2002 (YR2002),"Source: United Nations Conference on Trade and Development, Foreign Direct Investment Online database."
FootNote,Mozambique (MOZ),"Foreign direct investment, net inflows in reporting economy (DRS, current US$) (BX.KLT.DINV.CD.DT)",2001 (YR2001),"Source: United Nations Conference on Trade and Development, Foreign Direct Investment Online database."
FootNote,Mozambique (MOZ),"Foreign direct investment, net inflows in reporting economy (DRS, current US$) (BX.KLT.DINV.CD.DT)",2003 (YR2003),"Source: United Nations Conference on Trade and Development, Foreign Direct Investment Online database."
FootNote,Mozambique (MOZ),Primary income on FDI (current US$) (BX.KLT.DREM.CD.DT),2001 (YR2001),"Source: United Nations Conference on Trade and Development, Balance of Payments Online database."
FootNote,Mozambique (MOZ),Primary income on FDI (current US$) (BX.KLT.DREM.CD.DT),2002 (YR2002),"Source: United Nations Conference on Trade and Development, Balance of Payments Online database."
FootNote,Mozambique (MOZ),Primary income on FDI (current US$) (BX.KLT.DREM.CD.DT),2003 (YR2003),"Source: United Nations Conference on Trade and Development, Balance of Payments Online database."
FootNote,Mozambique (MOZ),Primary income on FDI (current US$) (BX.KLT.DREM.CD.DT),2004 (YR2004),"Source: United Nations Conference on Trade and Development, Balance of Payments Online database."
FootNote,Mozambique (MOZ),"External debt stocks, total (DOD, current US$) (DT.DOD.DECT.CD)",2006 (YR2006),Data include the effects of MDRI.
FootNote,Mozambique (MOZ),Debt forgiveness or reduction (current US$) (DT.DFR.DPPG.CD),2006 (YR2006),Data include the effects of MDRI.
FootNote,Mozambique (MOZ),Present value of external debt (% of GNI) (DT.DOD.PVLX.GN.ZS),2009 (YR2009),Data are from debt sustainability analyses for low-income countries. Present value estimates for these countries are for public and publicly guaranteed debt only.
FootNote,Mozambique (MOZ),"Present value of external debt (% of exports of goods, services and income) (DT.DOD.PVLX.EX.ZS)",2009 (YR2009),Data are from debt sustainability analyses for low-income countries. Present value estimates for these countries are for public and publicly guaranteed debt only.
FootNote,Mozambique (MOZ),Current account balance (current US$) (BN.CAB.XOKA.CD),2002 (YR2002),"Source: United Nations Conference on Trade and Development, Balance of Payments Online database."
FootNote,Mozambique (MOZ),Current account balance (current US$) (BN.CAB.XOKA.CD),2001 (YR2001),"Source: United Nations Conference on Trade and Development, Balance of Payments Online database."
FootNote,Mozambique (MOZ),Current account balance (current US$) (BN.CAB.XOKA.CD),2005 (YR2005),"Source: United Nations Conference on Trade and Development, Balance of Payments Online database."
FootNote,Mozambique (MOZ),Current account balance (current US$) (BN.CAB.XOKA.CD),2004 (YR2004),"Source: United Nations Conference on Trade and Development, Balance of Payments Online database."
FootNote,Mozambique (MOZ),Current account balance (current US$) (BN.CAB.XOKA.CD),2003 (YR2003),"Source: United Nations Conference on Trade and Development, Balance of Payments Online database."
FootNote,Mozambique (MOZ),"Imports of goods, services and primary income (current US$) (BM.GSR.TOTL.CD)",2003 (YR2003),"Source: United Nations Conference on Trade and Development, Balance of Payments Online database."
FootNote,Mozambique (MOZ),"Imports of goods, services and primary income (current US$) (BM.GSR.TOTL.CD)",2002 (YR2002),"Source: United Nations Conference on Trade and Development, Balance of Payments Online database."
FootNote,Mozambique (MOZ),"Imports of goods, services and primary income (current US$) (BM.GSR.TOTL.CD)",2004 (YR2004),"Source: United Nations Conference on Trade and Development, Balance of Payments Online database."
FootNote,Mozambique (MOZ),"Imports of goods, services and primary income (current US$) (BM.GSR.TOTL.CD)",2001 (YR2001),"Source: United Nations Conference on Trade and Development, Balance of Payments Online database."
FootNote,Mozambique (MOZ),"Exports of goods, services and primary income (current US$) (BX.GSR.TOTL.CD)",2002 (YR2002),"Source: United Nations Conference on Trade and Development, Balance of Payments Online database."
FootNote,Mozambique (MOZ),"Exports of goods, services and primary income (current US$) (BX.GSR.TOTL.CD)",2001 (YR2001),"Source: United Nations Conference on Trade and Development, Balance of Payments Online database."
FootNote,Mozambique (MOZ),"Exports of goods, services and primary income (current US$) (BX.GSR.TOTL.CD)",2003 (YR2003),"Source: United Nations Conference on Trade and Development, Balance of Payments Online database."
FootNote,Mozambique (MOZ),"Foreign direct investment, net inflows in reporting economy (DRS, current US$) (BX.KLT.DINV.CD.DT)",1985 (YR1985),"Source: United Nations Conference on Trade and Development, Foreign Direct Investment Online database."
FootNote,Mozambique (MOZ),"Foreign direct investment, net inflows in reporting economy (DRS, current US$) (BX.KLT.DINV.CD.DT)",2000 (YR2000),"Source: United Nations Conference on Trade and Development, Foreign Direct Investment Online database."
FootNote,Mozambique (MOZ),"Exports of goods, services and primary income (current US$) (BX.GSR.TOTL.CD)",2000 (YR2000),"Source: United Nations Conference on Trade and Development, Balance of Payments Online database."
FootNote,Mozambique (MOZ),"Imports of goods, services and primary income (current US$) (BM.GSR.TOTL.CD)",2000 (YR2000),"Source: United Nations Conference on Trade and Development, Balance of Payments Online database."
FootNote,Mozambique (MOZ),Primary income on FDI (current US$) (BX.KLT.DREM.CD.DT),2000 (YR2000),"Source: United Nations Conference on Trade and Development, Balance of Payments Online database."
FootNote,Mozambique (MOZ),Current account balance (current US$) (BN.CAB.XOKA.CD),2000 (YR2000),"Source: United Nations Conference on Trade and Development, Balance of Payments Online database."
FootNote,Mozambique (MOZ),"Foreign direct investment, net inflows in reporting economy (DRS, current US$) (BX.KLT.DINV.CD.DT)",1975 (YR1975),"Source: United Nations Conference on Trade and Development, Foreign Direct Investment Online database."
FootNote,Mozambique (MOZ),"Foreign direct investment, net inflows in reporting economy (DRS, current US$) (BX.KLT.DINV.CD.DT)",1980 (YR1980),"Source: United Nations Conference on Trade and Development, Foreign Direct Investment Online database."
FootNote,Mozambique (MOZ),"Foreign direct investment, net inflows in reporting economy (DRS, current US$) (BX.KLT.DINV.CD.DT)",1971 (YR1971),"Source: United Nations Conference on Trade and Development, Foreign Direct Investment Online database."
FootNote,Mozambique (MOZ),"Foreign direct investment, net inflows in reporting economy (DRS, current US$) (BX.KLT.DINV.CD.DT)",1979 (YR1979),"Source: United Nations Conference on Trade and Development, Foreign Direct Investment Online database."
FootNote,Mozambique (MOZ),"Foreign direct investment, net inflows in reporting economy (DRS, current US$) (BX.KLT.DINV.CD.DT)",1972 (YR1972),"Source: United Nations Conference on Trade and Development, Foreign Direct Investment Online database."
FootNote,Mozambique (MOZ),"Foreign direct investment, net inflows in reporting economy (DRS, current US$) (BX.KLT.DINV.CD.DT)",1983 (YR1983),"Source: United Nations Conference on Trade and Development, Foreign Direct Investment Online database."
FootNote,Mozambique (MOZ),"Foreign direct investment, net inflows in reporting economy (DRS, current US$) (BX.KLT.DINV.CD.DT)",1977 (YR1977),"Source: United Nations Conference on Trade and Development, Foreign Direct Investment Online database."
FootNote,Mozambique (MOZ),"Foreign direct investment, net inflows in reporting economy (DRS, current US$) (BX.KLT.DINV.CD.DT)",1976 (YR1976),"Source: United Nations Conference on Trade and Development, Foreign Direct Investment Online database."
FootNote,Mozambique (MOZ),"Foreign direct investment, net inflows in reporting economy (DRS, current US$) (BX.KLT.DINV.CD.DT)",1981 (YR1981),"Source: United Nations Conference on Trade and Development, Foreign Direct Investment Online database."
FootNote,Mozambique (MOZ),"Foreign direct investment, net inflows in reporting economy (DRS, current US$) (BX.KLT.DINV.CD.DT)",1974 (YR1974),"Source: United Nations Conference on Trade and Development, Foreign Direct Investment Online database."
FootNote,Mozambique (MOZ),"Foreign direct investment, net inflows in reporting economy (DRS, current US$) (BX.KLT.DINV.CD.DT)",1970 (YR1970),"Source: United Nations Conference on Trade and Development, Foreign Direct Investment Online database."
FootNote,Mozambique (MOZ),"Foreign direct investment, net inflows in reporting economy (DRS, current US$) (BX.KLT.DINV.CD.DT)",1978 (YR1978),"Source: United Nations Conference on Trade and Development, Foreign Direct Investment Online database."
FootNote,Mozambique (MOZ),"Foreign direct investment, net inflows in reporting economy (DRS, current US$) (BX.KLT.DINV.CD.DT)",1984 (YR1984),"Source: United Nations Conference on Trade and Development, Foreign Direct Investment Online database."
FootNote,Mozambique (MOZ),"Foreign direct investment, net inflows in reporting economy (DRS, current US$) (BX.KLT.DINV.CD.DT)",1982 (YR1982),"Source: United Nations Conference on Trade and Development, Foreign Direct Investment Online database."
FootNote,Mozambique (MOZ),"Foreign direct investment, net inflows in reporting economy (DRS, current US$) (BX.KLT.DINV.CD.DT)",1973 (YR1973),"Source: United Nations Conference on Trade and Development, Foreign Direct Investment Online database."
FootNote,Myanmar (MMR),Current account balance (current US$) (BN.CAB.XOKA.CD),2024 (YR2024),Gap-filled with countries' balance of payments statistics.
FootNote,Myanmar (MMR),Current account balance (current US$) (BN.CAB.XOKA.CD),2022 (YR2022),Gap-filled with countries' balance of payments statistics.
FootNote,Myanmar (MMR),Current account balance (current US$) (BN.CAB.XOKA.CD),2020 (YR2020),Gap-filled with countries' balance of payments statistics.
FootNote,Myanmar (MMR),Current account balance (current US$) (BN.CAB.XOKA.CD),2023 (YR2023),Gap-filled with countries' balance of payments statistics.
FootNote,Myanmar (MMR),Current account balance (current US$) (BN.CAB.XOKA.CD),2021 (YR2021),Gap-filled with countries' balance of payments statistics.
FootNote,Myanmar (MMR),"Exports of goods, services and primary income (current US$) (BX.GSR.TOTL.CD)",2023 (YR2023),Gap-filled with countries' balance of payments statistics.
FootNote,Myanmar (MMR),"Exports of goods, services and primary income (current US$) (BX.GSR.TOTL.CD)",2024 (YR2024),Gap-filled with countries' balance of payments statistics.
FootNote,Myanmar (MMR),"Imports of goods, services and primary income (current US$) (BM.GSR.TOTL.CD)",2024 (YR2024),Gap-filled with countries' balance of payments statistics.
FootNote,Myanmar (MMR),"Exports of goods, services and primary income (current US$) (BX.GSR.TOTL.CD)",2020 (YR2020),Gap-filled with countries' balance of payments statistics.
FootNote,Myanmar (MMR),"Exports of goods, services and primary income (current US$) (BX.GSR.TOTL.CD)",2021 (YR2021),Gap-filled with countries' balance of payments statistics.
FootNote,Myanmar (MMR),"Exports of goods, services and primary income (current US$) (BX.GSR.TOTL.CD)",2022 (YR2022),Gap-filled with countries' balance of payments statistics.
FootNote,Myanmar (MMR),"Imports of goods, services and primary income (current US$) (BM.GSR.TOTL.CD)",2023 (YR2023),Gap-filled with countries' balance of payments statistics.
FootNote,Myanmar (MMR),"Imports of goods, services and primary income (current US$) (BM.GSR.TOTL.CD)",2022 (YR2022),Gap-filled with countries' balance of payments statistics.
FootNote,Myanmar (MMR),"Imports of goods, services and primary income (current US$) (BM.GSR.TOTL.CD)",2020 (YR2020),Gap-filled with countries' balance of payments statistics.
FootNote,Myanmar (MMR),"Imports of goods, services and primary income (current US$) (BM.GSR.TOTL.CD)",2021 (YR2021),Gap-filled with countries' balance of payments statistics.
FootNote,Myanmar (MMR),"Personal transfers and compensation of employees, received (current US$) (BX.TRF.PWKR.CD.DT)",2020 (YR2020),Gap-filled with countries' balance of payments statistics.
FootNote,Myanmar (MMR),"Personal transfers and compensation of employees, received (current US$) (BX.TRF.PWKR.CD.DT)",2024 (YR2024),Gap-filled with countries' balance of payments statistics.
FootNote,Myanmar (MMR),"Personal transfers and compensation of employees, received (current US$) (BX.TRF.PWKR.CD.DT)",2023 (YR2023),Gap-filled with countries' balance of payments statistics.
FootNote,Myanmar (MMR),"Personal transfers and compensation of employees, received (current US$) (BX.TRF.PWKR.CD.DT)",2021 (YR2021),Gap-filled with countries' balance of payments statistics.
FootNote,Myanmar (MMR),"Personal transfers and compensation of employees, received (current US$) (BX.TRF.PWKR.CD.DT)",2022 (YR2022),Gap-filled with countries' balance of payments statistics.
FootNote,Myanmar (MMR),"Foreign direct investment, net inflows in reporting economy (DRS, current US$) (BX.KLT.DINV.CD.DT)",2024 (YR2024),"Source: United Nations Conference on Trade and Development, Foreign Direct Investment Online database."
FootNote,Myanmar (MMR),"Foreign direct investment, net inflows in reporting economy (DRS, current US$) (BX.KLT.DINV.CD.DT)",2023 (YR2023),Gap-filled with countries' balance of payments statistics.
FootNote,Myanmar (MMR),"Foreign direct investment, net inflows in reporting economy (DRS, current US$) (BX.KLT.DINV.CD.DT)",2021 (YR2021),Gap-filled with countries' balance of payments statistics.
FootNote,Myanmar (MMR),"Foreign direct investment, net inflows in reporting economy (DRS, current US$) (BX.KLT.DINV.CD.DT)",2020 (YR2020),Gap-filled with countries' balance of payments statistics.
FootNote,Myanmar (MMR),"Foreign direct investment, net inflows in reporting economy (DRS, current US$) (BX.KLT.DINV.CD.DT)",2022 (YR2022),Gap-filled with countries' balance of payments statistics.
FootNote,Myanmar (MMR),"Foreign direct investment, net inflows in reporting economy (DRS, current US$) (BX.KLT.DINV.CD.DT)",1987 (YR1987),"Source: United Nations Conference on Trade and Development, Foreign Direct Investment Online database."
FootNote,Myanmar (MMR),"Foreign direct investment, net inflows in reporting economy (DRS, current US$) (BX.KLT.DINV.CD.DT)",1986 (YR1986),"Source: United Nations Conference on Trade and Development, Foreign Direct Investment Online database."
FootNote,Myanmar (MMR),"Foreign direct investment, net inflows in reporting economy (DRS, current US$) (BX.KLT.DINV.CD.DT)",1983 (YR1983),"Source: United Nations Conference on Trade and Development, Foreign Direct Investment Online database."
FootNote,Myanmar (MMR),"Foreign direct investment, net inflows in reporting economy (DRS, current US$) (BX.KLT.DINV.CD.DT)",1973 (YR1973),"Source: United Nations Conference on Trade and Development, Foreign Direct Investment Online database."
FootNote,Myanmar (MMR),"Foreign direct investment, net inflows in reporting economy (DRS, current US$) (BX.KLT.DINV.CD.DT)",1972 (YR1972),"Source: United Nations Conference on Trade and Development, Foreign Direct Investment Online database."
FootNote,Myanmar (MMR),"Foreign direct investment, net inflows in reporting economy (DRS, current US$) (BX.KLT.DINV.CD.DT)",1977 (YR1977),"Source: United Nations Conference on Trade and Development, Foreign Direct Investment Online database."
FootNote,Myanmar (MMR),"Foreign direct investment, net inflows in reporting economy (DRS, current US$) (BX.KLT.DINV.CD.DT)",1971 (YR1971),"Source: United Nations Conference on Trade and Development, Foreign Direct Investment Online database."
FootNote,Myanmar (MMR),"Foreign direct investment, net inflows in reporting economy (DRS, current US$) (BX.KLT.DINV.CD.DT)",1984 (YR1984),"Source: United Nations Conference on Trade and Development, Foreign Direct Investment Online database."
FootNote,Myanmar (MMR),"Foreign direct investment, net inflows in reporting economy (DRS, current US$) (BX.KLT.DINV.CD.DT)",1974 (YR1974),"Source: United Nations Conference on Trade and Development, Foreign Direct Investment Online database."
FootNote,Myanmar (MMR),"Foreign direct investment, net inflows in reporting economy (DRS, current US$) (BX.KLT.DINV.CD.DT)",1975 (YR1975),"Source: United Nations Conference on Trade and Development, Foreign Direct Investment Online database."
FootNote,Myanmar (MMR),"Foreign direct investment, net inflows in reporting economy (DRS, current US$) (BX.KLT.DINV.CD.DT)",1980 (YR1980),"Source: United Nations Conference on Trade and Development, Foreign Direct Investment Online database."
FootNote,Nepal (NPL),Present value of external debt (% of GNI) (DT.DOD.PVLX.GN.ZS),2009 (YR2009),Data are from debt sustainability analyses for low-income countries. Present value estimates for these countries are for public and publicly guaranteed debt only.
FootNote,Nepal (NPL),"Present value of external debt (% of exports of goods, services and income) (DT.DOD.PVLX.EX.ZS)",2009 (YR2009),Data are from debt sustainability analyses for low-income countries. Present value estimates for these countries are for public and publicly guaranteed debt only.
FootNote,Nepal (NPL),"Foreign direct investment, net inflows in reporting economy (DRS, current US$) (BX.KLT.DINV.CD.DT)",1990 (YR1990),"Source: United Nations Conference on Trade and Development, Foreign Direct Investment Online database."
FootNote,Nepal (NPL),"Foreign direct investment, net inflows in reporting economy (DRS, current US$) (BX.KLT.DINV.CD.DT)",1991 (YR1991),"Source: United Nations Conference on Trade and Development, Foreign Direct Investment Online database."
FootNote,Nepal (NPL),"Foreign direct investment, net inflows in reporting economy (DRS, current US$) (BX.KLT.DINV.CD.DT)",1999 (YR1999),"Source: United Nations Conference on Trade and Development, Foreign Direct Investment Online database."
FootNote,Nepal (NPL),"Foreign direct investment, net inflows in reporting economy (DRS, current US$) (BX.KLT.DINV.CD.DT)",1986 (YR1986),"Source: United Nations Conference on Trade and Development, Foreign Direct Investment Online database."
FootNote,Nepal (NPL),"Foreign direct investment, net inflows in reporting economy (DRS, current US$) (BX.KLT.DINV.CD.DT)",1988 (YR1988),"Source: United Nations Conference on Trade and Development, Foreign Direct Investment Online database."
FootNote,Nepal (NPL),"Foreign direct investment, net inflows in reporting economy (DRS, current US$) (BX.KLT.DINV.CD.DT)",1987 (YR1987),"Source: United Nations Conference on Trade and Development, Foreign Direct Investment Online database."
FootNote,Nepal (NPL),"Foreign direct investment, net inflows in reporting economy (DRS, current US$) (BX.KLT.DINV.CD.DT)",1989 (YR1989),"Source: United Nations Conference on Trade and Development, Foreign Direct Investment Online database."
FootNote,Nepal (NPL),"Foreign direct investment, net inflows in reporting economy (DRS, current US$) (BX.KLT.DINV.CD.DT)",1985 (YR1985),"Source: United Nations Conference on Trade and Development, Foreign Direct Investment Online database."
FootNote,Nepal (NPL),"Foreign direct investment, net inflows in reporting economy (DRS, current US$) (BX.KLT.DINV.CD.DT)",1983 (YR1983),"Source: United Nations Conference on Trade and Development, Foreign Direct Investment Online database."
FootNote,Nepal (NPL),"Foreign direct investment, net inflows in reporting economy (DRS, current US$) (BX.KLT.DINV.CD.DT)",1979 (YR1979),"Source: United Nations Conference on Trade and Development, Foreign Direct Investment Online database."
FootNote,Nepal (NPL),"Foreign direct investment, net inflows in reporting economy (DRS, current US$) (BX.KLT.DINV.CD.DT)",1980 (YR1980),"Source: United Nations Conference on Trade and Development, Foreign Direct Investment Online database."
FootNote,Nepal (NPL),"Foreign direct investment, net inflows in reporting economy (DRS, current US$) (BX.KLT.DINV.CD.DT)",1974 (YR1974),"Source: United Nations Conference on Trade and Development, Foreign Direct Investment Online database."
FootNote,Nepal (NPL),"Foreign direct investment, net inflows in reporting economy (DRS, current US$) (BX.KLT.DINV.CD.DT)",1981 (YR1981),"Source: United Nations Conference on Trade and Development, Foreign Direct Investment Online database."
FootNote,Nepal (NPL),"Foreign direct investment, net inflows in reporting economy (DRS, current US$) (BX.KLT.DINV.CD.DT)",1972 (YR1972),"Source: United Nations Conference on Trade and Development, Foreign Direct Investment Online database."
FootNote,Nepal (NPL),"Foreign direct investment, net inflows in reporting economy (DRS, current US$) (BX.KLT.DINV.CD.DT)",1973 (YR1973),"Source: United Nations Conference on Trade and Development, Foreign Direct Investment Online database."
FootNote,Nepal (NPL),"Foreign direct investment, net inflows in reporting economy (DRS, current US$) (BX.KLT.DINV.CD.DT)",1977 (YR1977),"Source: United Nations Conference on Trade and Development, Foreign Direct Investment Online database."
FootNote,Nepal (NPL),"Foreign direct investment, net inflows in reporting economy (DRS, current US$) (BX.KLT.DINV.CD.DT)",1978 (YR1978),"Source: United Nations Conference on Trade and Development, Foreign Direct Investment Online database."
FootNote,Nepal (NPL),"Foreign direct investment, net inflows in reporting economy (DRS, current US$) (BX.KLT.DINV.CD.DT)",1982 (YR1982),"Source: United Nations Conference on Trade and Development, Foreign Direct Investment Online database."
FootNote,Nepal (NPL),"Foreign direct investment, net inflows in reporting economy (DRS, current US$) (BX.KLT.DINV.CD.DT)",1976 (YR1976),"Source: United Nations Conference on Trade and Development, Foreign Direct Investment Online database."
FootNote,Nepal (NPL),"Foreign direct investment, net inflows in reporting economy (DRS, current US$) (BX.KLT.DINV.CD.DT)",1984 (YR1984),"Source: United Nations Conference on Trade and Development, Foreign Direct Investment Online database."
FootNote,Nicaragua (NIC),"External debt stocks, total (DOD, current US$) (DT.DOD.DECT.CD)",2006 (YR2006),Data include the effects of MDRI.
FootNote,Nicaragua (NIC),Debt forgiveness or reduction (current US$) (DT.DFR.DPPG.CD),2006 (YR2006),Data include the effects of MDRI.
FootNote,Nicaragua (NIC),Present value of external debt (% of GNI) (DT.DOD.PVLX.GN.ZS),2009 (YR2009),Data are from debt sustainability analyses for low-income countries. Present value estimates for these countries are for public and publicly guaranteed debt only.
FootNote,Nicaragua (NIC),"Present value of external debt (% of exports of goods, services and income) (DT.DOD.PVLX.EX.ZS)",2009 (YR2009),Data are from debt sustainability analyses for low-income countries. Present value estimates for these countries are for public and publicly guaranteed debt only.
FootNote,Nicaragua (NIC),"Foreign direct investment, net inflows in reporting economy (DRS, current US$) (BX.KLT.DINV.CD.DT)",1987 (YR1987),"Source: United Nations Conference on Trade and Development, Foreign Direct Investment Online database."
FootNote,Nicaragua (NIC),"Foreign direct investment, net inflows in reporting economy (DRS, current US$) (BX.KLT.DINV.CD.DT)",1985 (YR1985),"Source: United Nations Conference on Trade and Development, Foreign Direct Investment Online database."
FootNote,Nicaragua (NIC),"Foreign direct investment, net inflows in reporting economy (DRS, current US$) (BX.KLT.DINV.CD.DT)",1989 (YR1989),"Source: United Nations Conference on Trade and Development, Foreign Direct Investment Online database."
FootNote,Nicaragua (NIC),"Foreign direct investment, net inflows in reporting economy (DRS, current US$) (BX.KLT.DINV.CD.DT)",1986 (YR1986),"Source: United Nations Conference on Trade and Development, Foreign Direct Investment Online database."
FootNote,Nicaragua (NIC),"Foreign direct investment, net inflows in reporting economy (DRS, current US$) (BX.KLT.DINV.CD.DT)",1988 (YR1988),"Source: United Nations Conference on Trade and Development, Foreign Direct Investment Online database."
FootNote,Nicaragua (NIC),"Foreign direct investment, net inflows in reporting economy (DRS, current US$) (BX.KLT.DINV.CD.DT)",1990 (YR1990),"Source: United Nations Conference on Trade and Development, Foreign Direct Investment Online database."
FootNote,Nicaragua (NIC),"Foreign direct investment, net inflows in reporting economy (DRS, current US$) (BX.KLT.DINV.CD.DT)",1991 (YR1991),"Source: United Nations Conference on Trade and Development, Foreign Direct Investment Online database."
FootNote,Nicaragua (NIC),"Foreign direct investment, net inflows in reporting economy (DRS, current US$) (BX.KLT.DINV.CD.DT)",1976 (YR1976),"Source: United Nations Conference on Trade and Development, Foreign Direct Investment Online database."
FootNote,Nicaragua (NIC),"Foreign direct investment, net inflows in reporting economy (DRS, current US$) (BX.KLT.DINV.CD.DT)",1970 (YR1970),"Source: United Nations Conference on Trade and Development, Foreign Direct Investment Online database."
FootNote,Nicaragua (NIC),"Foreign direct investment, net inflows in reporting economy (DRS, current US$) (BX.KLT.DINV.CD.DT)",1980 (YR1980),"Source: United Nations Conference on Trade and Development, Foreign Direct Investment Online database."
FootNote,Nicaragua (NIC),"Foreign direct investment, net inflows in reporting economy (DRS, current US$) (BX.KLT.DINV.CD.DT)",1975 (YR1975),"Source: United Nations Conference on Trade and Development, Foreign Direct Investment Online database."
FootNote,Nicaragua (NIC),"Foreign direct investment, net inflows in reporting economy (DRS, current US$) (BX.KLT.DINV.CD.DT)",1981 (YR1981),"Source: United Nations Conference on Trade and Development, Foreign Direct Investment Online database."
FootNote,Nicaragua (NIC),"Foreign direct investment, net inflows in reporting economy (DRS, current US$) (BX.KLT.DINV.CD.DT)",1972 (YR1972),"Source: United Nations Conference on Trade and Development, Foreign Direct Investment Online database."
FootNote,Nicaragua (NIC),"Foreign direct investment, net inflows in reporting economy (DRS, current US$) (BX.KLT.DINV.CD.DT)",1984 (YR1984),"Source: United Nations Conference on Trade and Development, Foreign Direct Investment Online database."
FootNote,Nicaragua (NIC),"Foreign direct investment, net inflows in reporting economy (DRS, current US$) (BX.KLT.DINV.CD.DT)",1971 (YR1971),"Source: United Nations Conference on Trade and Development, Foreign Direct Investment Online database."
FootNote,Nicaragua (NIC),"Foreign direct investment, net inflows in reporting economy (DRS, current US$) (BX.KLT.DINV.CD.DT)",1973 (YR1973),"Source: United Nations Conference on Trade and Development, Foreign Direct Investment Online database."
FootNote,Nicaragua (NIC),"Foreign direct investment, net inflows in reporting economy (DRS, current US$) (BX.KLT.DINV.CD.DT)",1982 (YR1982),"Source: United Nations Conference on Trade and Development, Foreign Direct Investment Online database."
FootNote,Nicaragua (NIC),"Foreign direct investment, net inflows in reporting economy (DRS, current US$) (BX.KLT.DINV.CD.DT)",1974 (YR1974),"Source: United Nations Conference on Trade and Development, Foreign Direct Investment Online database."
FootNote,Niger (NER),"Exports of goods, services and primary income (current US$) (BX.GSR.TOTL.CD)",2024 (YR2024),Gap-filled with countries' balance of payments statistics.
FootNote,Niger (NER),Current account balance (current US$) (BN.CAB.XOKA.CD),2024 (YR2024),Gap-filled with countries' balance of payments statistics.
FootNote,Niger (NER),"Personal transfers and compensation of employees, received (current US$) (BX.TRF.PWKR.CD.DT)",2024 (YR2024),"Data on Personal Transfers and Compensation of Employees are prepared by World Bank staff based on IMF's Balance of Payments statistics and data releases from central banks, national statistical agencies, and World Bank country desks."
FootNote,Niger (NER),"Imports of goods, services and primary income (current US$) (BM.GSR.TOTL.CD)",2024 (YR2024),Gap-filled with countries' balance of payments statistics.
FootNote,Niger (NER),"Foreign direct investment, net inflows in reporting economy (DRS, current US$) (BX.KLT.DINV.CD.DT)",2024 (YR2024),"Source: United Nations Conference on Trade and Development, Foreign Direct Investment Online database."
FootNote,Niger (NER),"Total reserves (includes gold, current US$) (FI.RES.TOTL.CD)",2017 (YR2017),Gap-filled with countries' balance of payments statistics.
FootNote,Niger (NER),"Present value of external debt (% of exports of goods, services and income) (DT.DOD.PVLX.EX.ZS)",2009 (YR2009),Data are from debt sustainability analyses for low-income countries. Present value estimates for these countries are for public and publicly guaranteed debt only.
FootNote,Niger (NER),Present value of external debt (% of GNI) (DT.DOD.PVLX.GN.ZS),2009 (YR2009),Data are from debt sustainability analyses for low-income countries. Present value estimates for these countries are for public and publicly guaranteed debt only.
FootNote,Niger (NER),Debt forgiveness or reduction (current US$) (DT.DFR.DPPG.CD),2006 (YR2006),Data include the effects of MDRI.
FootNote,Niger (NER),"External debt stocks, total (DOD, current US$) (DT.DOD.DECT.CD)",2006 (YR2006),Data include the effects of MDRI.
FootNote,Niger (NER),"Total reserves (includes gold, current US$) (FI.RES.TOTL.CD)",2001 (YR2001),Gap-filled with countries' balance of payments statistics.
FootNote,Niger (NER),"Total reserves (includes gold, current US$) (FI.RES.TOTL.CD)",2009 (YR2009),Gap-filled with countries' balance of payments statistics.
FootNote,Niger (NER),"Total reserves (includes gold, current US$) (FI.RES.TOTL.CD)",2002 (YR2002),Gap-filled with countries' balance of payments statistics.
FootNote,Niger (NER),"Total reserves (includes gold, current US$) (FI.RES.TOTL.CD)",2005 (YR2005),Gap-filled with countries' balance of payments statistics.
FootNote,Niger (NER),"Total reserves (includes gold, current US$) (FI.RES.TOTL.CD)",2007 (YR2007),Gap-filled with countries' balance of payments statistics.
FootNote,Niger (NER),"Total reserves (includes gold, current US$) (FI.RES.TOTL.CD)",2015 (YR2015),Gap-filled with countries' balance of payments statistics.
FootNote,Niger (NER),"Total reserves (includes gold, current US$) (FI.RES.TOTL.CD)",2010 (YR2010),Gap-filled with countries' balance of payments statistics.
FootNote,Niger (NER),"Total reserves (includes gold, current US$) (FI.RES.TOTL.CD)",2006 (YR2006),Gap-filled with countries' balance of payments statistics.
FootNote,Niger (NER),"Total reserves (includes gold, current US$) (FI.RES.TOTL.CD)",2008 (YR2008),Gap-filled with countries' balance of payments statistics.
FootNote,Niger (NER),"Total reserves (includes gold, current US$) (FI.RES.TOTL.CD)",2003 (YR2003),Gap-filled with countries' balance of payments statistics.
FootNote,Niger (NER),"Total reserves (includes gold, current US$) (FI.RES.TOTL.CD)",2011 (YR2011),Gap-filled with countries' balance of payments statistics.
FootNote,Niger (NER),"Total reserves (includes gold, current US$) (FI.RES.TOTL.CD)",2012 (YR2012),Gap-filled with countries' balance of payments statistics.
FootNote,Niger (NER),"Total reserves (includes gold, current US$) (FI.RES.TOTL.CD)",2014 (YR2014),Gap-filled with countries' balance of payments statistics.
FootNote,Niger (NER),"Total reserves (includes gold, current US$) (FI.RES.TOTL.CD)",2013 (YR2013),Gap-filled with countries' balance of payments statistics.
FootNote,Niger (NER),"Total reserves (includes gold, current US$) (FI.RES.TOTL.CD)",2016 (YR2016),Gap-filled with countries' balance of payments statistics.
FootNote,Niger (NER),"Total reserves (includes gold, current US$) (FI.RES.TOTL.CD)",2004 (YR2004),Gap-filled with countries' balance of payments statistics.
FootNote,Niger (NER),"Total reserves (includes gold, current US$) (FI.RES.TOTL.CD)",2000 (YR2000),Gap-filled with countries' balance of payments statistics.
FootNote,Niger (NER),"Foreign direct investment, net inflows in reporting economy (DRS, current US$) (BX.KLT.DINV.CD.DT)",1970 (YR1970),"Source: United Nations Conference on Trade and Development, Foreign Direct Investment Online database."
FootNote,Niger (NER),"Foreign direct investment, net inflows in reporting economy (DRS, current US$) (BX.KLT.DINV.CD.DT)",1971 (YR1971),"Source: United Nations Conference on Trade and Development, Foreign Direct Investment Online database."
FootNote,Niger (NER),"Foreign direct investment, net inflows in reporting economy (DRS, current US$) (BX.KLT.DINV.CD.DT)",1973 (YR1973),"Source: United Nations Conference on Trade and Development, Foreign Direct Investment Online database."
FootNote,Niger (NER),"Foreign direct investment, net inflows in reporting economy (DRS, current US$) (BX.KLT.DINV.CD.DT)",1972 (YR1972),"Source: United Nations Conference on Trade and Development, Foreign Direct Investment Online database."
FootNote,Nigeria (NGA),"Foreign direct investment, net inflows in reporting economy (DRS, current US$) (BX.KLT.DINV.CD.DT)",2002 (YR2002),"Source: United Nations Conference on Trade and Development, Foreign Direct Investment Online database."
FootNote,Nigeria (NGA),"Foreign direct investment, net inflows in reporting economy (DRS, current US$) (BX.KLT.DINV.CD.DT)",2001 (YR2001),"Source: United Nations Conference on Trade and Development, Foreign Direct Investment Online database."
FootNote,Nigeria (NGA),"External debt stocks, total (DOD, current US$) (DT.DOD.DECT.CD)",2005 (YR2005),Data include the effects of Paris Club debt restructuring agreement.
FootNote,Nigeria (NGA),"Foreign direct investment, net inflows in reporting economy (DRS, current US$) (BX.KLT.DINV.CD.DT)",2000 (YR2000),"Source: United Nations Conference on Trade and Development, Foreign Direct Investment Online database."
FootNote,Nigeria (NGA),"External debt stocks, total (DOD, current US$) (DT.DOD.DECT.CD)",1992 (YR1992),Data for 1992 are World Bank staff estimates.
FootNote,Nigeria (NGA),"External debt stocks, total (DOD, current US$) (DT.DOD.DECT.CD)",1993 (YR1993),Data for 1993 are World Bank staff estimates.
FootNote,Nigeria (NGA),"External debt stocks, total (DOD, current US$) (DT.DOD.DECT.CD)",1994 (YR1994),Data for 1994 are World Bank staff estimates.
FootNote,Nigeria (NGA),"External debt stocks, total (DOD, current US$) (DT.DOD.DECT.CD)",1995 (YR1995),Data for 1995 are World Bank staff estimates.
FootNote,Nigeria (NGA),"External debt stocks, total (DOD, current US$) (DT.DOD.DECT.CD)",1996 (YR1996),Data for 1996 are World Bank staff estimates.
FootNote,Nigeria (NGA),"External debt stocks, total (DOD, current US$) (DT.DOD.DECT.CD)",1997 (YR1997),Data for 1997 are World Bank staff estimates.
FootNote,Nigeria (NGA),"External debt stocks, total (DOD, current US$) (DT.DOD.DECT.CD)",1998 (YR1998),Data for 1998 are World Bank staff estimates.
FootNote,Nigeria (NGA),"Foreign direct investment, net inflows in reporting economy (DRS, current US$) (BX.KLT.DINV.CD.DT)",1970 (YR1970),"Source: United Nations Conference on Trade and Development, Foreign Direct Investment Online database."
FootNote,Nigeria (NGA),"Foreign direct investment, net inflows in reporting economy (DRS, current US$) (BX.KLT.DINV.CD.DT)",1971 (YR1971),"Source: United Nations Conference on Trade and Development, Foreign Direct Investment Online database."
FootNote,Nigeria (NGA),"Foreign direct investment, net inflows in reporting economy (DRS, current US$) (BX.KLT.DINV.CD.DT)",1976 (YR1976),"Source: United Nations Conference on Trade and Development, Foreign Direct Investment Online database."
FootNote,Nigeria (NGA),"Foreign direct investment, net inflows in reporting economy (DRS, current US$) (BX.KLT.DINV.CD.DT)",1973 (YR1973),"Source: United Nations Conference on Trade and Development, Foreign Direct Investment Online database."
FootNote,Nigeria (NGA),"Foreign direct investment, net inflows in reporting economy (DRS, current US$) (BX.KLT.DINV.CD.DT)",1975 (YR1975),"Source: United Nations Conference on Trade and Development, Foreign Direct Investment Online database."
FootNote,Nigeria (NGA),"Foreign direct investment, net inflows in reporting economy (DRS, current US$) (BX.KLT.DINV.CD.DT)",1972 (YR1972),"Source: United Nations Conference on Trade and Development, Foreign Direct Investment Online database."
FootNote,Nigeria (NGA),"Foreign direct investment, net inflows in reporting economy (DRS, current US$) (BX.KLT.DINV.CD.DT)",1974 (YR1974),"Source: United Nations Conference on Trade and Development, Foreign Direct Investment Online database."
FootNote,North Macedonia (MKD),"External debt stocks, total (DOD, current US$) (DT.DOD.DECT.CD)",1993 (YR1993),Debt outstanding as of end-1993 reflects only loans used directly by Macedonian beneficiaries.
FootNote,North Macedonia (MKD),"Foreign direct investment, net inflows in reporting economy (DRS, current US$) (BX.KLT.DINV.CD.DT)",1994 (YR1994),"Source: United Nations Conference on Trade and Development, Foreign Direct Investment Online database."
FootNote,North Macedonia (MKD),"Foreign direct investment, net inflows in reporting economy (DRS, current US$) (BX.KLT.DINV.CD.DT)",1995 (YR1995),"Source: United Nations Conference on Trade and Development, Foreign Direct Investment Online database."
FootNote,Pakistan (PAK),"Foreign direct investment, net inflows in reporting economy (DRS, current US$) (BX.KLT.DINV.CD.DT)",1973 (YR1973),"Source: United Nations Conference on Trade and Development, Foreign Direct Investment Online database."
FootNote,Pakistan (PAK),"Foreign direct investment, net inflows in reporting economy (DRS, current US$) (BX.KLT.DINV.CD.DT)",1971 (YR1971),"Source: United Nations Conference on Trade and Development, Foreign Direct Investment Online database."
FootNote,Pakistan (PAK),"Foreign direct investment, net inflows in reporting economy (DRS, current US$) (BX.KLT.DINV.CD.DT)",1970 (YR1970),"Source: United Nations Conference on Trade and Development, Foreign Direct Investment Online database."
FootNote,Pakistan (PAK),"Foreign direct investment, net inflows in reporting economy (DRS, current US$) (BX.KLT.DINV.CD.DT)",1975 (YR1975),"Source: United Nations Conference on Trade and Development, Foreign Direct Investment Online database."
FootNote,Pakistan (PAK),"Foreign direct investment, net inflows in reporting economy (DRS, current US$) (BX.KLT.DINV.CD.DT)",1974 (YR1974),"Source: United Nations Conference on Trade and Development, Foreign Direct Investment Online database."
FootNote,Pakistan (PAK),"Foreign direct investment, net inflows in reporting economy (DRS, current US$) (BX.KLT.DINV.CD.DT)",1972 (YR1972),"Source: United Nations Conference on Trade and Development, Foreign Direct Investment Online database."
FootNote,Papua New Guinea (PNG),"Foreign direct investment, net inflows in reporting economy (DRS, current US$) (BX.KLT.DINV.CD.DT)",1974 (YR1974),"Source: United Nations Conference on Trade and Development, Foreign Direct Investment Online database."
FootNote,Papua New Guinea (PNG),"Foreign direct investment, net inflows in reporting economy (DRS, current US$) (BX.KLT.DINV.CD.DT)",1972 (YR1972),"Source: United Nations Conference on Trade and Development, Foreign Direct Investment Online database."
FootNote,Papua New Guinea (PNG),"Foreign direct investment, net inflows in reporting economy (DRS, current US$) (BX.KLT.DINV.CD.DT)",1975 (YR1975),"Source: United Nations Conference on Trade and Development, Foreign Direct Investment Online database."
FootNote,Papua New Guinea (PNG),"Foreign direct investment, net inflows in reporting economy (DRS, current US$) (BX.KLT.DINV.CD.DT)",1971 (YR1971),"Source: United Nations Conference on Trade and Development, Foreign Direct Investment Online database."
FootNote,Papua New Guinea (PNG),"Foreign direct investment, net inflows in reporting economy (DRS, current US$) (BX.KLT.DINV.CD.DT)",1973 (YR1973),"Source: United Nations Conference on Trade and Development, Foreign Direct Investment Online database."
FootNote,Papua New Guinea (PNG),"Foreign direct investment, net inflows in reporting economy (DRS, current US$) (BX.KLT.DINV.CD.DT)",1970 (YR1970),"Source: United Nations Conference on Trade and Development, Foreign Direct Investment Online database."
FootNote,Paraguay (PRY),"Foreign direct investment, net inflows in reporting economy (DRS, current US$) (BX.KLT.DINV.CD.DT)",1972 (YR1972),"Source: United Nations Conference on Trade and Development, Foreign Direct Investment Online database."
FootNote,Paraguay (PRY),"Foreign direct investment, net inflows in reporting economy (DRS, current US$) (BX.KLT.DINV.CD.DT)",1974 (YR1974),"Source: United Nations Conference on Trade and Development, Foreign Direct Investment Online database."
FootNote,Paraguay (PRY),"Foreign direct investment, net inflows in reporting economy (DRS, current US$) (BX.KLT.DINV.CD.DT)",1970 (YR1970),"Source: United Nations Conference on Trade and Development, Foreign Direct Investment Online database."
FootNote,Paraguay (PRY),"Foreign direct investment, net inflows in reporting economy (DRS, current US$) (BX.KLT.DINV.CD.DT)",1971 (YR1971),"Source: United Nations Conference on Trade and Development, Foreign Direct Investment Online database."
FootNote,Paraguay (PRY),"Foreign direct investment, net inflows in reporting economy (DRS, current US$) (BX.KLT.DINV.CD.DT)",1973 (YR1973),"Source: United Nations Conference on Trade and Development, Foreign Direct Investment Online database."
FootNote,Peru (PER),"Principal repayments on external debt, long-term (AMT, current US$) (DT.AMT.DLXF.CD)",2007 (YR2007),Data for 2007 include bond prepayments and prepayments to Paris Club creditors.
FootNote,Peru (PER),"External debt stocks, total (DOD, current US$) (DT.DOD.DECT.CD)",2007 (YR2007),Data include Bond prepayment and prepayment to Paris Club creditors.
FootNote,Peru (PER),"PPG, bonds (AMT, current US$) (DT.AMT.PBND.CD)",2007 (YR2007),Data include Bond prepayments.
FootNote,Peru (PER),"PPG, bonds (INT, current US$) (DT.INT.PBND.CD)",2007 (YR2007),Data include Bond prepayments.
FootNote,Peru (PER),"PPG, bonds (TDS, current US$) (DT.TDS.PBND.CD)",2007 (YR2007),Data include Bond prepayments.
FootNote,Peru (PER),"PPG, bilateral (TDS, current US$) (DT.TDS.BLAT.CD)",2007 (YR2007),Data include prepayments to Paris Club creditors.
FootNote,Peru (PER),"PPG, bilateral (INT, current US$) (DT.INT.BLAT.CD)",2007 (YR2007),Data include prepayments to Paris Club creditors.
FootNote,Peru (PER),"PPG, bilateral (AMT, current US$) (DT.AMT.BLAT.CD)",2007 (YR2007),Data include prepayments to Paris Club creditors.
FootNote,Peru (PER),"Foreign direct investment, net inflows in reporting economy (DRS, current US$) (BX.KLT.DINV.CD.DT)",1970 (YR1970),"Source: United Nations Conference on Trade and Development, Foreign Direct Investment Online database."
FootNote,Peru (PER),"Foreign direct investment, net inflows in reporting economy (DRS, current US$) (BX.KLT.DINV.CD.DT)",1974 (YR1974),"Source: United Nations Conference on Trade and Development, Foreign Direct Investment Online database."
FootNote,Peru (PER),"Foreign direct investment, net inflows in reporting economy (DRS, current US$) (BX.KLT.DINV.CD.DT)",1976 (YR1976),"Source: United Nations Conference on Trade and Development, Foreign Direct Investment Online database."
FootNote,Peru (PER),"Foreign direct investment, net inflows in reporting economy (DRS, current US$) (BX.KLT.DINV.CD.DT)",1975 (YR1975),"Source: United Nations Conference on Trade and Development, Foreign Direct Investment Online database."
FootNote,Peru (PER),"Foreign direct investment, net inflows in reporting economy (DRS, current US$) (BX.KLT.DINV.CD.DT)",1971 (YR1971),"Source: United Nations Conference on Trade and Development, Foreign Direct Investment Online database."
FootNote,Peru (PER),"Foreign direct investment, net inflows in reporting economy (DRS, current US$) (BX.KLT.DINV.CD.DT)",1972 (YR1972),"Source: United Nations Conference on Trade and Development, Foreign Direct Investment Online database."
FootNote,Peru (PER),"Foreign direct investment, net inflows in reporting economy (DRS, current US$) (BX.KLT.DINV.CD.DT)",1973 (YR1973),"Source: United Nations Conference on Trade and Development, Foreign Direct Investment Online database."
FootNote,Philippines (PHL),"Foreign direct investment, net inflows in reporting economy (DRS, current US$) (BX.KLT.DINV.CD.DT)",1972 (YR1972),"Source: United Nations Conference on Trade and Development, Foreign Direct Investment Online database."
FootNote,Philippines (PHL),"Foreign direct investment, net inflows in reporting economy (DRS, current US$) (BX.KLT.DINV.CD.DT)",1974 (YR1974),"Source: United Nations Conference on Trade and Development, Foreign Direct Investment Online database."
FootNote,Philippines (PHL),"Foreign direct investment, net inflows in reporting economy (DRS, current US$) (BX.KLT.DINV.CD.DT)",1973 (YR1973),"Source: United Nations Conference on Trade and Development, Foreign Direct Investment Online database."
FootNote,Philippines (PHL),"Foreign direct investment, net inflows in reporting economy (DRS, current US$) (BX.KLT.DINV.CD.DT)",1971 (YR1971),"Source: United Nations Conference on Trade and Development, Foreign Direct Investment Online database."
FootNote,Philippines (PHL),"Foreign direct investment, net inflows in reporting economy (DRS, current US$) (BX.KLT.DINV.CD.DT)",1970 (YR1970),"Source: United Nations Conference on Trade and Development, Foreign Direct Investment Online database."
FootNote,Philippines (PHL),"Foreign direct investment, net inflows in reporting economy (DRS, current US$) (BX.KLT.DINV.CD.DT)",1976 (YR1976),"Source: United Nations Conference on Trade and Development, Foreign Direct Investment Online database."
FootNote,Philippines (PHL),"Foreign direct investment, net inflows in reporting economy (DRS, current US$) (BX.KLT.DINV.CD.DT)",1975 (YR1975),"Source: United Nations Conference on Trade and Development, Foreign Direct Investment Online database."
FootNote,Rwanda (RWA),"Portfolio investment, equity (DRS, current US$) (BX.PEF.TOTL.CD.DT)",2024 (YR2024),Gap-filled with countries' balance of payments statistics.
FootNote,Rwanda (RWA),"Imports of goods, services and primary income (current US$) (BM.GSR.TOTL.CD)",2024 (YR2024),Gap-filled with countries' balance of payments statistics.
FootNote,Rwanda (RWA),Primary income on FDI (current US$) (BX.KLT.DREM.CD.DT),2024 (YR2024),Gap-filled with countries' balance of payments statistics.
FootNote,Rwanda (RWA),"Personal transfers and compensation of employees, received (current US$) (BX.TRF.PWKR.CD.DT)",2024 (YR2024),Gap-filled with countries' balance of payments statistics.
FootNote,Rwanda (RWA),Current account balance (current US$) (BN.CAB.XOKA.CD),2024 (YR2024),Gap-filled with countries' balance of payments statistics.
FootNote,Rwanda (RWA),"Exports of goods, services and primary income (current US$) (BX.GSR.TOTL.CD)",2024 (YR2024),Gap-filled with countries' balance of payments statistics.
FootNote,Rwanda (RWA),"Present value of external debt (% of exports of goods, services and income) (DT.DOD.PVLX.EX.ZS)",2009 (YR2009),Data are from debt sustainability analyses for low-income countries. Present value estimates for these countries are for public and publicly guaranteed debt only.
FootNote,Rwanda (RWA),Present value of external debt (% of GNI) (DT.DOD.PVLX.GN.ZS),2009 (YR2009),Data are from debt sustainability analyses for low-income countries. Present value estimates for these countries are for public and publicly guaranteed debt only.
FootNote,Rwanda (RWA),Debt forgiveness or reduction (current US$) (DT.DFR.DPPG.CD),2006 (YR2006),Data include the effects of MDRI.
FootNote,Rwanda (RWA),"External debt stocks, total (DOD, current US$) (DT.DOD.DECT.CD)",2006 (YR2006),Data include the effects of MDRI.
FootNote,Rwanda (RWA),Current account balance (current US$) (BN.CAB.XOKA.CD),2004 (YR2004),"Source: United Nations Conference on Trade and Development, Balance of Payments Online database."
FootNote,Rwanda (RWA),Current account balance (current US$) (BN.CAB.XOKA.CD),2001 (YR2001),"Source: United Nations Conference on Trade and Development, Balance of Payments Online database."
FootNote,Rwanda (RWA),Current account balance (current US$) (BN.CAB.XOKA.CD),2009 (YR2009),"Source: United Nations Conference on Trade and Development, Balance of Payments Online database."
FootNote,Rwanda (RWA),Current account balance (current US$) (BN.CAB.XOKA.CD),2008 (YR2008),"Source: United Nations Conference on Trade and Development, Balance of Payments Online database."
FootNote,Rwanda (RWA),Current account balance (current US$) (BN.CAB.XOKA.CD),2002 (YR2002),"Source: United Nations Conference on Trade and Development, Balance of Payments Online database."
FootNote,Rwanda (RWA),Current account balance (current US$) (BN.CAB.XOKA.CD),2005 (YR2005),"Source: United Nations Conference on Trade and Development, Balance of Payments Online database."
FootNote,Rwanda (RWA),Current account balance (current US$) (BN.CAB.XOKA.CD),2007 (YR2007),"Source: United Nations Conference on Trade and Development, Balance of Payments Online database."
FootNote,Rwanda (RWA),Current account balance (current US$) (BN.CAB.XOKA.CD),2003 (YR2003),"Source: United Nations Conference on Trade and Development, Balance of Payments Online database."
FootNote,Rwanda (RWA),Current account balance (current US$) (BN.CAB.XOKA.CD),2006 (YR2006),"Source: United Nations Conference on Trade and Development, Balance of Payments Online database."
FootNote,Rwanda (RWA),"Foreign direct investment, net inflows in reporting economy (DRS, current US$) (BX.KLT.DINV.CD.DT)",2007 (YR2007),"Source: United Nations Conference on Trade and Development, Foreign Direct Investment Online database."
FootNote,Rwanda (RWA),"Foreign direct investment, net inflows in reporting economy (DRS, current US$) (BX.KLT.DINV.CD.DT)",2009 (YR2009),"Source: United Nations Conference on Trade and Development, Foreign Direct Investment Online database."
FootNote,Rwanda (RWA),"Foreign direct investment, net inflows in reporting economy (DRS, current US$) (BX.KLT.DINV.CD.DT)",2006 (YR2006),"Source: United Nations Conference on Trade and Development, Foreign Direct Investment Online database."
FootNote,Rwanda (RWA),"Foreign direct investment, net inflows in reporting economy (DRS, current US$) (BX.KLT.DINV.CD.DT)",2008 (YR2008),"Source: United Nations Conference on Trade and Development, Foreign Direct Investment Online database."
FootNote,Rwanda (RWA),"Foreign direct investment, net inflows in reporting economy (DRS, current US$) (BX.KLT.DINV.CD.DT)",2004 (YR2004),"Source: United Nations Conference on Trade and Development, Foreign Direct Investment Online database."
FootNote,Rwanda (RWA),"Foreign direct investment, net inflows in reporting economy (DRS, current US$) (BX.KLT.DINV.CD.DT)",2005 (YR2005),"Source: United Nations Conference on Trade and Development, Foreign Direct Investment Online database."
FootNote,Rwanda (RWA),"Foreign direct investment, net inflows in reporting economy (DRS, current US$) (BX.KLT.DINV.CD.DT)",2001 (YR2001),"Source: United Nations Conference on Trade and Development, Foreign Direct Investment Online database."
FootNote,Rwanda (RWA),Primary income on FDI (current US$) (BX.KLT.DREM.CD.DT),2005 (YR2005),"Source: United Nations Conference on Trade and Development, Balance of Payments Online database."
FootNote,Rwanda (RWA),Primary income on FDI (current US$) (BX.KLT.DREM.CD.DT),2006 (YR2006),"Source: United Nations Conference on Trade and Development, Balance of Payments Online database."
FootNote,Rwanda (RWA),Primary income on FDI (current US$) (BX.KLT.DREM.CD.DT),2002 (YR2002),"Source: United Nations Conference on Trade and Development, Balance of Payments Online database."
FootNote,Rwanda (RWA),Primary income on FDI (current US$) (BX.KLT.DREM.CD.DT),2008 (YR2008),"Source: United Nations Conference on Trade and Development, Balance of Payments Online database."
FootNote,Rwanda (RWA),Primary income on FDI (current US$) (BX.KLT.DREM.CD.DT),2007 (YR2007),"Source: United Nations Conference on Trade and Development, Balance of Payments Online database."
FootNote,Rwanda (RWA),Primary income on FDI (current US$) (BX.KLT.DREM.CD.DT),2001 (YR2001),"Source: United Nations Conference on Trade and Development, Balance of Payments Online database."
FootNote,Rwanda (RWA),Primary income on FDI (current US$) (BX.KLT.DREM.CD.DT),2003 (YR2003),"Source: United Nations Conference on Trade and Development, Balance of Payments Online database."
FootNote,Rwanda (RWA),Primary income on FDI (current US$) (BX.KLT.DREM.CD.DT),2009 (YR2009),"Source: United Nations Conference on Trade and Development, Balance of Payments Online database."
FootNote,Rwanda (RWA),Primary income on FDI (current US$) (BX.KLT.DREM.CD.DT),2004 (YR2004),"Source: United Nations Conference on Trade and Development, Balance of Payments Online database."
FootNote,Rwanda (RWA),"Foreign direct investment, net inflows in reporting economy (DRS, current US$) (BX.KLT.DINV.CD.DT)",2003 (YR2003),"Source: United Nations Conference on Trade and Development, Foreign Direct Investment Online database."
FootNote,Rwanda (RWA),"Foreign direct investment, net inflows in reporting economy (DRS, current US$) (BX.KLT.DINV.CD.DT)",2002 (YR2002),"Source: United Nations Conference on Trade and Development, Foreign Direct Investment Online database."
FootNote,Rwanda (RWA),"Foreign direct investment, net inflows in reporting economy (DRS, current US$) (BX.KLT.DINV.CD.DT)",1994 (YR1994),"Source: United Nations Conference on Trade and Development, Foreign Direct Investment Online database."
FootNote,Rwanda (RWA),Current account balance (current US$) (BN.CAB.XOKA.CD),2000 (YR2000),"Source: United Nations Conference on Trade and Development, Balance of Payments Online database."
FootNote,Rwanda (RWA),Primary income on FDI (current US$) (BX.KLT.DREM.CD.DT),2000 (YR2000),"Source: United Nations Conference on Trade and Development, Balance of Payments Online database."
FootNote,Rwanda (RWA),"Foreign direct investment, net inflows in reporting economy (DRS, current US$) (BX.KLT.DINV.CD.DT)",2000 (YR2000),"Source: United Nations Conference on Trade and Development, Foreign Direct Investment Online database."
FootNote,Rwanda (RWA),"Foreign direct investment, net inflows in reporting economy (DRS, current US$) (BX.KLT.DINV.CD.DT)",1971 (YR1971),"Source: United Nations Conference on Trade and Development, Foreign Direct Investment Online database."
FootNote,Rwanda (RWA),"Foreign direct investment, net inflows in reporting economy (DRS, current US$) (BX.KLT.DINV.CD.DT)",1972 (YR1972),"Source: United Nations Conference on Trade and Development, Foreign Direct Investment Online database."
FootNote,Rwanda (RWA),"Foreign direct investment, net inflows in reporting economy (DRS, current US$) (BX.KLT.DINV.CD.DT)",1975 (YR1975),"Source: United Nations Conference on Trade and Development, Foreign Direct Investment Online database."
FootNote,Rwanda (RWA),"Foreign direct investment, net inflows in reporting economy (DRS, current US$) (BX.KLT.DINV.CD.DT)",1974 (YR1974),"Source: United Nations Conference on Trade and Development, Foreign Direct Investment Online database."
FootNote,Rwanda (RWA),"Foreign direct investment, net inflows in reporting economy (DRS, current US$) (BX.KLT.DINV.CD.DT)",1973 (YR1973),"Source: United Nations Conference on Trade and Development, Foreign Direct Investment Online database."
FootNote,Rwanda (RWA),"Foreign direct investment, net inflows in reporting economy (DRS, current US$) (BX.KLT.DINV.CD.DT)",1970 (YR1970),"Source: United Nations Conference on Trade and Development, Foreign Direct Investment Online database."
FootNote,Samoa (WSM),"Foreign direct investment, net inflows in reporting economy (DRS, current US$) (BX.KLT.DINV.CD.DT)",2003 (YR2003),"Source: United Nations Conference on Trade and Development, Foreign Direct Investment Online database."
FootNote,Samoa (WSM),"Foreign direct investment, net inflows in reporting economy (DRS, current US$) (BX.KLT.DINV.CD.DT)",2001 (YR2001),"Source: United Nations Conference on Trade and Development, Foreign Direct Investment Online database."
FootNote,Samoa (WSM),"Foreign direct investment, net inflows in reporting economy (DRS, current US$) (BX.KLT.DINV.CD.DT)",2002 (YR2002),"Source: United Nations Conference on Trade and Development, Foreign Direct Investment Online database."
FootNote,Samoa (WSM),Current account balance (current US$) (BN.CAB.XOKA.CD),2003 (YR2003),"Source: United Nations Conference on Trade and Development, Balance of Payments Online database."
FootNote,Samoa (WSM),Current account balance (current US$) (BN.CAB.XOKA.CD),2002 (YR2002),"Source: United Nations Conference on Trade and Development, Balance of Payments Online database."
FootNote,Samoa (WSM),Current account balance (current US$) (BN.CAB.XOKA.CD),2001 (YR2001),"Source: United Nations Conference on Trade and Development, Balance of Payments Online database."
FootNote,Samoa (WSM),"Foreign direct investment, net inflows in reporting economy (DRS, current US$) (BX.KLT.DINV.CD.DT)",1989 (YR1989),"Source: United Nations Conference on Trade and Development, Foreign Direct Investment Online database."
FootNote,Samoa (WSM),"Foreign direct investment, net inflows in reporting economy (DRS, current US$) (BX.KLT.DINV.CD.DT)",1986 (YR1986),"Source: United Nations Conference on Trade and Development, Foreign Direct Investment Online database."
FootNote,Samoa (WSM),"Foreign direct investment, net inflows in reporting economy (DRS, current US$) (BX.KLT.DINV.CD.DT)",1987 (YR1987),"Source: United Nations Conference on Trade and Development, Foreign Direct Investment Online database."
FootNote,Samoa (WSM),"Foreign direct investment, net inflows in reporting economy (DRS, current US$) (BX.KLT.DINV.CD.DT)",1988 (YR1988),"Source: United Nations Conference on Trade and Development, Foreign Direct Investment Online database."
FootNote,Samoa (WSM),"Foreign direct investment, net inflows in reporting economy (DRS, current US$) (BX.KLT.DINV.CD.DT)",1985 (YR1985),"Source: United Nations Conference on Trade and Development, Foreign Direct Investment Online database."
FootNote,Samoa (WSM),"Foreign direct investment, net inflows in reporting economy (DRS, current US$) (BX.KLT.DINV.CD.DT)",1994 (YR1994),"Source: United Nations Conference on Trade and Development, Foreign Direct Investment Online database."
FootNote,Samoa (WSM),"Foreign direct investment, net inflows in reporting economy (DRS, current US$) (BX.KLT.DINV.CD.DT)",1990 (YR1990),"Source: United Nations Conference on Trade and Development, Foreign Direct Investment Online database."
FootNote,Samoa (WSM),"Foreign direct investment, net inflows in reporting economy (DRS, current US$) (BX.KLT.DINV.CD.DT)",1992 (YR1992),"Source: United Nations Conference on Trade and Development, Foreign Direct Investment Online database."
FootNote,Samoa (WSM),"Foreign direct investment, net inflows in reporting economy (DRS, current US$) (BX.KLT.DINV.CD.DT)",1998 (YR1998),"Source: United Nations Conference on Trade and Development, Foreign Direct Investment Online database."
FootNote,Samoa (WSM),"Foreign direct investment, net inflows in reporting economy (DRS, current US$) (BX.KLT.DINV.CD.DT)",1999 (YR1999),"Source: United Nations Conference on Trade and Development, Foreign Direct Investment Online database."
FootNote,Samoa (WSM),"Foreign direct investment, net inflows in reporting economy (DRS, current US$) (BX.KLT.DINV.CD.DT)",1996 (YR1996),"Source: United Nations Conference on Trade and Development, Foreign Direct Investment Online database."
FootNote,Samoa (WSM),"Foreign direct investment, net inflows in reporting economy (DRS, current US$) (BX.KLT.DINV.CD.DT)",1995 (YR1995),"Source: United Nations Conference on Trade and Development, Foreign Direct Investment Online database."
FootNote,Samoa (WSM),"Foreign direct investment, net inflows in reporting economy (DRS, current US$) (BX.KLT.DINV.CD.DT)",1991 (YR1991),"Source: United Nations Conference on Trade and Development, Foreign Direct Investment Online database."
FootNote,Samoa (WSM),"Foreign direct investment, net inflows in reporting economy (DRS, current US$) (BX.KLT.DINV.CD.DT)",1997 (YR1997),"Source: United Nations Conference on Trade and Development, Foreign Direct Investment Online database."
FootNote,Samoa (WSM),"Foreign direct investment, net inflows in reporting economy (DRS, current US$) (BX.KLT.DINV.CD.DT)",1993 (YR1993),"Source: United Nations Conference on Trade and Development, Foreign Direct Investment Online database."
FootNote,Samoa (WSM),"Foreign direct investment, net inflows in reporting economy (DRS, current US$) (BX.KLT.DINV.CD.DT)",2000 (YR2000),"Source: United Nations Conference on Trade and Development, Foreign Direct Investment Online database."
FootNote,Samoa (WSM),Current account balance (current US$) (BN.CAB.XOKA.CD),2000 (YR2000),"Source: United Nations Conference on Trade and Development, Balance of Payments Online database."
FootNote,Samoa (WSM),"Foreign direct investment, net inflows in reporting economy (DRS, current US$) (BX.KLT.DINV.CD.DT)",1970 (YR1970),"Source: United Nations Conference on Trade and Development, Foreign Direct Investment Online database."
FootNote,Samoa (WSM),"Foreign direct investment, net inflows in reporting economy (DRS, current US$) (BX.KLT.DINV.CD.DT)",1977 (YR1977),"Source: United Nations Conference on Trade and Development, Foreign Direct Investment Online database."
FootNote,Samoa (WSM),"Foreign direct investment, net inflows in reporting economy (DRS, current US$) (BX.KLT.DINV.CD.DT)",1982 (YR1982),"Source: United Nations Conference on Trade and Development, Foreign Direct Investment Online database."
FootNote,Samoa (WSM),"Foreign direct investment, net inflows in reporting economy (DRS, current US$) (BX.KLT.DINV.CD.DT)",1975 (YR1975),"Source: United Nations Conference on Trade and Development, Foreign Direct Investment Online database."
FootNote,Samoa (WSM),"Foreign direct investment, net inflows in reporting economy (DRS, current US$) (BX.KLT.DINV.CD.DT)",1978 (YR1978),"Source: United Nations Conference on Trade and Development, Foreign Direct Investment Online database."
FootNote,Samoa (WSM),"Foreign direct investment, net inflows in reporting economy (DRS, current US$) (BX.KLT.DINV.CD.DT)",1983 (YR1983),"Source: United Nations Conference on Trade and Development, Foreign Direct Investment Online database."
FootNote,Samoa (WSM),"Foreign direct investment, net inflows in reporting economy (DRS, current US$) (BX.KLT.DINV.CD.DT)",1979 (YR1979),"Source: United Nations Conference on Trade and Development, Foreign Direct Investment Online database."
FootNote,Samoa (WSM),"Foreign direct investment, net inflows in reporting economy (DRS, current US$) (BX.KLT.DINV.CD.DT)",1981 (YR1981),"Source: United Nations Conference on Trade and Development, Foreign Direct Investment Online database."
FootNote,Samoa (WSM),"Foreign direct investment, net inflows in reporting economy (DRS, current US$) (BX.KLT.DINV.CD.DT)",1976 (YR1976),"Source: United Nations Conference on Trade and Development, Foreign Direct Investment Online database."
FootNote,Samoa (WSM),"Foreign direct investment, net inflows in reporting economy (DRS, current US$) (BX.KLT.DINV.CD.DT)",1984 (YR1984),"Source: United Nations Conference on Trade and Development, Foreign Direct Investment Online database."
FootNote,Samoa (WSM),"Foreign direct investment, net inflows in reporting economy (DRS, current US$) (BX.KLT.DINV.CD.DT)",1980 (YR1980),"Source: United Nations Conference on Trade and Development, Foreign Direct Investment Online database."
FootNote,Samoa (WSM),"Foreign direct investment, net inflows in reporting economy (DRS, current US$) (BX.KLT.DINV.CD.DT)",1972 (YR1972),"Source: United Nations Conference on Trade and Development, Foreign Direct Investment Online database."
FootNote,Samoa (WSM),"Foreign direct investment, net inflows in reporting economy (DRS, current US$) (BX.KLT.DINV.CD.DT)",1973 (YR1973),"Source: United Nations Conference on Trade and Development, Foreign Direct Investment Online database."
FootNote,Samoa (WSM),"Foreign direct investment, net inflows in reporting economy (DRS, current US$) (BX.KLT.DINV.CD.DT)",1971 (YR1971),"Source: United Nations Conference on Trade and Development, Foreign Direct Investment Online database."
FootNote,Samoa (WSM),"Foreign direct investment, net inflows in reporting economy (DRS, current US$) (BX.KLT.DINV.CD.DT)",1974 (YR1974),"Source: United Nations Conference on Trade and Development, Foreign Direct Investment Online database."
FootNote,S�o Tom� and Principe (STP),Current account balance (current US$) (BN.CAB.XOKA.CD),2023 (YR2023),Gap-filled with countries' balance of payments statistics.
FootNote,S�o Tom� and Principe (STP),Current account balance (current US$) (BN.CAB.XOKA.CD),2024 (YR2024),Gap-filled with countries' balance of payments statistics.
FootNote,S�o Tom� and Principe (STP),"Exports of goods, services and primary income (current US$) (BX.GSR.TOTL.CD)",2024 (YR2024),Gap-filled with countries' balance of payments statistics.
FootNote,S�o Tom� and Principe (STP),"Exports of goods, services and primary income (current US$) (BX.GSR.TOTL.CD)",2023 (YR2023),Gap-filled with countries' balance of payments statistics.
FootNote,S�o Tom� and Principe (STP),"Personal transfers and compensation of employees, received (current US$) (BX.TRF.PWKR.CD.DT)",2024 (YR2024),Gap-filled with countries' balance of payments statistics.
FootNote,S�o Tom� and Principe (STP),"Personal transfers and compensation of employees, received (current US$) (BX.TRF.PWKR.CD.DT)",2023 (YR2023),Gap-filled with countries' balance of payments statistics.
FootNote,S�o Tom� and Principe (STP),"Imports of goods, services and primary income (current US$) (BM.GSR.TOTL.CD)",2023 (YR2023),Gap-filled with countries' balance of payments statistics.
FootNote,S�o Tom� and Principe (STP),"Imports of goods, services and primary income (current US$) (BM.GSR.TOTL.CD)",2024 (YR2024),Gap-filled with countries' balance of payments statistics.
FootNote,S�o Tom� and Principe (STP),"Foreign direct investment, net inflows in reporting economy (DRS, current US$) (BX.KLT.DINV.CD.DT)",2024 (YR2024),"Source: United Nations Conference on Trade and Development, Foreign Direct Investment Online database."
FootNote,S�o Tom� and Principe (STP),"Foreign direct investment, net inflows in reporting economy (DRS, current US$) (BX.KLT.DINV.CD.DT)",2023 (YR2023),"Source: United Nations Conference on Trade and Development, Foreign Direct Investment Online database."
FootNote,S�o Tom� and Principe (STP),"External debt stocks, total (DOD, current US$) (DT.DOD.DECT.CD)",2010 (YR2010),Data include the effects of Enhanced HIPC Initiative.
FootNote,S�o Tom� and Principe (STP),"External debt stocks, total (DOD, current US$) (DT.DOD.DECT.CD)",2007 (YR2007),Data include the effects of MDRI and HIPC debt relief.
FootNote,S�o Tom� and Principe (STP),Debt forgiveness or reduction (current US$) (DT.DFR.DPPG.CD),2008 (YR2008),Data include the effects of MDRI and HIPC debt relief.
FootNote,S�o Tom� and Principe (STP),"External debt stocks, total (DOD, current US$) (DT.DOD.DECT.CD)",2008 (YR2008),Data include the effects of MDRI and HIPC debt relief.
FootNote,S�o Tom� and Principe (STP),Debt forgiveness or reduction (current US$) (DT.DFR.DPPG.CD),2007 (YR2007),Data include the effects of MDRI and HIPC debt relief.
FootNote,S�o Tom� and Principe (STP),Present value of external debt (% of GNI) (DT.DOD.PVLX.GN.ZS),2009 (YR2009),Data are from debt sustainability analyses for low-income countries. Present value estimates for these countries are for public and publicly guaranteed debt only.
FootNote,S�o Tom� and Principe (STP),"Present value of external debt (% of exports of goods, services and income) (DT.DOD.PVLX.EX.ZS)",2009 (YR2009),Data are from debt sustainability analyses for low-income countries. Present value estimates for these countries are for public and publicly guaranteed debt only.
FootNote,S�o Tom� and Principe (STP),"External debt stocks, total (DOD, current US$) (DT.DOD.DECT.CD)",2009 (YR2009),Data include the effects of Enhanced HIPC Initiative.
FootNote,S�o Tom� and Principe (STP),Debt forgiveness or reduction (current US$) (DT.DFR.DPPG.CD),2009 (YR2009),Data include the effects of Enhanced HIPC Initiative.
FootNote,S�o Tom� and Principe (STP),"Foreign direct investment, net inflows in reporting economy (DRS, current US$) (BX.KLT.DINV.CD.DT)",1987 (YR1987),"Source: United Nations Conference on Trade and Development, Foreign Direct Investment Online database."
FootNote,S�o Tom� and Principe (STP),"Foreign direct investment, net inflows in reporting economy (DRS, current US$) (BX.KLT.DINV.CD.DT)",1989 (YR1989),"Source: United Nations Conference on Trade and Development, Foreign Direct Investment Online database."
FootNote,S�o Tom� and Principe (STP),"Foreign direct investment, net inflows in reporting economy (DRS, current US$) (BX.KLT.DINV.CD.DT)",1988 (YR1988),"Source: United Nations Conference on Trade and Development, Foreign Direct Investment Online database."
FootNote,S�o Tom� and Principe (STP),"Foreign direct investment, net inflows in reporting economy (DRS, current US$) (BX.KLT.DINV.CD.DT)",1996 (YR1996),"Source: United Nations Conference on Trade and Development, Foreign Direct Investment Online database."
FootNote,S�o Tom� and Principe (STP),"Foreign direct investment, net inflows in reporting economy (DRS, current US$) (BX.KLT.DINV.CD.DT)",1993 (YR1993),"Source: United Nations Conference on Trade and Development, Foreign Direct Investment Online database."
FootNote,S�o Tom� and Principe (STP),"Foreign direct investment, net inflows in reporting economy (DRS, current US$) (BX.KLT.DINV.CD.DT)",1995 (YR1995),"Source: United Nations Conference on Trade and Development, Foreign Direct Investment Online database."
FootNote,Senegal (SEN),"Foreign direct investment, net inflows in reporting economy (DRS, current US$) (BX.KLT.DINV.CD.DT)",2024 (YR2024),"Source: United Nations Conference on Trade and Development, Foreign Direct Investment Online database."
FootNote,Senegal (SEN),"Personal transfers and compensation of employees, received (current US$) (BX.TRF.PWKR.CD.DT)",2024 (YR2024),"Data on Personal Transfers and Compensation of Employees are prepared by World Bank staff based on IMF's Balance of Payments statistics and data releases from central banks, national statistical agencies, and World Bank country desks."
FootNote,Senegal (SEN),Current account balance (current US$) (BN.CAB.XOKA.CD),2024 (YR2024),Gap-filled with countries' balance of payments statistics.
FootNote,Senegal (SEN),"Exports of goods, services and primary income (current US$) (BX.GSR.TOTL.CD)",2024 (YR2024),Gap-filled with countries' balance of payments statistics.
FootNote,Senegal (SEN),"Imports of goods, services and primary income (current US$) (BM.GSR.TOTL.CD)",2024 (YR2024),Gap-filled with countries' balance of payments statistics.
FootNote,Senegal (SEN),"Total reserves (includes gold, current US$) (FI.RES.TOTL.CD)",2018 (YR2018),Gap-filled with countries' balance of payments statistics.
FootNote,Senegal (SEN),"Total reserves (includes gold, current US$) (FI.RES.TOTL.CD)",2017 (YR2017),Gap-filled with countries' balance of payments statistics.
FootNote,Senegal (SEN),"Present value of external debt (% of exports of goods, services and income) (DT.DOD.PVLX.EX.ZS)",2009 (YR2009),Data are from debt sustainability analyses for low-income countries. Present value estimates for these countries are for public and publicly guaranteed debt only.
FootNote,Senegal (SEN),Present value of external debt (% of GNI) (DT.DOD.PVLX.GN.ZS),2009 (YR2009),Data are from debt sustainability analyses for low-income countries. Present value estimates for these countries are for public and publicly guaranteed debt only.
FootNote,Senegal (SEN),Debt forgiveness or reduction (current US$) (DT.DFR.DPPG.CD),2006 (YR2006),Data include the effects of MDRI.
FootNote,Senegal (SEN),Debt forgiveness or reduction (current US$) (DT.DFR.DPPG.CD),2007 (YR2007),Data include the effects of MDRI.
FootNote,Senegal (SEN),"External debt stocks, total (DOD, current US$) (DT.DOD.DECT.CD)",2007 (YR2007),Data include the effects of MDRI.
FootNote,Senegal (SEN),"External debt stocks, total (DOD, current US$) (DT.DOD.DECT.CD)",2006 (YR2006),Data include the effects of MDRI.
FootNote,Senegal (SEN),"Total reserves (includes gold, current US$) (FI.RES.TOTL.CD)",2015 (YR2015),Gap-filled with countries' balance of payments statistics.
FootNote,Senegal (SEN),"Total reserves (includes gold, current US$) (FI.RES.TOTL.CD)",2001 (YR2001),Gap-filled with countries' balance of payments statistics.
FootNote,Senegal (SEN),"Total reserves (includes gold, current US$) (FI.RES.TOTL.CD)",2010 (YR2010),Gap-filled with countries' balance of payments statistics.
FootNote,Senegal (SEN),"Total reserves (includes gold, current US$) (FI.RES.TOTL.CD)",2016 (YR2016),Gap-filled with countries' balance of payments statistics.
FootNote,Senegal (SEN),"Total reserves (includes gold, current US$) (FI.RES.TOTL.CD)",2012 (YR2012),Gap-filled with countries' balance of payments statistics.
FootNote,Senegal (SEN),"Total reserves (includes gold, current US$) (FI.RES.TOTL.CD)",2006 (YR2006),Gap-filled with countries' balance of payments statistics.
FootNote,Senegal (SEN),"Total reserves (includes gold, current US$) (FI.RES.TOTL.CD)",2004 (YR2004),Gap-filled with countries' balance of payments statistics.
FootNote,Senegal (SEN),"Total reserves (includes gold, current US$) (FI.RES.TOTL.CD)",2003 (YR2003),Gap-filled with countries' balance of payments statistics.
FootNote,Senegal (SEN),"Total reserves (includes gold, current US$) (FI.RES.TOTL.CD)",2014 (YR2014),Gap-filled with countries' balance of payments statistics.
FootNote,Senegal (SEN),"Total reserves (includes gold, current US$) (FI.RES.TOTL.CD)",2008 (YR2008),Gap-filled with countries' balance of payments statistics.
FootNote,Senegal (SEN),"Total reserves (includes gold, current US$) (FI.RES.TOTL.CD)",2009 (YR2009),Gap-filled with countries' balance of payments statistics.
FootNote,Senegal (SEN),"Total reserves (includes gold, current US$) (FI.RES.TOTL.CD)",2011 (YR2011),Gap-filled with countries' balance of payments statistics.
FootNote,Senegal (SEN),"Total reserves (includes gold, current US$) (FI.RES.TOTL.CD)",2002 (YR2002),Gap-filled with countries' balance of payments statistics.
FootNote,Senegal (SEN),"Total reserves (includes gold, current US$) (FI.RES.TOTL.CD)",2013 (YR2013),Gap-filled with countries' balance of payments statistics.
FootNote,Senegal (SEN),"Total reserves (includes gold, current US$) (FI.RES.TOTL.CD)",2005 (YR2005),Gap-filled with countries' balance of payments statistics.
FootNote,Senegal (SEN),"Total reserves (includes gold, current US$) (FI.RES.TOTL.CD)",2007 (YR2007),Gap-filled with countries' balance of payments statistics.
FootNote,Senegal (SEN),"Total reserves (includes gold, current US$) (FI.RES.TOTL.CD)",2000 (YR2000),Gap-filled with countries' balance of payments statistics.
FootNote,Senegal (SEN),"Foreign direct investment, net inflows in reporting economy (DRS, current US$) (BX.KLT.DINV.CD.DT)",1971 (YR1971),"Source: United Nations Conference on Trade and Development, Foreign Direct Investment Online database."
FootNote,Senegal (SEN),"Foreign direct investment, net inflows in reporting economy (DRS, current US$) (BX.KLT.DINV.CD.DT)",1972 (YR1972),"Source: United Nations Conference on Trade and Development, Foreign Direct Investment Online database."
FootNote,Senegal (SEN),"Foreign direct investment, net inflows in reporting economy (DRS, current US$) (BX.KLT.DINV.CD.DT)",1973 (YR1973),"Source: United Nations Conference on Trade and Development, Foreign Direct Investment Online database."
FootNote,Senegal (SEN),"Foreign direct investment, net inflows in reporting economy (DRS, current US$) (BX.KLT.DINV.CD.DT)",1970 (YR1970),"Source: United Nations Conference on Trade and Development, Foreign Direct Investment Online database."
FootNote,Serbia (SRB),"Population, total (SP.POP.TOTL)",2017 (YR2017),Data on Kosovo are excluded.
FootNote,Serbia (SRB),"Population, total (SP.POP.TOTL)",2018 (YR2018),Data on Kosovo are excluded.
FootNote,Serbia (SRB),"Population, total (SP.POP.TOTL)",2019 (YR2019),Data on Kosovo are excluded. Extrapolated assuming the same growth rate as previous 6 months.
FootNote,Serbia (SRB),"External debt stocks, total (DOD, current US$) (DT.DOD.DECT.CD)",2006 (YR2006),Beginning 2006 the DRS data for Serbia exclude Montenegro.
FootNote,Serbia (SRB),"Population, total (SP.POP.TOTL)",2002 (YR2002),Data on Kosovo are excluded.
FootNote,Serbia (SRB),"Population, total (SP.POP.TOTL)",2004 (YR2004),Data on Kosovo are excluded.
FootNote,Serbia (SRB),"Population, total (SP.POP.TOTL)",2006 (YR2006),Data on Kosovo are excluded.
FootNote,Serbia (SRB),"Population, total (SP.POP.TOTL)",2009 (YR2009),Data on Kosovo are excluded.
FootNote,Serbia (SRB),"Population, total (SP.POP.TOTL)",2005 (YR2005),Data on Kosovo are excluded.
FootNote,Serbia (SRB),"Population, total (SP.POP.TOTL)",2008 (YR2008),Data on Kosovo are excluded.
FootNote,Serbia (SRB),"Population, total (SP.POP.TOTL)",2003 (YR2003),Data on Kosovo are excluded.
FootNote,Serbia (SRB),"Population, total (SP.POP.TOTL)",2007 (YR2007),Data on Kosovo are excluded.
FootNote,Serbia (SRB),"Population, total (SP.POP.TOTL)",2001 (YR2001),Data on Kosovo are excluded.
FootNote,Serbia (SRB),"Population, total (SP.POP.TOTL)",2015 (YR2015),Data on Kosovo are excluded.
FootNote,Serbia (SRB),"Population, total (SP.POP.TOTL)",2010 (YR2010),Data on Kosovo are excluded.
FootNote,Serbia (SRB),"Population, total (SP.POP.TOTL)",2012 (YR2012),Data on Kosovo are excluded.
FootNote,Serbia (SRB),"Population, total (SP.POP.TOTL)",2013 (YR2013),Data on Kosovo are excluded.
FootNote,Serbia (SRB),"Population, total (SP.POP.TOTL)",2014 (YR2014),Data on Kosovo are excluded.
FootNote,Serbia (SRB),"Population, total (SP.POP.TOTL)",2016 (YR2016),Data on Kosovo are excluded.
FootNote,Serbia (SRB),"Population, total (SP.POP.TOTL)",2011 (YR2011),Data on Kosovo are excluded. Break in series.
FootNote,Serbia (SRB),"Population, total (SP.POP.TOTL)",1998 (YR1998),Data on Kosovo are excluded.
FootNote,Serbia (SRB),"Population, total (SP.POP.TOTL)",2000 (YR2000),Data on Kosovo are excluded.
FootNote,Serbia (SRB),"Population, total (SP.POP.TOTL)",1997 (YR1997),Data on Kosovo are excluded.
FootNote,Serbia (SRB),"Population, total (SP.POP.TOTL)",1990 (YR1990),Data on Kosovo are excluded.
FootNote,Serbia (SRB),"Population, total (SP.POP.TOTL)",1994 (YR1994),Data on Kosovo are excluded.
FootNote,Serbia (SRB),"Population, total (SP.POP.TOTL)",1999 (YR1999),Data on Kosovo are excluded.
FootNote,Serbia (SRB),"Population, total (SP.POP.TOTL)",1991 (YR1991),Data on Kosovo are excluded.
FootNote,Serbia (SRB),"Population, total (SP.POP.TOTL)",1992 (YR1992),Data on Kosovo are excluded.
FootNote,Serbia (SRB),"Population, total (SP.POP.TOTL)",1996 (YR1996),Data on Kosovo are excluded.
FootNote,Serbia (SRB),"Population, total (SP.POP.TOTL)",1993 (YR1993),Data on Kosovo are excluded.
FootNote,Serbia (SRB),"Population, total (SP.POP.TOTL)",1995 (YR1995),Data on Kosovo are excluded. Break in series.
FootNote,Serbia (SRB),"Foreign direct investment, net inflows in reporting economy (DRS, current US$) (BX.KLT.DINV.CD.DT)",1993 (YR1993),"Includes Montenegro. Source: United Nations Conference on Trade and Development, Foreign Direct Investment Online database."
FootNote,Serbia (SRB),"Foreign direct investment, net inflows in reporting economy (DRS, current US$) (BX.KLT.DINV.CD.DT)",1996 (YR1996),"Includes Montenegro. Source: United Nations Conference on Trade and Development, Foreign Direct Investment Online database."
FootNote,Serbia (SRB),"Foreign direct investment, net inflows in reporting economy (DRS, current US$) (BX.KLT.DINV.CD.DT)",1999 (YR1999),"Includes Montenegro. Source: United Nations Conference on Trade and Development, Foreign Direct Investment Online database."
FootNote,Serbia (SRB),"Foreign direct investment, net inflows in reporting economy (DRS, current US$) (BX.KLT.DINV.CD.DT)",1994 (YR1994),"Includes Montenegro. Source: United Nations Conference on Trade and Development, Foreign Direct Investment Online database."
FootNote,Serbia (SRB),"Foreign direct investment, net inflows in reporting economy (DRS, current US$) (BX.KLT.DINV.CD.DT)",1998 (YR1998),"Includes Montenegro. Source: United Nations Conference on Trade and Development, Foreign Direct Investment Online database."
FootNote,Serbia (SRB),"Foreign direct investment, net inflows in reporting economy (DRS, current US$) (BX.KLT.DINV.CD.DT)",1995 (YR1995),"Includes Montenegro. Source: United Nations Conference on Trade and Development, Foreign Direct Investment Online database."
FootNote,Serbia (SRB),"Foreign direct investment, net inflows in reporting economy (DRS, current US$) (BX.KLT.DINV.CD.DT)",1992 (YR1992),"Includes Montenegro. Source: United Nations Conference on Trade and Development, Foreign Direct Investment Online database."
FootNote,Serbia (SRB),"Foreign direct investment, net inflows in reporting economy (DRS, current US$) (BX.KLT.DINV.CD.DT)",1997 (YR1997),"Includes Montenegro. Source: United Nations Conference on Trade and Development, Foreign Direct Investment Online database."
FootNote,Serbia (SRB),"Population, total (SP.POP.TOTL)",1987 (YR1987),Data on Kosovo are excluded.
FootNote,Serbia (SRB),"Population, total (SP.POP.TOTL)",1988 (YR1988),Data on Kosovo are excluded.
FootNote,Serbia (SRB),"Population, total (SP.POP.TOTL)",1985 (YR1985),Data on Kosovo are excluded.
FootNote,Serbia (SRB),"Population, total (SP.POP.TOTL)",1989 (YR1989),Data on Kosovo are excluded.
FootNote,Serbia (SRB),"Population, total (SP.POP.TOTL)",1986 (YR1986),Data on Kosovo are excluded.
FootNote,Serbia (SRB),"Population, total (SP.POP.TOTL)",1979 (YR1979),Data on Kosovo are excluded.
FootNote,Serbia (SRB),"Population, total (SP.POP.TOTL)",1976 (YR1976),Data on Kosovo are excluded.
FootNote,Serbia (SRB),"Population, total (SP.POP.TOTL)",1973 (YR1973),Data on Kosovo are excluded.
FootNote,Serbia (SRB),"Population, total (SP.POP.TOTL)",1982 (YR1982),Data on Kosovo are excluded.
FootNote,Serbia (SRB),"Population, total (SP.POP.TOTL)",1975 (YR1975),Data on Kosovo are excluded.
FootNote,Serbia (SRB),"Population, total (SP.POP.TOTL)",1972 (YR1972),Data on Kosovo are excluded.
FootNote,Serbia (SRB),"Population, total (SP.POP.TOTL)",1983 (YR1983),Data on Kosovo are excluded.
FootNote,Serbia (SRB),"Population, total (SP.POP.TOTL)",1981 (YR1981),Data on Kosovo are excluded.
FootNote,Serbia (SRB),"Population, total (SP.POP.TOTL)",1984 (YR1984),Data on Kosovo are excluded.
FootNote,Serbia (SRB),"Population, total (SP.POP.TOTL)",1970 (YR1970),Data on Kosovo are excluded.
FootNote,Serbia (SRB),"Population, total (SP.POP.TOTL)",1978 (YR1978),Data on Kosovo are excluded.
FootNote,Serbia (SRB),"Population, total (SP.POP.TOTL)",1971 (YR1971),Data on Kosovo are excluded.
FootNote,Serbia (SRB),"Population, total (SP.POP.TOTL)",1980 (YR1980),Data on Kosovo are excluded.
FootNote,Serbia (SRB),"Population, total (SP.POP.TOTL)",1977 (YR1977),Data on Kosovo are excluded.
FootNote,Serbia (SRB),"Population, total (SP.POP.TOTL)",1974 (YR1974),Data on Kosovo are excluded.
FootNote,Sierra Leone (SLE),"Imports of goods, services and primary income (current US$) (BM.GSR.TOTL.CD)",2024 (YR2024),"Data are prepared by World Bank staff based on IMF's Balance of Payments statistics and data releases from central banks, national statistical agencies, and World Bank country desks."
FootNote,Sierra Leone (SLE),"Exports of goods, services and primary income (current US$) (BX.GSR.TOTL.CD)",2024 (YR2024),"Data are prepared by World Bank staff based on IMF's Balance of Payments statistics and data releases from central banks, national statistical agencies, and World Bank country desks."
FootNote,Sierra Leone (SLE),Current account balance (current US$) (BN.CAB.XOKA.CD),2024 (YR2024),Gap-filled with countries' balance of payments statistics.
FootNote,Sierra Leone (SLE),"Personal transfers and compensation of employees, received (current US$) (BX.TRF.PWKR.CD.DT)",2024 (YR2024),"Data on Personal Transfers and Compensation of Employees are prepared by World Bank staff based on IMF's Balance of Payments statistics and data releases from central banks, national statistical agencies, and World Bank country desks."
FootNote,Sierra Leone (SLE),"Foreign direct investment, net inflows in reporting economy (DRS, current US$) (BX.KLT.DINV.CD.DT)",2024 (YR2024),"Source: United Nations Conference on Trade and Development, Foreign Direct Investment Online database."
FootNote,Sierra Leone (SLE),"External debt stocks, total (DOD, current US$) (DT.DOD.DECT.CD)",2007 (YR2007),Data include the effects of MDRI and HIPC debt relief and Paris Club debt restructuring agreement.
FootNote,Sierra Leone (SLE),Debt forgiveness or reduction (current US$) (DT.DFR.DPPG.CD),2007 (YR2007),Data include the effects of MDRI and HIPC debt relief.
FootNote,Sierra Leone (SLE),Present value of external debt (% of GNI) (DT.DOD.PVLX.GN.ZS),2009 (YR2009),Data are from debt sustainability analyses for low-income countries. Present value estimates for these countries are for public and publicly guaranteed debt only.
FootNote,Sierra Leone (SLE),"Present value of external debt (% of exports of goods, services and income) (DT.DOD.PVLX.EX.ZS)",2009 (YR2009),Data are from debt sustainability analyses for low-income countries. Present value estimates for these countries are for public and publicly guaranteed debt only.
FootNote,Sierra Leone (SLE),"Foreign direct investment, net inflows in reporting economy (DRS, current US$) (BX.KLT.DINV.CD.DT)",1971 (YR1971),"Source: United Nations Conference on Trade and Development, Foreign Direct Investment Online database."
FootNote,Sierra Leone (SLE),"Foreign direct investment, net inflows in reporting economy (DRS, current US$) (BX.KLT.DINV.CD.DT)",1972 (YR1972),"Source: United Nations Conference on Trade and Development, Foreign Direct Investment Online database."
FootNote,Sierra Leone (SLE),"Foreign direct investment, net inflows in reporting economy (DRS, current US$) (BX.KLT.DINV.CD.DT)",1976 (YR1976),"Source: United Nations Conference on Trade and Development, Foreign Direct Investment Online database."
FootNote,Sierra Leone (SLE),"Foreign direct investment, net inflows in reporting economy (DRS, current US$) (BX.KLT.DINV.CD.DT)",1974 (YR1974),"Source: United Nations Conference on Trade and Development, Foreign Direct Investment Online database."
FootNote,Sierra Leone (SLE),"Foreign direct investment, net inflows in reporting economy (DRS, current US$) (BX.KLT.DINV.CD.DT)",1973 (YR1973),"Source: United Nations Conference on Trade and Development, Foreign Direct Investment Online database."
FootNote,Sierra Leone (SLE),"Foreign direct investment, net inflows in reporting economy (DRS, current US$) (BX.KLT.DINV.CD.DT)",1970 (YR1970),"Source: United Nations Conference on Trade and Development, Foreign Direct Investment Online database."
FootNote,Sierra Leone (SLE),"Foreign direct investment, net inflows in reporting economy (DRS, current US$) (BX.KLT.DINV.CD.DT)",1975 (YR1975),"Source: United Nations Conference on Trade and Development, Foreign Direct Investment Online database."
FootNote,Solomon Islands (SLB),"Foreign direct investment, net inflows in reporting economy (DRS, current US$) (BX.KLT.DINV.CD.DT)",1972 (YR1972),"Source: United Nations Conference on Trade and Development, Foreign Direct Investment Online database."
FootNote,Solomon Islands (SLB),"Foreign direct investment, net inflows in reporting economy (DRS, current US$) (BX.KLT.DINV.CD.DT)",1971 (YR1971),"Source: United Nations Conference on Trade and Development, Foreign Direct Investment Online database."
FootNote,Solomon Islands (SLB),"Foreign direct investment, net inflows in reporting economy (DRS, current US$) (BX.KLT.DINV.CD.DT)",1974 (YR1974),"Source: United Nations Conference on Trade and Development, Foreign Direct Investment Online database."
FootNote,Solomon Islands (SLB),"Foreign direct investment, net inflows in reporting economy (DRS, current US$) (BX.KLT.DINV.CD.DT)",1973 (YR1973),"Source: United Nations Conference on Trade and Development, Foreign Direct Investment Online database."
FootNote,"Somalia, Fed. Rep. (SOM)","Foreign direct investment, net inflows in reporting economy (DRS, current US$) (BX.KLT.DINV.CD.DT)",2019 (YR2019),"Source: United Nations Conference on Trade and Development, Foreign Direct Investment Online database."
FootNote,"Somalia, Fed. Rep. (SOM)","Foreign direct investment, net inflows in reporting economy (DRS, current US$) (BX.KLT.DINV.CD.DT)",2023 (YR2023),"Source: United Nations Conference on Trade and Development, Foreign Direct Investment Online database."
FootNote,"Somalia, Fed. Rep. (SOM)","Foreign direct investment, net inflows in reporting economy (DRS, current US$) (BX.KLT.DINV.CD.DT)",2018 (YR2018),"Source: United Nations Conference on Trade and Development, Foreign Direct Investment Online database."
FootNote,"Somalia, Fed. Rep. (SOM)","Foreign direct investment, net inflows in reporting economy (DRS, current US$) (BX.KLT.DINV.CD.DT)",2017 (YR2017),"Source: United Nations Conference on Trade and Development, Foreign Direct Investment Online database."
FootNote,"Somalia, Fed. Rep. (SOM)","Foreign direct investment, net inflows in reporting economy (DRS, current US$) (BX.KLT.DINV.CD.DT)",2024 (YR2024),"Source: United Nations Conference on Trade and Development, Foreign Direct Investment Online database."
FootNote,"Somalia, Fed. Rep. (SOM)","Foreign direct investment, net inflows in reporting economy (DRS, current US$) (BX.KLT.DINV.CD.DT)",2020 (YR2020),"Source: United Nations Conference on Trade and Development, Foreign Direct Investment Online database."
FootNote,"Somalia, Fed. Rep. (SOM)","Foreign direct investment, net inflows in reporting economy (DRS, current US$) (BX.KLT.DINV.CD.DT)",2022 (YR2022),"Source: United Nations Conference on Trade and Development, Foreign Direct Investment Online database."
FootNote,"Somalia, Fed. Rep. (SOM)","Foreign direct investment, net inflows in reporting economy (DRS, current US$) (BX.KLT.DINV.CD.DT)",2021 (YR2021),"Source: United Nations Conference on Trade and Development, Foreign Direct Investment Online database."
FootNote,"Somalia, Fed. Rep. (SOM)","Personal transfers and compensation of employees, received (current US$) (BX.TRF.PWKR.CD.DT)",2024 (YR2024),"Data on Personal Transfers and Compensation of Employees are prepared by World Bank staff based on IMF's Balance of Payments statistics and data releases from central banks, national statistical agencies, and World Bank country desks."
FootNote,"Somalia, Fed. Rep. (SOM)","Imports of goods, services and primary income (current US$) (BM.GSR.TOTL.CD)",2022 (YR2022),Gap-filled with countries' balance of payments statistics.
FootNote,"Somalia, Fed. Rep. (SOM)","Imports of goods, services and primary income (current US$) (BM.GSR.TOTL.CD)",2018 (YR2018),Gap-filled with countries' balance of payments statistics.
FootNote,"Somalia, Fed. Rep. (SOM)","Personal transfers and compensation of employees, received (current US$) (BX.TRF.PWKR.CD.DT)",2022 (YR2022),Gap-filled with countries' balance of payments statistics.
FootNote,"Somalia, Fed. Rep. (SOM)","Personal transfers and compensation of employees, received (current US$) (BX.TRF.PWKR.CD.DT)",2017 (YR2017),Gap-filled with countries' balance of payments statistics.
FootNote,"Somalia, Fed. Rep. (SOM)","Personal transfers and compensation of employees, received (current US$) (BX.TRF.PWKR.CD.DT)",2019 (YR2019),Gap-filled with countries' balance of payments statistics.
FootNote,"Somalia, Fed. Rep. (SOM)","Personal transfers and compensation of employees, received (current US$) (BX.TRF.PWKR.CD.DT)",2021 (YR2021),Gap-filled with countries' balance of payments statistics.
FootNote,"Somalia, Fed. Rep. (SOM)","Personal transfers and compensation of employees, received (current US$) (BX.TRF.PWKR.CD.DT)",2018 (YR2018),Gap-filled with countries' balance of payments statistics.
FootNote,"Somalia, Fed. Rep. (SOM)","Personal transfers and compensation of employees, received (current US$) (BX.TRF.PWKR.CD.DT)",2020 (YR2020),Gap-filled with countries' balance of payments statistics.
FootNote,"Somalia, Fed. Rep. (SOM)","Personal transfers and compensation of employees, received (current US$) (BX.TRF.PWKR.CD.DT)",2023 (YR2023),"Source: United Nations Conference on Trade and Development, Balance of Payments Online database."
FootNote,"Somalia, Fed. Rep. (SOM)",Current account balance (current US$) (BN.CAB.XOKA.CD),2017 (YR2017),Gap-filled with countries' balance of payments statistics.
FootNote,"Somalia, Fed. Rep. (SOM)",Current account balance (current US$) (BN.CAB.XOKA.CD),2023 (YR2023),Gap-filled with countries' balance of payments statistics.
FootNote,"Somalia, Fed. Rep. (SOM)",Current account balance (current US$) (BN.CAB.XOKA.CD),2021 (YR2021),Gap-filled with countries' balance of payments statistics.
FootNote,"Somalia, Fed. Rep. (SOM)",Current account balance (current US$) (BN.CAB.XOKA.CD),2020 (YR2020),Gap-filled with countries' balance of payments statistics.
FootNote,"Somalia, Fed. Rep. (SOM)",Current account balance (current US$) (BN.CAB.XOKA.CD),2019 (YR2019),Gap-filled with countries' balance of payments statistics.
FootNote,"Somalia, Fed. Rep. (SOM)",Current account balance (current US$) (BN.CAB.XOKA.CD),2022 (YR2022),Gap-filled with countries' balance of payments statistics.
FootNote,"Somalia, Fed. Rep. (SOM)",Current account balance (current US$) (BN.CAB.XOKA.CD),2018 (YR2018),Gap-filled with countries' balance of payments statistics.
FootNote,"Somalia, Fed. Rep. (SOM)",Current account balance (current US$) (BN.CAB.XOKA.CD),2024 (YR2024),Gap-filled with countries' balance of payments statistics.
FootNote,"Somalia, Fed. Rep. (SOM)","Exports of goods, services and primary income (current US$) (BX.GSR.TOTL.CD)",2019 (YR2019),Gap-filled with countries' balance of payments statistics.
FootNote,"Somalia, Fed. Rep. (SOM)","Exports of goods, services and primary income (current US$) (BX.GSR.TOTL.CD)",2017 (YR2017),Gap-filled with countries' balance of payments statistics.
FootNote,"Somalia, Fed. Rep. (SOM)","Exports of goods, services and primary income (current US$) (BX.GSR.TOTL.CD)",2023 (YR2023),"Data are prepared by World Bank staff based on IMF's Balance of Payments statistics and data releases from central banks, national statistical agencies, and World Bank country desks."
FootNote,"Somalia, Fed. Rep. (SOM)","Exports of goods, services and primary income (current US$) (BX.GSR.TOTL.CD)",2024 (YR2024),"Data are prepared by World Bank staff based on IMF's Balance of Payments statistics and data releases from central banks, national statistical agencies, and World Bank country desks."
FootNote,"Somalia, Fed. Rep. (SOM)","Exports of goods, services and primary income (current US$) (BX.GSR.TOTL.CD)",2018 (YR2018),Gap-filled with countries' balance of payments statistics.
FootNote,"Somalia, Fed. Rep. (SOM)","Exports of goods, services and primary income (current US$) (BX.GSR.TOTL.CD)",2022 (YR2022),Gap-filled with countries' balance of payments statistics.
FootNote,"Somalia, Fed. Rep. (SOM)","Exports of goods, services and primary income (current US$) (BX.GSR.TOTL.CD)",2021 (YR2021),Gap-filled with countries' balance of payments statistics.
FootNote,"Somalia, Fed. Rep. (SOM)","Imports of goods, services and primary income (current US$) (BM.GSR.TOTL.CD)",2017 (YR2017),Gap-filled with countries' balance of payments statistics.
FootNote,"Somalia, Fed. Rep. (SOM)","Imports of goods, services and primary income (current US$) (BM.GSR.TOTL.CD)",2020 (YR2020),Gap-filled with countries' balance of payments statistics.
FootNote,"Somalia, Fed. Rep. (SOM)","Imports of goods, services and primary income (current US$) (BM.GSR.TOTL.CD)",2019 (YR2019),Gap-filled with countries' balance of payments statistics.
FootNote,"Somalia, Fed. Rep. (SOM)","Imports of goods, services and primary income (current US$) (BM.GSR.TOTL.CD)",2021 (YR2021),Gap-filled with countries' balance of payments statistics.
FootNote,"Somalia, Fed. Rep. (SOM)","Exports of goods, services and primary income (current US$) (BX.GSR.TOTL.CD)",2020 (YR2020),Gap-filled with countries' balance of payments statistics.
FootNote,"Somalia, Fed. Rep. (SOM)","Imports of goods, services and primary income (current US$) (BM.GSR.TOTL.CD)",2023 (YR2023),"Data are prepared by World Bank staff based on IMF's Balance of Payments statistics and data releases from central banks, national statistical agencies, and World Bank country desks."
FootNote,"Somalia, Fed. Rep. (SOM)","Imports of goods, services and primary income (current US$) (BM.GSR.TOTL.CD)",2024 (YR2024),"Data are prepared by World Bank staff based on IMF's Balance of Payments statistics and data releases from central banks, national statistical agencies, and World Bank country desks."
FootNote,"Somalia, Fed. Rep. (SOM)","Present value of external debt (% of exports of goods, services and income) (DT.DOD.PVLX.EX.ZS)",2009 (YR2009),Data are from debt sustainability analyses for low-income countries. Present value estimates for these countries are for public and publicly guaranteed debt only.
FootNote,"Somalia, Fed. Rep. (SOM)",Present value of external debt (% of GNI) (DT.DOD.PVLX.GN.ZS),2009 (YR2009),Data are from debt sustainability analyses for low-income countries. Present value estimates for these countries are for public and publicly guaranteed debt only.
FootNote,"Somalia, Fed. Rep. (SOM)",Current account balance (current US$) (BN.CAB.XOKA.CD),2016 (YR2016),Gap-filled with countries' balance of payments statistics.
FootNote,"Somalia, Fed. Rep. (SOM)",Current account balance (current US$) (BN.CAB.XOKA.CD),2015 (YR2015),Gap-filled with countries' balance of payments statistics.
FootNote,"Somalia, Fed. Rep. (SOM)",Current account balance (current US$) (BN.CAB.XOKA.CD),2013 (YR2013),Gap-filled with countries' balance of payments statistics.
FootNote,"Somalia, Fed. Rep. (SOM)",Current account balance (current US$) (BN.CAB.XOKA.CD),2014 (YR2014),Gap-filled with countries' balance of payments statistics.
FootNote,"Somalia, Fed. Rep. (SOM)","Exports of goods, services and primary income (current US$) (BX.GSR.TOTL.CD)",2015 (YR2015),Gap-filled with countries' balance of payments statistics.
FootNote,"Somalia, Fed. Rep. (SOM)","Exports of goods, services and primary income (current US$) (BX.GSR.TOTL.CD)",2016 (YR2016),Gap-filled with countries' balance of payments statistics.
FootNote,"Somalia, Fed. Rep. (SOM)","Exports of goods, services and primary income (current US$) (BX.GSR.TOTL.CD)",2013 (YR2013),Gap-filled with countries' balance of payments statistics.
FootNote,"Somalia, Fed. Rep. (SOM)","Imports of goods, services and primary income (current US$) (BM.GSR.TOTL.CD)",2013 (YR2013),Gap-filled with countries' balance of payments statistics.
FootNote,"Somalia, Fed. Rep. (SOM)","Imports of goods, services and primary income (current US$) (BM.GSR.TOTL.CD)",2015 (YR2015),Gap-filled with countries' balance of payments statistics.
FootNote,"Somalia, Fed. Rep. (SOM)","Imports of goods, services and primary income (current US$) (BM.GSR.TOTL.CD)",2014 (YR2014),Gap-filled with countries' balance of payments statistics.
FootNote,"Somalia, Fed. Rep. (SOM)","Exports of goods, services and primary income (current US$) (BX.GSR.TOTL.CD)",2014 (YR2014),Gap-filled with countries' balance of payments statistics.
FootNote,"Somalia, Fed. Rep. (SOM)","Imports of goods, services and primary income (current US$) (BM.GSR.TOTL.CD)",2016 (YR2016),Gap-filled with countries' balance of payments statistics.
FootNote,"Somalia, Fed. Rep. (SOM)","Foreign direct investment, net inflows in reporting economy (DRS, current US$) (BX.KLT.DINV.CD.DT)",2002 (YR2002),"Source: United Nations Conference on Trade and Development, Foreign Direct Investment Online database."
FootNote,"Somalia, Fed. Rep. (SOM)","Foreign direct investment, net inflows in reporting economy (DRS, current US$) (BX.KLT.DINV.CD.DT)",2014 (YR2014),"Source: United Nations Conference on Trade and Development, Foreign Direct Investment Online database."
FootNote,"Somalia, Fed. Rep. (SOM)","Foreign direct investment, net inflows in reporting economy (DRS, current US$) (BX.KLT.DINV.CD.DT)",2005 (YR2005),"Source: United Nations Conference on Trade and Development, Foreign Direct Investment Online database."
FootNote,"Somalia, Fed. Rep. (SOM)","Personal transfers and compensation of employees, received (current US$) (BX.TRF.PWKR.CD.DT)",2015 (YR2015),Gap-filled with countries' balance of payments statistics.
FootNote,"Somalia, Fed. Rep. (SOM)","Personal transfers and compensation of employees, received (current US$) (BX.TRF.PWKR.CD.DT)",2013 (YR2013),Gap-filled with countries' balance of payments statistics.
FootNote,"Somalia, Fed. Rep. (SOM)","Personal transfers and compensation of employees, received (current US$) (BX.TRF.PWKR.CD.DT)",2014 (YR2014),Gap-filled with countries' balance of payments statistics.
FootNote,"Somalia, Fed. Rep. (SOM)","Personal transfers and compensation of employees, received (current US$) (BX.TRF.PWKR.CD.DT)",2016 (YR2016),Gap-filled with countries' balance of payments statistics.
FootNote,"Somalia, Fed. Rep. (SOM)","Foreign direct investment, net inflows in reporting economy (DRS, current US$) (BX.KLT.DINV.CD.DT)",2006 (YR2006),"Source: United Nations Conference on Trade and Development, Foreign Direct Investment Online database."
FootNote,"Somalia, Fed. Rep. (SOM)","Foreign direct investment, net inflows in reporting economy (DRS, current US$) (BX.KLT.DINV.CD.DT)",2008 (YR2008),"Source: United Nations Conference on Trade and Development, Foreign Direct Investment Online database."
FootNote,"Somalia, Fed. Rep. (SOM)","Foreign direct investment, net inflows in reporting economy (DRS, current US$) (BX.KLT.DINV.CD.DT)",2001 (YR2001),"Source: United Nations Conference on Trade and Development, Foreign Direct Investment Online database."
FootNote,"Somalia, Fed. Rep. (SOM)","Foreign direct investment, net inflows in reporting economy (DRS, current US$) (BX.KLT.DINV.CD.DT)",2013 (YR2013),"Source: United Nations Conference on Trade and Development, Foreign Direct Investment Online database."
FootNote,"Somalia, Fed. Rep. (SOM)","Foreign direct investment, net inflows in reporting economy (DRS, current US$) (BX.KLT.DINV.CD.DT)",2004 (YR2004),"Source: United Nations Conference on Trade and Development, Foreign Direct Investment Online database."
FootNote,"Somalia, Fed. Rep. (SOM)","Foreign direct investment, net inflows in reporting economy (DRS, current US$) (BX.KLT.DINV.CD.DT)",2015 (YR2015),"Source: United Nations Conference on Trade and Development, Foreign Direct Investment Online database."
FootNote,"Somalia, Fed. Rep. (SOM)","Foreign direct investment, net inflows in reporting economy (DRS, current US$) (BX.KLT.DINV.CD.DT)",2007 (YR2007),"Source: United Nations Conference on Trade and Development, Foreign Direct Investment Online database."
FootNote,"Somalia, Fed. Rep. (SOM)","Foreign direct investment, net inflows in reporting economy (DRS, current US$) (BX.KLT.DINV.CD.DT)",2003 (YR2003),"Source: United Nations Conference on Trade and Development, Foreign Direct Investment Online database."
FootNote,"Somalia, Fed. Rep. (SOM)","Foreign direct investment, net inflows in reporting economy (DRS, current US$) (BX.KLT.DINV.CD.DT)",2011 (YR2011),"Source: United Nations Conference on Trade and Development, Foreign Direct Investment Online database."
FootNote,"Somalia, Fed. Rep. (SOM)","Foreign direct investment, net inflows in reporting economy (DRS, current US$) (BX.KLT.DINV.CD.DT)",2009 (YR2009),"Source: United Nations Conference on Trade and Development, Foreign Direct Investment Online database."
FootNote,"Somalia, Fed. Rep. (SOM)","Foreign direct investment, net inflows in reporting economy (DRS, current US$) (BX.KLT.DINV.CD.DT)",2010 (YR2010),"Source: United Nations Conference on Trade and Development, Foreign Direct Investment Online database."
FootNote,"Somalia, Fed. Rep. (SOM)","Foreign direct investment, net inflows in reporting economy (DRS, current US$) (BX.KLT.DINV.CD.DT)",2012 (YR2012),"Source: United Nations Conference on Trade and Development, Foreign Direct Investment Online database."
FootNote,"Somalia, Fed. Rep. (SOM)","Foreign direct investment, net inflows in reporting economy (DRS, current US$) (BX.KLT.DINV.CD.DT)",2016 (YR2016),"Source: United Nations Conference on Trade and Development, Foreign Direct Investment Online database."
FootNote,"Somalia, Fed. Rep. (SOM)","Foreign direct investment, net inflows in reporting economy (DRS, current US$) (BX.KLT.DINV.CD.DT)",1991 (YR1991),"Source: United Nations Conference on Trade and Development, Foreign Direct Investment Online database."
FootNote,"Somalia, Fed. Rep. (SOM)","Foreign direct investment, net inflows in reporting economy (DRS, current US$) (BX.KLT.DINV.CD.DT)",1992 (YR1992),"Source: United Nations Conference on Trade and Development, Foreign Direct Investment Online database."
FootNote,"Somalia, Fed. Rep. (SOM)","Foreign direct investment, net inflows in reporting economy (DRS, current US$) (BX.KLT.DINV.CD.DT)",1990 (YR1990),"Source: United Nations Conference on Trade and Development, Foreign Direct Investment Online database."
FootNote,"Somalia, Fed. Rep. (SOM)","Foreign direct investment, net inflows in reporting economy (DRS, current US$) (BX.KLT.DINV.CD.DT)",1997 (YR1997),"Source: United Nations Conference on Trade and Development, Foreign Direct Investment Online database."
FootNote,"Somalia, Fed. Rep. (SOM)","Foreign direct investment, net inflows in reporting economy (DRS, current US$) (BX.KLT.DINV.CD.DT)",1998 (YR1998),"Source: United Nations Conference on Trade and Development, Foreign Direct Investment Online database."
FootNote,"Somalia, Fed. Rep. (SOM)","Foreign direct investment, net inflows in reporting economy (DRS, current US$) (BX.KLT.DINV.CD.DT)",1989 (YR1989),"Source: United Nations Conference on Trade and Development, Foreign Direct Investment Online database."
FootNote,"Somalia, Fed. Rep. (SOM)","Foreign direct investment, net inflows in reporting economy (DRS, current US$) (BX.KLT.DINV.CD.DT)",1988 (YR1988),"Source: United Nations Conference on Trade and Development, Foreign Direct Investment Online database."
FootNote,"Somalia, Fed. Rep. (SOM)","Foreign direct investment, net inflows in reporting economy (DRS, current US$) (BX.KLT.DINV.CD.DT)",1987 (YR1987),"Source: United Nations Conference on Trade and Development, Foreign Direct Investment Online database."
FootNote,"Somalia, Fed. Rep. (SOM)","Foreign direct investment, net inflows in reporting economy (DRS, current US$) (BX.KLT.DINV.CD.DT)",1986 (YR1986),"Source: United Nations Conference on Trade and Development, Foreign Direct Investment Online database."
FootNote,"Somalia, Fed. Rep. (SOM)","Foreign direct investment, net inflows in reporting economy (DRS, current US$) (BX.KLT.DINV.CD.DT)",2000 (YR2000),"Source: United Nations Conference on Trade and Development, Foreign Direct Investment Online database."
FootNote,"Somalia, Fed. Rep. (SOM)","Foreign direct investment, net inflows in reporting economy (DRS, current US$) (BX.KLT.DINV.CD.DT)",1999 (YR1999),"Source: United Nations Conference on Trade and Development, Foreign Direct Investment Online database."
FootNote,"Somalia, Fed. Rep. (SOM)","Foreign direct investment, net inflows in reporting economy (DRS, current US$) (BX.KLT.DINV.CD.DT)",1995 (YR1995),"Source: United Nations Conference on Trade and Development, Foreign Direct Investment Online database."
FootNote,"Somalia, Fed. Rep. (SOM)","Foreign direct investment, net inflows in reporting economy (DRS, current US$) (BX.KLT.DINV.CD.DT)",1996 (YR1996),"Source: United Nations Conference on Trade and Development, Foreign Direct Investment Online database."
FootNote,"Somalia, Fed. Rep. (SOM)","Foreign direct investment, net inflows in reporting economy (DRS, current US$) (BX.KLT.DINV.CD.DT)",1993 (YR1993),"Source: United Nations Conference on Trade and Development, Foreign Direct Investment Online database."
FootNote,"Somalia, Fed. Rep. (SOM)","Foreign direct investment, net inflows in reporting economy (DRS, current US$) (BX.KLT.DINV.CD.DT)",1994 (YR1994),"Source: United Nations Conference on Trade and Development, Foreign Direct Investment Online database."
FootNote,"Somalia, Fed. Rep. (SOM)","Foreign direct investment, net inflows in reporting economy (DRS, current US$) (BX.KLT.DINV.CD.DT)",1976 (YR1976),"Source: United Nations Conference on Trade and Development, Foreign Direct Investment Online database."
FootNote,"Somalia, Fed. Rep. (SOM)","Foreign direct investment, net inflows in reporting economy (DRS, current US$) (BX.KLT.DINV.CD.DT)",1979 (YR1979),"Source: United Nations Conference on Trade and Development, Foreign Direct Investment Online database."
FootNote,"Somalia, Fed. Rep. (SOM)","Foreign direct investment, net inflows in reporting economy (DRS, current US$) (BX.KLT.DINV.CD.DT)",1970 (YR1970),"Source: United Nations Conference on Trade and Development, Foreign Direct Investment Online database."
FootNote,"Somalia, Fed. Rep. (SOM)","Foreign direct investment, net inflows in reporting economy (DRS, current US$) (BX.KLT.DINV.CD.DT)",1980 (YR1980),"Source: United Nations Conference on Trade and Development, Foreign Direct Investment Online database."
FootNote,"Somalia, Fed. Rep. (SOM)","Foreign direct investment, net inflows in reporting economy (DRS, current US$) (BX.KLT.DINV.CD.DT)",1973 (YR1973),"Source: United Nations Conference on Trade and Development, Foreign Direct Investment Online database."
FootNote,"Somalia, Fed. Rep. (SOM)","Foreign direct investment, net inflows in reporting economy (DRS, current US$) (BX.KLT.DINV.CD.DT)",1975 (YR1975),"Source: United Nations Conference on Trade and Development, Foreign Direct Investment Online database."
FootNote,"Somalia, Fed. Rep. (SOM)","Foreign direct investment, net inflows in reporting economy (DRS, current US$) (BX.KLT.DINV.CD.DT)",1974 (YR1974),"Source: United Nations Conference on Trade and Development, Foreign Direct Investment Online database."
FootNote,"Somalia, Fed. Rep. (SOM)","Foreign direct investment, net inflows in reporting economy (DRS, current US$) (BX.KLT.DINV.CD.DT)",1981 (YR1981),"Source: United Nations Conference on Trade and Development, Foreign Direct Investment Online database."
FootNote,"Somalia, Fed. Rep. (SOM)","Foreign direct investment, net inflows in reporting economy (DRS, current US$) (BX.KLT.DINV.CD.DT)",1972 (YR1972),"Source: United Nations Conference on Trade and Development, Foreign Direct Investment Online database."
FootNote,"Somalia, Fed. Rep. (SOM)","Foreign direct investment, net inflows in reporting economy (DRS, current US$) (BX.KLT.DINV.CD.DT)",1971 (YR1971),"Source: United Nations Conference on Trade and Development, Foreign Direct Investment Online database."
FootNote,South Africa (ZAF),"Foreign direct investment, net inflows in reporting economy (DRS, current US$) (BX.KLT.DINV.CD.DT)",1984 (YR1984),"Source: United Nations Conference on Trade and Development, Foreign Direct Investment Online database."
FootNote,South Africa (ZAF),"Foreign direct investment, net inflows in reporting economy (DRS, current US$) (BX.KLT.DINV.CD.DT)",1979 (YR1979),"Source: United Nations Conference on Trade and Development, Foreign Direct Investment Online database."
FootNote,South Africa (ZAF),"Foreign direct investment, net inflows in reporting economy (DRS, current US$) (BX.KLT.DINV.CD.DT)",1971 (YR1971),"Source: United Nations Conference on Trade and Development, Foreign Direct Investment Online database."
FootNote,South Africa (ZAF),"Foreign direct investment, net inflows in reporting economy (DRS, current US$) (BX.KLT.DINV.CD.DT)",1977 (YR1977),"Source: United Nations Conference on Trade and Development, Foreign Direct Investment Online database."
FootNote,South Africa (ZAF),"Foreign direct investment, net inflows in reporting economy (DRS, current US$) (BX.KLT.DINV.CD.DT)",1976 (YR1976),"Source: United Nations Conference on Trade and Development, Foreign Direct Investment Online database."
FootNote,South Africa (ZAF),"Foreign direct investment, net inflows in reporting economy (DRS, current US$) (BX.KLT.DINV.CD.DT)",1981 (YR1981),"Source: United Nations Conference on Trade and Development, Foreign Direct Investment Online database."
FootNote,South Africa (ZAF),"Foreign direct investment, net inflows in reporting economy (DRS, current US$) (BX.KLT.DINV.CD.DT)",1982 (YR1982),"Source: United Nations Conference on Trade and Development, Foreign Direct Investment Online database."
FootNote,South Africa (ZAF),"Foreign direct investment, net inflows in reporting economy (DRS, current US$) (BX.KLT.DINV.CD.DT)",1974 (YR1974),"Source: United Nations Conference on Trade and Development, Foreign Direct Investment Online database."
FootNote,South Africa (ZAF),"Foreign direct investment, net inflows in reporting economy (DRS, current US$) (BX.KLT.DINV.CD.DT)",1973 (YR1973),"Source: United Nations Conference on Trade and Development, Foreign Direct Investment Online database."
FootNote,South Africa (ZAF),"Foreign direct investment, net inflows in reporting economy (DRS, current US$) (BX.KLT.DINV.CD.DT)",1970 (YR1970),"Source: United Nations Conference on Trade and Development, Foreign Direct Investment Online database."
FootNote,South Africa (ZAF),"Foreign direct investment, net inflows in reporting economy (DRS, current US$) (BX.KLT.DINV.CD.DT)",1978 (YR1978),"Source: United Nations Conference on Trade and Development, Foreign Direct Investment Online database."
FootNote,South Africa (ZAF),"Foreign direct investment, net inflows in reporting economy (DRS, current US$) (BX.KLT.DINV.CD.DT)",1975 (YR1975),"Source: United Nations Conference on Trade and Development, Foreign Direct Investment Online database."
FootNote,South Africa (ZAF),"Foreign direct investment, net inflows in reporting economy (DRS, current US$) (BX.KLT.DINV.CD.DT)",1972 (YR1972),"Source: United Nations Conference on Trade and Development, Foreign Direct Investment Online database."
FootNote,South Africa (ZAF),"Foreign direct investment, net inflows in reporting economy (DRS, current US$) (BX.KLT.DINV.CD.DT)",1980 (YR1980),"Source: United Nations Conference on Trade and Development, Foreign Direct Investment Online database."
FootNote,South Africa (ZAF),"Foreign direct investment, net inflows in reporting economy (DRS, current US$) (BX.KLT.DINV.CD.DT)",1983 (YR1983),"Source: United Nations Conference on Trade and Development, Foreign Direct Investment Online database."
FootNote,Sri Lanka (LKA),"Personal transfers and compensation of employees, received (current US$) (BX.TRF.PWKR.CD.DT)",2024 (YR2024),Gap-filled with countries' balance of payments statistics.
FootNote,Sri Lanka (LKA),Primary income on FDI (current US$) (BX.KLT.DREM.CD.DT),2024 (YR2024),Gap-filled with countries' balance of payments statistics.
FootNote,Sri Lanka (LKA),Current account balance (current US$) (BN.CAB.XOKA.CD),2024 (YR2024),Gap-filled with countries' balance of payments statistics.
FootNote,Sri Lanka (LKA),"Population, total (SP.POP.TOTL)",2018 (YR2018),Preliminary.
FootNote,Sri Lanka (LKA),"Population, total (SP.POP.TOTL)",2017 (YR2017),Preliminary.
FootNote,Sri Lanka (LKA),"Population, total (SP.POP.TOTL)",2019 (YR2019),Preliminary.
FootNote,Sri Lanka (LKA),"Exports of goods, services and primary income (current US$) (BX.GSR.TOTL.CD)",2024 (YR2024),Gap-filled with countries' balance of payments statistics.
FootNote,Sri Lanka (LKA),"Imports of goods, services and primary income (current US$) (BM.GSR.TOTL.CD)",2024 (YR2024),Gap-filled with countries' balance of payments statistics.
FootNote,Sri Lanka (LKA),"Foreign direct investment, net inflows in reporting economy (DRS, current US$) (BX.KLT.DINV.CD.DT)",2024 (YR2024),"Source: United Nations Conference on Trade and Development, Foreign Direct Investment Online database."
FootNote,Sri Lanka (LKA),"Population, total (SP.POP.TOTL)",2016 (YR2016),Preliminary.
FootNote,Sri Lanka (LKA),"Foreign direct investment, net inflows in reporting economy (DRS, current US$) (BX.KLT.DINV.CD.DT)",1974 (YR1974),"Source: United Nations Conference on Trade and Development, Foreign Direct Investment Online database."
FootNote,Sri Lanka (LKA),"Foreign direct investment, net inflows in reporting economy (DRS, current US$) (BX.KLT.DINV.CD.DT)",1970 (YR1970),"Source: United Nations Conference on Trade and Development, Foreign Direct Investment Online database."
FootNote,Sri Lanka (LKA),"Foreign direct investment, net inflows in reporting economy (DRS, current US$) (BX.KLT.DINV.CD.DT)",1973 (YR1973),"Source: United Nations Conference on Trade and Development, Foreign Direct Investment Online database."
FootNote,Sri Lanka (LKA),"Foreign direct investment, net inflows in reporting economy (DRS, current US$) (BX.KLT.DINV.CD.DT)",1976 (YR1976),"Source: United Nations Conference on Trade and Development, Foreign Direct Investment Online database."
FootNote,Sri Lanka (LKA),"Foreign direct investment, net inflows in reporting economy (DRS, current US$) (BX.KLT.DINV.CD.DT)",1972 (YR1972),"Source: United Nations Conference on Trade and Development, Foreign Direct Investment Online database."
FootNote,Sri Lanka (LKA),"Foreign direct investment, net inflows in reporting economy (DRS, current US$) (BX.KLT.DINV.CD.DT)",1971 (YR1971),"Source: United Nations Conference on Trade and Development, Foreign Direct Investment Online database."
FootNote,Sudan (SDN),Current account balance (current US$) (BN.CAB.XOKA.CD),2024 (YR2024),Gap-filled with countries' balance of payments statistics.
FootNote,Sudan (SDN),Current account balance (current US$) (BN.CAB.XOKA.CD),2023 (YR2023),Gap-filled with countries' balance of payments statistics.
FootNote,Sudan (SDN),"Personal transfers and compensation of employees, received (current US$) (BX.TRF.PWKR.CD.DT)",2023 (YR2023),"Source: United Nations Conference on Trade and Development, Balance of Payments Online database."
FootNote,Sudan (SDN),"Personal transfers and compensation of employees, received (current US$) (BX.TRF.PWKR.CD.DT)",2024 (YR2024),"Data on Personal Transfers and Compensation of Employees are prepared by World Bank staff based on IMF's Balance of Payments statistics and data releases from central banks, national statistical agencies, and World Bank country desks."
FootNote,Sudan (SDN),"Foreign direct investment, net inflows in reporting economy (DRS, current US$) (BX.KLT.DINV.CD.DT)",2023 (YR2023),"Source: United Nations Conference on Trade and Development, Foreign Direct Investment Online database."
FootNote,Sudan (SDN),"Foreign direct investment, net inflows in reporting economy (DRS, current US$) (BX.KLT.DINV.CD.DT)",2024 (YR2024),"Source: United Nations Conference on Trade and Development, Foreign Direct Investment Online database."
FootNote,Sudan (SDN),GNI (current US$) (NY.GNP.MKTP.CD),2011 (YR2011),"Excludes South Sudan after July 9, 2011."
FootNote,Sudan (SDN),"Present value of external debt (% of exports of goods, services and income) (DT.DOD.PVLX.EX.ZS)",2009 (YR2009),Data are from debt sustainability analyses for low-income countries. Present value estimates for these countries are for public and publicly guaranteed debt only.
FootNote,Sudan (SDN),Present value of external debt (% of GNI) (DT.DOD.PVLX.GN.ZS),2009 (YR2009),Data are from debt sustainability analyses for low-income countries. Present value estimates for these countries are for public and publicly guaranteed debt only.
FootNote,Sudan (SDN),"Foreign direct investment, net inflows in reporting economy (DRS, current US$) (BX.KLT.DINV.CD.DT)",1991 (YR1991),"Source: United Nations Conference on Trade and Development, Foreign Direct Investment Online database."
FootNote,Sudan (SDN),"Foreign direct investment, net inflows in reporting economy (DRS, current US$) (BX.KLT.DINV.CD.DT)",1994 (YR1994),"Source: United Nations Conference on Trade and Development, Foreign Direct Investment Online database."
FootNote,Sudan (SDN),"Foreign direct investment, net inflows in reporting economy (DRS, current US$) (BX.KLT.DINV.CD.DT)",1992 (YR1992),"Source: United Nations Conference on Trade and Development, Foreign Direct Investment Online database."
FootNote,Sudan (SDN),"Foreign direct investment, net inflows in reporting economy (DRS, current US$) (BX.KLT.DINV.CD.DT)",1987 (YR1987),"Source: United Nations Conference on Trade and Development, Foreign Direct Investment Online database."
FootNote,Sudan (SDN),"Foreign direct investment, net inflows in reporting economy (DRS, current US$) (BX.KLT.DINV.CD.DT)",1995 (YR1995),"Source: United Nations Conference on Trade and Development, Foreign Direct Investment Online database."
FootNote,Sudan (SDN),"Foreign direct investment, net inflows in reporting economy (DRS, current US$) (BX.KLT.DINV.CD.DT)",1990 (YR1990),"Source: United Nations Conference on Trade and Development, Foreign Direct Investment Online database."
FootNote,Sudan (SDN),"Foreign direct investment, net inflows in reporting economy (DRS, current US$) (BX.KLT.DINV.CD.DT)",1993 (YR1993),"Source: United Nations Conference on Trade and Development, Foreign Direct Investment Online database."
FootNote,Sudan (SDN),"Foreign direct investment, net inflows in reporting economy (DRS, current US$) (BX.KLT.DINV.CD.DT)",1988 (YR1988),"Source: United Nations Conference on Trade and Development, Foreign Direct Investment Online database."
FootNote,Sudan (SDN),"Foreign direct investment, net inflows in reporting economy (DRS, current US$) (BX.KLT.DINV.CD.DT)",1986 (YR1986),"Source: United Nations Conference on Trade and Development, Foreign Direct Investment Online database."
FootNote,Sudan (SDN),"Foreign direct investment, net inflows in reporting economy (DRS, current US$) (BX.KLT.DINV.CD.DT)",1976 (YR1976),"Source: United Nations Conference on Trade and Development, Foreign Direct Investment Online database."
FootNote,Sudan (SDN),"Foreign direct investment, net inflows in reporting economy (DRS, current US$) (BX.KLT.DINV.CD.DT)",1973 (YR1973),"Source: United Nations Conference on Trade and Development, Foreign Direct Investment Online database."
FootNote,Sudan (SDN),"Foreign direct investment, net inflows in reporting economy (DRS, current US$) (BX.KLT.DINV.CD.DT)",1970 (YR1970),"Source: United Nations Conference on Trade and Development, Foreign Direct Investment Online database."
FootNote,Sudan (SDN),"Foreign direct investment, net inflows in reporting economy (DRS, current US$) (BX.KLT.DINV.CD.DT)",1979 (YR1979),"Source: United Nations Conference on Trade and Development, Foreign Direct Investment Online database."
FootNote,Sudan (SDN),"Foreign direct investment, net inflows in reporting economy (DRS, current US$) (BX.KLT.DINV.CD.DT)",1980 (YR1980),"Source: United Nations Conference on Trade and Development, Foreign Direct Investment Online database."
FootNote,Sudan (SDN),"Foreign direct investment, net inflows in reporting economy (DRS, current US$) (BX.KLT.DINV.CD.DT)",1983 (YR1983),"Source: United Nations Conference on Trade and Development, Foreign Direct Investment Online database."
FootNote,Sudan (SDN),"Foreign direct investment, net inflows in reporting economy (DRS, current US$) (BX.KLT.DINV.CD.DT)",1981 (YR1981),"Source: United Nations Conference on Trade and Development, Foreign Direct Investment Online database."
FootNote,Sudan (SDN),"Foreign direct investment, net inflows in reporting economy (DRS, current US$) (BX.KLT.DINV.CD.DT)",1982 (YR1982),"Source: United Nations Conference on Trade and Development, Foreign Direct Investment Online database."
FootNote,Sudan (SDN),"Foreign direct investment, net inflows in reporting economy (DRS, current US$) (BX.KLT.DINV.CD.DT)",1977 (YR1977),"Source: United Nations Conference on Trade and Development, Foreign Direct Investment Online database."
FootNote,Sudan (SDN),"Foreign direct investment, net inflows in reporting economy (DRS, current US$) (BX.KLT.DINV.CD.DT)",1974 (YR1974),"Source: United Nations Conference on Trade and Development, Foreign Direct Investment Online database."
FootNote,Sudan (SDN),"Foreign direct investment, net inflows in reporting economy (DRS, current US$) (BX.KLT.DINV.CD.DT)",1978 (YR1978),"Source: United Nations Conference on Trade and Development, Foreign Direct Investment Online database."
FootNote,Sudan (SDN),"Foreign direct investment, net inflows in reporting economy (DRS, current US$) (BX.KLT.DINV.CD.DT)",1972 (YR1972),"Source: United Nations Conference on Trade and Development, Foreign Direct Investment Online database."
FootNote,Sudan (SDN),"Foreign direct investment, net inflows in reporting economy (DRS, current US$) (BX.KLT.DINV.CD.DT)",1975 (YR1975),"Source: United Nations Conference on Trade and Development, Foreign Direct Investment Online database."
FootNote,Suriname (SUR),Current account balance (current US$) (BN.CAB.XOKA.CD),2001 (YR2001),"Source: United Nations Conference on Trade and Development, Balance of Payments Online database."
FootNote,Suriname (SUR),Current account balance (current US$) (BN.CAB.XOKA.CD),2003 (YR2003),"Source: United Nations Conference on Trade and Development, Balance of Payments Online database."
FootNote,Suriname (SUR),Current account balance (current US$) (BN.CAB.XOKA.CD),2002 (YR2002),"Source: United Nations Conference on Trade and Development, Balance of Payments Online database."
FootNote,Suriname (SUR),Current account balance (current US$) (BN.CAB.XOKA.CD),2004 (YR2004),"Source: United Nations Conference on Trade and Development, Balance of Payments Online database."
FootNote,Suriname (SUR),"Foreign direct investment, net inflows in reporting economy (DRS, current US$) (BX.KLT.DINV.CD.DT)",2005 (YR2005),"Source: United Nations Conference on Trade and Development, Foreign Direct Investment Online database."
FootNote,Suriname (SUR),"Foreign direct investment, net inflows in reporting economy (DRS, current US$) (BX.KLT.DINV.CD.DT)",2002 (YR2002),"Source: United Nations Conference on Trade and Development, Foreign Direct Investment Online database."
FootNote,Suriname (SUR),"Foreign direct investment, net inflows in reporting economy (DRS, current US$) (BX.KLT.DINV.CD.DT)",2003 (YR2003),"Source: United Nations Conference on Trade and Development, Foreign Direct Investment Online database."
FootNote,Suriname (SUR),"Foreign direct investment, net inflows in reporting economy (DRS, current US$) (BX.KLT.DINV.CD.DT)",2001 (YR2001),"Source: United Nations Conference on Trade and Development, Foreign Direct Investment Online database."
FootNote,Suriname (SUR),"Foreign direct investment, net inflows in reporting economy (DRS, current US$) (BX.KLT.DINV.CD.DT)",2004 (YR2004),"Source: United Nations Conference on Trade and Development, Foreign Direct Investment Online database."
FootNote,Suriname (SUR),Current account balance (current US$) (BN.CAB.XOKA.CD),2000 (YR2000),"Source: United Nations Conference on Trade and Development, Balance of Payments Online database."
FootNote,Suriname (SUR),"Foreign direct investment, net inflows in reporting economy (DRS, current US$) (BX.KLT.DINV.CD.DT)",2000 (YR2000),"Source: United Nations Conference on Trade and Development, Foreign Direct Investment Online database."
FootNote,Syrian Arab Republic (SYR),Current account balance (current US$) (BN.CAB.XOKA.CD),2019 (YR2019),"Source: United Nations Conference on Trade and Development, Balance of Payments Online database."
FootNote,Syrian Arab Republic (SYR),Current account balance (current US$) (BN.CAB.XOKA.CD),2017 (YR2017),"Source: United Nations Conference on Trade and Development, Balance of Payments Online database."
FootNote,Syrian Arab Republic (SYR),Current account balance (current US$) (BN.CAB.XOKA.CD),2018 (YR2018),"Source: United Nations Conference on Trade and Development, Balance of Payments Online database."
FootNote,Syrian Arab Republic (SYR),"Personal transfers and compensation of employees, received (current US$) (BX.TRF.PWKR.CD.DT)",2023 (YR2023),"Source: United Nations Conference on Trade and Development, Balance of Payments Online database."
FootNote,Syrian Arab Republic (SYR),"Personal transfers and compensation of employees, received (current US$) (BX.TRF.PWKR.CD.DT)",2017 (YR2017),"Source: United Nations Conference on Trade and Development, Balance of Payments Online database."
FootNote,Syrian Arab Republic (SYR),"Personal transfers and compensation of employees, received (current US$) (BX.TRF.PWKR.CD.DT)",2021 (YR2021),"Source: United Nations Conference on Trade and Development, Balance of Payments Online database."
FootNote,Syrian Arab Republic (SYR),"Personal transfers and compensation of employees, received (current US$) (BX.TRF.PWKR.CD.DT)",2018 (YR2018),"Source: United Nations Conference on Trade and Development, Balance of Payments Online database."
FootNote,Syrian Arab Republic (SYR),"Personal transfers and compensation of employees, received (current US$) (BX.TRF.PWKR.CD.DT)",2022 (YR2022),"Source: United Nations Conference on Trade and Development, Balance of Payments Online database."
FootNote,Syrian Arab Republic (SYR),"Personal transfers and compensation of employees, received (current US$) (BX.TRF.PWKR.CD.DT)",2020 (YR2020),"Source: United Nations Conference on Trade and Development, Balance of Payments Online database."
FootNote,Syrian Arab Republic (SYR),"Personal transfers and compensation of employees, received (current US$) (BX.TRF.PWKR.CD.DT)",2019 (YR2019),"Source: United Nations Conference on Trade and Development, Balance of Payments Online database."
FootNote,Syrian Arab Republic (SYR),"Foreign direct investment, net inflows in reporting economy (DRS, current US$) (BX.KLT.DINV.CD.DT)",2024 (YR2024),"Source: United Nations Conference on Trade and Development, Foreign Direct Investment Online database."
FootNote,Syrian Arab Republic (SYR),"Personal transfers and compensation of employees, received (current US$) (BX.TRF.PWKR.CD.DT)",2015 (YR2015),"Source: United Nations Conference on Trade and Development, Balance of Payments Online database."
FootNote,Syrian Arab Republic (SYR),"Personal transfers and compensation of employees, received (current US$) (BX.TRF.PWKR.CD.DT)",2016 (YR2016),"Source: United Nations Conference on Trade and Development, Balance of Payments Online database."
FootNote,Syrian Arab Republic (SYR),"Personal transfers and compensation of employees, received (current US$) (BX.TRF.PWKR.CD.DT)",2014 (YR2014),"Source: United Nations Conference on Trade and Development, Balance of Payments Online database."
FootNote,Syrian Arab Republic (SYR),"Personal transfers and compensation of employees, received (current US$) (BX.TRF.PWKR.CD.DT)",2011 (YR2011),"Source: United Nations Conference on Trade and Development, Balance of Payments Online database."
FootNote,Syrian Arab Republic (SYR),"Personal transfers and compensation of employees, received (current US$) (BX.TRF.PWKR.CD.DT)",2013 (YR2013),"Source: United Nations Conference on Trade and Development, Balance of Payments Online database."
FootNote,Syrian Arab Republic (SYR),"Personal transfers and compensation of employees, received (current US$) (BX.TRF.PWKR.CD.DT)",2012 (YR2012),"Source: United Nations Conference on Trade and Development, Balance of Payments Online database."
FootNote,Syrian Arab Republic (SYR),Current account balance (current US$) (BN.CAB.XOKA.CD),2016 (YR2016),"Source: United Nations Conference on Trade and Development, Balance of Payments Online database."
FootNote,Syrian Arab Republic (SYR),Current account balance (current US$) (BN.CAB.XOKA.CD),2015 (YR2015),"Source: United Nations Conference on Trade and Development, Balance of Payments Online database."
FootNote,Syrian Arab Republic (SYR),Current account balance (current US$) (BN.CAB.XOKA.CD),2014 (YR2014),"Source: United Nations Conference on Trade and Development, Balance of Payments Online database."
FootNote,Syrian Arab Republic (SYR),Current account balance (current US$) (BN.CAB.XOKA.CD),2011 (YR2011),"Source: United Nations Conference on Trade and Development, Balance of Payments Online database."
FootNote,Syrian Arab Republic (SYR),Current account balance (current US$) (BN.CAB.XOKA.CD),2012 (YR2012),"Source: United Nations Conference on Trade and Development, Balance of Payments Online database."
FootNote,Syrian Arab Republic (SYR),Current account balance (current US$) (BN.CAB.XOKA.CD),2013 (YR2013),"Source: United Nations Conference on Trade and Development, Balance of Payments Online database."
FootNote,Syrian Arab Republic (SYR),"Foreign direct investment, net inflows in reporting economy (DRS, current US$) (BX.KLT.DINV.CD.DT)",1991 (YR1991),"Source: United Nations Conference on Trade and Development, Foreign Direct Investment Online database."
FootNote,Syrian Arab Republic (SYR),"Foreign direct investment, net inflows in reporting economy (DRS, current US$) (BX.KLT.DINV.CD.DT)",1990 (YR1990),"Source: United Nations Conference on Trade and Development, Foreign Direct Investment Online database."
FootNote,Syrian Arab Republic (SYR),"Foreign direct investment, net inflows in reporting economy (DRS, current US$) (BX.KLT.DINV.CD.DT)",1992 (YR1992),"Source: United Nations Conference on Trade and Development, Foreign Direct Investment Online database."
FootNote,Syrian Arab Republic (SYR),"Foreign direct investment, net inflows in reporting economy (DRS, current US$) (BX.KLT.DINV.CD.DT)",1985 (YR1985),"Source: United Nations Conference on Trade and Development, Foreign Direct Investment Online database."
FootNote,Syrian Arab Republic (SYR),"Foreign direct investment, net inflows in reporting economy (DRS, current US$) (BX.KLT.DINV.CD.DT)",1988 (YR1988),"Source: United Nations Conference on Trade and Development, Foreign Direct Investment Online database."
FootNote,Syrian Arab Republic (SYR),"Foreign direct investment, net inflows in reporting economy (DRS, current US$) (BX.KLT.DINV.CD.DT)",1987 (YR1987),"Source: United Nations Conference on Trade and Development, Foreign Direct Investment Online database."
FootNote,Syrian Arab Republic (SYR),"Foreign direct investment, net inflows in reporting economy (DRS, current US$) (BX.KLT.DINV.CD.DT)",1986 (YR1986),"Source: United Nations Conference on Trade and Development, Foreign Direct Investment Online database."
FootNote,Syrian Arab Republic (SYR),"Foreign direct investment, net inflows in reporting economy (DRS, current US$) (BX.KLT.DINV.CD.DT)",1989 (YR1989),"Source: United Nations Conference on Trade and Development, Foreign Direct Investment Online database."
FootNote,Syrian Arab Republic (SYR),"Foreign direct investment, net inflows in reporting economy (DRS, current US$) (BX.KLT.DINV.CD.DT)",1984 (YR1984),"Source: United Nations Conference on Trade and Development, Foreign Direct Investment Online database."
FootNote,Syrian Arab Republic (SYR),"Foreign direct investment, net inflows in reporting economy (DRS, current US$) (BX.KLT.DINV.CD.DT)",1981 (YR1981),"Source: United Nations Conference on Trade and Development, Foreign Direct Investment Online database."
FootNote,Syrian Arab Republic (SYR),"Foreign direct investment, net inflows in reporting economy (DRS, current US$) (BX.KLT.DINV.CD.DT)",1982 (YR1982),"Source: United Nations Conference on Trade and Development, Foreign Direct Investment Online database."
FootNote,Syrian Arab Republic (SYR),"Foreign direct investment, net inflows in reporting economy (DRS, current US$) (BX.KLT.DINV.CD.DT)",1973 (YR1973),"Source: United Nations Conference on Trade and Development, Foreign Direct Investment Online database."
FootNote,Syrian Arab Republic (SYR),"Foreign direct investment, net inflows in reporting economy (DRS, current US$) (BX.KLT.DINV.CD.DT)",1977 (YR1977),"Source: United Nations Conference on Trade and Development, Foreign Direct Investment Online database."
FootNote,Syrian Arab Republic (SYR),"Foreign direct investment, net inflows in reporting economy (DRS, current US$) (BX.KLT.DINV.CD.DT)",1974 (YR1974),"Source: United Nations Conference on Trade and Development, Foreign Direct Investment Online database."
FootNote,Syrian Arab Republic (SYR),"Foreign direct investment, net inflows in reporting economy (DRS, current US$) (BX.KLT.DINV.CD.DT)",1983 (YR1983),"Source: United Nations Conference on Trade and Development, Foreign Direct Investment Online database."
FootNote,Syrian Arab Republic (SYR),"Foreign direct investment, net inflows in reporting economy (DRS, current US$) (BX.KLT.DINV.CD.DT)",1976 (YR1976),"Source: United Nations Conference on Trade and Development, Foreign Direct Investment Online database."
FootNote,Syrian Arab Republic (SYR),"Foreign direct investment, net inflows in reporting economy (DRS, current US$) (BX.KLT.DINV.CD.DT)",1970 (YR1970),"Source: United Nations Conference on Trade and Development, Foreign Direct Investment Online database."
FootNote,Syrian Arab Republic (SYR),"Foreign direct investment, net inflows in reporting economy (DRS, current US$) (BX.KLT.DINV.CD.DT)",1972 (YR1972),"Source: United Nations Conference on Trade and Development, Foreign Direct Investment Online database."
FootNote,Syrian Arab Republic (SYR),"Foreign direct investment, net inflows in reporting economy (DRS, current US$) (BX.KLT.DINV.CD.DT)",1980 (YR1980),"Source: United Nations Conference on Trade and Development, Foreign Direct Investment Online database."
FootNote,Syrian Arab Republic (SYR),"Foreign direct investment, net inflows in reporting economy (DRS, current US$) (BX.KLT.DINV.CD.DT)",1979 (YR1979),"Source: United Nations Conference on Trade and Development, Foreign Direct Investment Online database."
FootNote,Syrian Arab Republic (SYR),"Foreign direct investment, net inflows in reporting economy (DRS, current US$) (BX.KLT.DINV.CD.DT)",1975 (YR1975),"Source: United Nations Conference on Trade and Development, Foreign Direct Investment Online database."
FootNote,Tajikistan (TJK),Debt forgiveness or reduction (current US$) (DT.DFR.DPPG.CD),2006 (YR2006),Data include the effects of MDRI.
FootNote,Tajikistan (TJK),"External debt stocks, total (DOD, current US$) (DT.DOD.DECT.CD)",2006 (YR2006),Data include the effects of MDRI.
FootNote,Tajikistan (TJK),Current account balance (current US$) (BN.CAB.XOKA.CD),2001 (YR2001),"Source: United Nations Conference on Trade and Development, Balance of Payments Online database."
FootNote,Tajikistan (TJK),"Foreign direct investment, net inflows in reporting economy (DRS, current US$) (BX.KLT.DINV.CD.DT)",2001 (YR2001),"Source: United Nations Conference on Trade and Development, Foreign Direct Investment Online database."
FootNote,Tajikistan (TJK),"Foreign direct investment, net inflows in reporting economy (DRS, current US$) (BX.KLT.DINV.CD.DT)",1999 (YR1999),"Source: United Nations Conference on Trade and Development, Foreign Direct Investment Online database."
FootNote,Tajikistan (TJK),"Foreign direct investment, net inflows in reporting economy (DRS, current US$) (BX.KLT.DINV.CD.DT)",1994 (YR1994),"Source: United Nations Conference on Trade and Development, Foreign Direct Investment Online database."
FootNote,Tajikistan (TJK),"Foreign direct investment, net inflows in reporting economy (DRS, current US$) (BX.KLT.DINV.CD.DT)",1995 (YR1995),"Source: United Nations Conference on Trade and Development, Foreign Direct Investment Online database."
FootNote,Tajikistan (TJK),"Foreign direct investment, net inflows in reporting economy (DRS, current US$) (BX.KLT.DINV.CD.DT)",1996 (YR1996),"Source: United Nations Conference on Trade and Development, Foreign Direct Investment Online database."
FootNote,Tajikistan (TJK),"Foreign direct investment, net inflows in reporting economy (DRS, current US$) (BX.KLT.DINV.CD.DT)",1992 (YR1992),"Source: United Nations Conference on Trade and Development, Foreign Direct Investment Online database."
FootNote,Tajikistan (TJK),"Foreign direct investment, net inflows in reporting economy (DRS, current US$) (BX.KLT.DINV.CD.DT)",2000 (YR2000),"Source: United Nations Conference on Trade and Development, Foreign Direct Investment Online database."
FootNote,Tajikistan (TJK),"Foreign direct investment, net inflows in reporting economy (DRS, current US$) (BX.KLT.DINV.CD.DT)",1998 (YR1998),"Source: United Nations Conference on Trade and Development, Foreign Direct Investment Online database."
FootNote,Tajikistan (TJK),Current account balance (current US$) (BN.CAB.XOKA.CD),2000 (YR2000),"Source: United Nations Conference on Trade and Development, Balance of Payments Online database."
FootNote,Tajikistan (TJK),"Foreign direct investment, net inflows in reporting economy (DRS, current US$) (BX.KLT.DINV.CD.DT)",1997 (YR1997),"Source: United Nations Conference on Trade and Development, Foreign Direct Investment Online database."
FootNote,Tajikistan (TJK),"Foreign direct investment, net inflows in reporting economy (DRS, current US$) (BX.KLT.DINV.CD.DT)",1993 (YR1993),"Source: United Nations Conference on Trade and Development, Foreign Direct Investment Online database."
FootNote,Tanzania (TZA),Current account balance (current US$) (BN.CAB.XOKA.CD),2024 (YR2024),Gap-filled with countries' balance of payments statistics.
FootNote,Tanzania (TZA),"Exports of goods, services and primary income (current US$) (BX.GSR.TOTL.CD)",2024 (YR2024),Gap-filled with countries' balance of payments statistics.
FootNote,Tanzania (TZA),"Personal transfers and compensation of employees, received (current US$) (BX.TRF.PWKR.CD.DT)",2024 (YR2024),"Data on Personal Transfers and Compensation of Employees are prepared by World Bank staff based on IMF's Balance of Payments statistics and data releases from central banks, national statistical agencies, and World Bank country desks."
FootNote,Tanzania (TZA),"Imports of goods, services and primary income (current US$) (BM.GSR.TOTL.CD)",2024 (YR2024),Gap-filled with countries' balance of payments statistics.
FootNote,Tanzania (TZA),Debt forgiveness or reduction (current US$) (DT.DFR.DPPG.CD),2006 (YR2006),Data include the effects of MDRI.
FootNote,Tanzania (TZA),"External debt stocks, total (DOD, current US$) (DT.DOD.DECT.CD)",2006 (YR2006),Data include the effects of MDRI.
FootNote,Tanzania (TZA),"Present value of external debt (% of exports of goods, services and income) (DT.DOD.PVLX.EX.ZS)",2009 (YR2009),Data are from debt sustainability analyses for low-income countries. Present value estimates for these countries are for public and publicly guaranteed debt only.
FootNote,Tanzania (TZA),Present value of external debt (% of GNI) (DT.DOD.PVLX.GN.ZS),2009 (YR2009),Data are from debt sustainability analyses for low-income countries. Present value estimates for these countries are for public and publicly guaranteed debt only.
FootNote,Tanzania (TZA),"Foreign direct investment, net inflows in reporting economy (DRS, current US$) (BX.KLT.DINV.CD.DT)",1991 (YR1991),"Source: United Nations Conference on Trade and Development, Foreign Direct Investment Online database."
FootNote,Tanzania (TZA),"Foreign direct investment, net inflows in reporting economy (DRS, current US$) (BX.KLT.DINV.CD.DT)",1990 (YR1990),"Source: United Nations Conference on Trade and Development, Foreign Direct Investment Online database."
FootNote,Tanzania (TZA),"Foreign direct investment, net inflows in reporting economy (DRS, current US$) (BX.KLT.DINV.CD.DT)",1985 (YR1985),"Source: United Nations Conference on Trade and Development, Foreign Direct Investment Online database."
FootNote,Tanzania (TZA),"Foreign direct investment, net inflows in reporting economy (DRS, current US$) (BX.KLT.DINV.CD.DT)",1988 (YR1988),"Source: United Nations Conference on Trade and Development, Foreign Direct Investment Online database."
FootNote,Tanzania (TZA),"Foreign direct investment, net inflows in reporting economy (DRS, current US$) (BX.KLT.DINV.CD.DT)",1986 (YR1986),"Source: United Nations Conference on Trade and Development, Foreign Direct Investment Online database."
FootNote,Tanzania (TZA),"Foreign direct investment, net inflows in reporting economy (DRS, current US$) (BX.KLT.DINV.CD.DT)",1989 (YR1989),"Source: United Nations Conference on Trade and Development, Foreign Direct Investment Online database."
FootNote,Tanzania (TZA),"Foreign direct investment, net inflows in reporting economy (DRS, current US$) (BX.KLT.DINV.CD.DT)",1987 (YR1987),"Source: United Nations Conference on Trade and Development, Foreign Direct Investment Online database."
FootNote,Tanzania (TZA),"Foreign direct investment, net inflows in reporting economy (DRS, current US$) (BX.KLT.DINV.CD.DT)",1984 (YR1984),"Source: United Nations Conference on Trade and Development, Foreign Direct Investment Online database."
FootNote,Tanzania (TZA),"Foreign direct investment, net inflows in reporting economy (DRS, current US$) (BX.KLT.DINV.CD.DT)",1976 (YR1976),"Source: United Nations Conference on Trade and Development, Foreign Direct Investment Online database."
FootNote,Tanzania (TZA),"Foreign direct investment, net inflows in reporting economy (DRS, current US$) (BX.KLT.DINV.CD.DT)",1974 (YR1974),"Source: United Nations Conference on Trade and Development, Foreign Direct Investment Online database."
FootNote,Tanzania (TZA),"Foreign direct investment, net inflows in reporting economy (DRS, current US$) (BX.KLT.DINV.CD.DT)",1971 (YR1971),"Source: United Nations Conference on Trade and Development, Foreign Direct Investment Online database."
FootNote,Tanzania (TZA),"Foreign direct investment, net inflows in reporting economy (DRS, current US$) (BX.KLT.DINV.CD.DT)",1973 (YR1973),"Source: United Nations Conference on Trade and Development, Foreign Direct Investment Online database."
FootNote,Tanzania (TZA),"Foreign direct investment, net inflows in reporting economy (DRS, current US$) (BX.KLT.DINV.CD.DT)",1979 (YR1979),"Source: United Nations Conference on Trade and Development, Foreign Direct Investment Online database."
FootNote,Tanzania (TZA),"Foreign direct investment, net inflows in reporting economy (DRS, current US$) (BX.KLT.DINV.CD.DT)",1975 (YR1975),"Source: United Nations Conference on Trade and Development, Foreign Direct Investment Online database."
FootNote,Tanzania (TZA),"Foreign direct investment, net inflows in reporting economy (DRS, current US$) (BX.KLT.DINV.CD.DT)",1978 (YR1978),"Source: United Nations Conference on Trade and Development, Foreign Direct Investment Online database."
FootNote,Tanzania (TZA),"Foreign direct investment, net inflows in reporting economy (DRS, current US$) (BX.KLT.DINV.CD.DT)",1983 (YR1983),"Source: United Nations Conference on Trade and Development, Foreign Direct Investment Online database."
FootNote,Tanzania (TZA),"Foreign direct investment, net inflows in reporting economy (DRS, current US$) (BX.KLT.DINV.CD.DT)",1970 (YR1970),"Source: United Nations Conference on Trade and Development, Foreign Direct Investment Online database."
FootNote,Tanzania (TZA),"Foreign direct investment, net inflows in reporting economy (DRS, current US$) (BX.KLT.DINV.CD.DT)",1982 (YR1982),"Source: United Nations Conference on Trade and Development, Foreign Direct Investment Online database."
FootNote,Tanzania (TZA),"Foreign direct investment, net inflows in reporting economy (DRS, current US$) (BX.KLT.DINV.CD.DT)",1981 (YR1981),"Source: United Nations Conference on Trade and Development, Foreign Direct Investment Online database."
FootNote,Tanzania (TZA),"Foreign direct investment, net inflows in reporting economy (DRS, current US$) (BX.KLT.DINV.CD.DT)",1977 (YR1977),"Source: United Nations Conference on Trade and Development, Foreign Direct Investment Online database."
FootNote,Tanzania (TZA),"Foreign direct investment, net inflows in reporting economy (DRS, current US$) (BX.KLT.DINV.CD.DT)",1972 (YR1972),"Source: United Nations Conference on Trade and Development, Foreign Direct Investment Online database."
FootNote,Tanzania (TZA),"Foreign direct investment, net inflows in reporting economy (DRS, current US$) (BX.KLT.DINV.CD.DT)",1980 (YR1980),"Source: United Nations Conference on Trade and Development, Foreign Direct Investment Online database."
FootNote,Timor-Leste (TLS),Current account balance (current US$) (BN.CAB.XOKA.CD),2005 (YR2005),"Source: United Nations Conference on Trade and Development, Balance of Payments Online database."
FootNote,Timor-Leste (TLS),Current account balance (current US$) (BN.CAB.XOKA.CD),2003 (YR2003),"Source: United Nations Conference on Trade and Development, Balance of Payments Online database."
FootNote,Timor-Leste (TLS),Current account balance (current US$) (BN.CAB.XOKA.CD),2004 (YR2004),"Source: United Nations Conference on Trade and Development, Balance of Payments Online database."
FootNote,Togo (TGO),"Foreign direct investment, net inflows in reporting economy (DRS, current US$) (BX.KLT.DINV.CD.DT)",2022 (YR2022),"Source: United Nations Conference on Trade and Development, Foreign Direct Investment Online database."
FootNote,Togo (TGO),"Total reserves (includes gold, current US$) (FI.RES.TOTL.CD)",2017 (YR2017),Gap-filled with countries' balance of payments statistics.
FootNote,Togo (TGO),"Total reserves (includes gold, current US$) (FI.RES.TOTL.CD)",2018 (YR2018),Gap-filled with countries' balance of payments statistics.
FootNote,Togo (TGO),"Exports of goods, services and primary income (current US$) (BX.GSR.TOTL.CD)",2021 (YR2021),Gap-filled with countries' balance of payments statistics.
FootNote,Togo (TGO),"Exports of goods, services and primary income (current US$) (BX.GSR.TOTL.CD)",2024 (YR2024),Gap-filled with countries' balance of payments statistics.
FootNote,Togo (TGO),"Imports of goods, services and primary income (current US$) (BM.GSR.TOTL.CD)",2022 (YR2022),Gap-filled with countries' balance of payments statistics.
FootNote,Togo (TGO),"Exports of goods, services and primary income (current US$) (BX.GSR.TOTL.CD)",2023 (YR2023),Gap-filled with countries' balance of payments statistics.
FootNote,Togo (TGO),"Exports of goods, services and primary income (current US$) (BX.GSR.TOTL.CD)",2022 (YR2022),Gap-filled with countries' balance of payments statistics.
FootNote,Togo (TGO),"Imports of goods, services and primary income (current US$) (BM.GSR.TOTL.CD)",2021 (YR2021),Gap-filled with countries' balance of payments statistics.
FootNote,Togo (TGO),Current account balance (current US$) (BN.CAB.XOKA.CD),2022 (YR2022),Gap-filled with countries' balance of payments statistics.
FootNote,Togo (TGO),Current account balance (current US$) (BN.CAB.XOKA.CD),2024 (YR2024),Gap-filled with countries' balance of payments statistics.
FootNote,Togo (TGO),Current account balance (current US$) (BN.CAB.XOKA.CD),2021 (YR2021),Gap-filled with countries' balance of payments statistics.
FootNote,Togo (TGO),Current account balance (current US$) (BN.CAB.XOKA.CD),2023 (YR2023),Gap-filled with countries' balance of payments statistics.
FootNote,Togo (TGO),"Imports of goods, services and primary income (current US$) (BM.GSR.TOTL.CD)",2023 (YR2023),Gap-filled with countries' balance of payments statistics.
FootNote,Togo (TGO),"Imports of goods, services and primary income (current US$) (BM.GSR.TOTL.CD)",2024 (YR2024),Gap-filled with countries' balance of payments statistics.
FootNote,Togo (TGO),"Personal transfers and compensation of employees, received (current US$) (BX.TRF.PWKR.CD.DT)",2024 (YR2024),"Data on Personal Transfers and Compensation of Employees are prepared by World Bank staff based on IMF's Balance of Payments statistics and data releases from central banks, national statistical agencies, and World Bank country desks."
FootNote,Togo (TGO),"Personal transfers and compensation of employees, received (current US$) (BX.TRF.PWKR.CD.DT)",2021 (YR2021),"Source: United Nations Conference on Trade and Development, Balance of Payments Online database."
FootNote,Togo (TGO),"Personal transfers and compensation of employees, received (current US$) (BX.TRF.PWKR.CD.DT)",2022 (YR2022),"Source: United Nations Conference on Trade and Development, Balance of Payments Online database."
FootNote,Togo (TGO),"Personal transfers and compensation of employees, received (current US$) (BX.TRF.PWKR.CD.DT)",2023 (YR2023),"Source: United Nations Conference on Trade and Development, Balance of Payments Online database."
FootNote,Togo (TGO),"Foreign direct investment, net inflows in reporting economy (DRS, current US$) (BX.KLT.DINV.CD.DT)",2024 (YR2024),"Source: United Nations Conference on Trade and Development, Foreign Direct Investment Online database."
FootNote,Togo (TGO),"Foreign direct investment, net inflows in reporting economy (DRS, current US$) (BX.KLT.DINV.CD.DT)",2021 (YR2021),"Source: United Nations Conference on Trade and Development, Foreign Direct Investment Online database."
FootNote,Togo (TGO),"Foreign direct investment, net inflows in reporting economy (DRS, current US$) (BX.KLT.DINV.CD.DT)",2023 (YR2023),"Source: United Nations Conference on Trade and Development, Foreign Direct Investment Online database."
FootNote,Togo (TGO),"Total reserves (includes gold, current US$) (FI.RES.TOTL.CD)",2009 (YR2009),Gap-filled with countries' balance of payments statistics.
FootNote,Togo (TGO),"Total reserves (includes gold, current US$) (FI.RES.TOTL.CD)",2012 (YR2012),Gap-filled with countries' balance of payments statistics.
FootNote,Togo (TGO),"Total reserves (includes gold, current US$) (FI.RES.TOTL.CD)",2006 (YR2006),Gap-filled with countries' balance of payments statistics.
FootNote,Togo (TGO),"Total reserves (includes gold, current US$) (FI.RES.TOTL.CD)",2014 (YR2014),Gap-filled with countries' balance of payments statistics.
FootNote,Togo (TGO),"Total reserves (includes gold, current US$) (FI.RES.TOTL.CD)",2010 (YR2010),Gap-filled with countries' balance of payments statistics.
FootNote,Togo (TGO),"Total reserves (includes gold, current US$) (FI.RES.TOTL.CD)",2001 (YR2001),Gap-filled with countries' balance of payments statistics.
FootNote,Togo (TGO),"Total reserves (includes gold, current US$) (FI.RES.TOTL.CD)",2004 (YR2004),Gap-filled with countries' balance of payments statistics.
FootNote,Togo (TGO),"Total reserves (includes gold, current US$) (FI.RES.TOTL.CD)",2016 (YR2016),Gap-filled with countries' balance of payments statistics.
FootNote,Togo (TGO),"Total reserves (includes gold, current US$) (FI.RES.TOTL.CD)",2003 (YR2003),Gap-filled with countries' balance of payments statistics.
FootNote,Togo (TGO),"Total reserves (includes gold, current US$) (FI.RES.TOTL.CD)",2013 (YR2013),Gap-filled with countries' balance of payments statistics.
FootNote,Togo (TGO),"Total reserves (includes gold, current US$) (FI.RES.TOTL.CD)",2005 (YR2005),Gap-filled with countries' balance of payments statistics.
FootNote,Togo (TGO),"Total reserves (includes gold, current US$) (FI.RES.TOTL.CD)",2007 (YR2007),Gap-filled with countries' balance of payments statistics.
FootNote,Togo (TGO),"Total reserves (includes gold, current US$) (FI.RES.TOTL.CD)",2015 (YR2015),Gap-filled with countries' balance of payments statistics.
FootNote,Togo (TGO),"Total reserves (includes gold, current US$) (FI.RES.TOTL.CD)",2011 (YR2011),Gap-filled with countries' balance of payments statistics.
FootNote,Togo (TGO),"Total reserves (includes gold, current US$) (FI.RES.TOTL.CD)",2008 (YR2008),Gap-filled with countries' balance of payments statistics.
FootNote,Togo (TGO),"Total reserves (includes gold, current US$) (FI.RES.TOTL.CD)",2002 (YR2002),Gap-filled with countries' balance of payments statistics.
FootNote,Togo (TGO),"Present value of external debt (% of exports of goods, services and income) (DT.DOD.PVLX.EX.ZS)",2009 (YR2009),Data are from debt sustainability analyses for low-income countries. Present value estimates for these countries are for public and publicly guaranteed debt only.
FootNote,Togo (TGO),Present value of external debt (% of GNI) (DT.DOD.PVLX.GN.ZS),2009 (YR2009),Data are from debt sustainability analyses for low-income countries. Present value estimates for these countries are for public and publicly guaranteed debt only.
FootNote,Togo (TGO),"External debt stocks, total (DOD, current US$) (DT.DOD.DECT.CD)",2009 (YR2009),Data include the effects of Paris Club debt restructuring agreement.
FootNote,Togo (TGO),"External debt stocks, total (DOD, current US$) (DT.DOD.DECT.CD)",2008 (YR2008),Data include the effects of Paris Club debt restructuring agreement.
FootNote,Togo (TGO),"Total reserves (includes gold, current US$) (FI.RES.TOTL.CD)",2000 (YR2000),Gap-filled with countries' balance of payments statistics.
FootNote,Togo (TGO),"Foreign direct investment, net inflows in reporting economy (DRS, current US$) (BX.KLT.DINV.CD.DT)",1992 (YR1992),"Source: United Nations Conference on Trade and Development, Foreign Direct Investment Online database."
FootNote,Tonga (TON),"Foreign direct investment, net inflows in reporting economy (DRS, current US$) (BX.KLT.DINV.CD.DT)",2001 (YR2001),"Source: United Nations Conference on Trade and Development, Foreign Direct Investment Online database."
FootNote,Tonga (TON),"Foreign direct investment, net inflows in reporting economy (DRS, current US$) (BX.KLT.DINV.CD.DT)",2002 (YR2002),"Source: United Nations Conference on Trade and Development, Foreign Direct Investment Online database."
FootNote,Tonga (TON),"Foreign direct investment, net inflows in reporting economy (DRS, current US$) (BX.KLT.DINV.CD.DT)",1995 (YR1995),"Source: United Nations Conference on Trade and Development, Foreign Direct Investment Online database."
FootNote,Tonga (TON),"Foreign direct investment, net inflows in reporting economy (DRS, current US$) (BX.KLT.DINV.CD.DT)",1994 (YR1994),"Source: United Nations Conference on Trade and Development, Foreign Direct Investment Online database."
FootNote,Tonga (TON),"Foreign direct investment, net inflows in reporting economy (DRS, current US$) (BX.KLT.DINV.CD.DT)",1997 (YR1997),"Source: United Nations Conference on Trade and Development, Foreign Direct Investment Online database."
FootNote,Tonga (TON),"Foreign direct investment, net inflows in reporting economy (DRS, current US$) (BX.KLT.DINV.CD.DT)",1996 (YR1996),"Source: United Nations Conference on Trade and Development, Foreign Direct Investment Online database."
FootNote,Tonga (TON),"Foreign direct investment, net inflows in reporting economy (DRS, current US$) (BX.KLT.DINV.CD.DT)",1999 (YR1999),"Source: United Nations Conference on Trade and Development, Foreign Direct Investment Online database."
FootNote,Tonga (TON),Current account balance (current US$) (BN.CAB.XOKA.CD),2000 (YR2000),"Source: United Nations Conference on Trade and Development, Balance of Payments Online database."
FootNote,Tonga (TON),"Foreign direct investment, net inflows in reporting economy (DRS, current US$) (BX.KLT.DINV.CD.DT)",2000 (YR2000),"Source: United Nations Conference on Trade and Development, Foreign Direct Investment Online database."
FootNote,Tonga (TON),"Foreign direct investment, net inflows in reporting economy (DRS, current US$) (BX.KLT.DINV.CD.DT)",1998 (YR1998),"Source: United Nations Conference on Trade and Development, Foreign Direct Investment Online database."
FootNote,Tonga (TON),"Foreign direct investment, net inflows in reporting economy (DRS, current US$) (BX.KLT.DINV.CD.DT)",1978 (YR1978),"Source: United Nations Conference on Trade and Development, Foreign Direct Investment Online database."
FootNote,Tonga (TON),"Foreign direct investment, net inflows in reporting economy (DRS, current US$) (BX.KLT.DINV.CD.DT)",1977 (YR1977),"Source: United Nations Conference on Trade and Development, Foreign Direct Investment Online database."
FootNote,Turkmenistan (TKM),"Foreign direct investment, net inflows in reporting economy (DRS, current US$) (BX.KLT.DINV.CD.DT)",2023 (YR2023),"Source: United Nations Conference on Trade and Development, Foreign Direct Investment Online database."
FootNote,Turkmenistan (TKM),"Foreign direct investment, net inflows in reporting economy (DRS, current US$) (BX.KLT.DINV.CD.DT)",2017 (YR2017),"Source: United Nations Conference on Trade and Development, Foreign Direct Investment Online database."
FootNote,Turkmenistan (TKM),"Foreign direct investment, net inflows in reporting economy (DRS, current US$) (BX.KLT.DINV.CD.DT)",2024 (YR2024),"Source: United Nations Conference on Trade and Development, Foreign Direct Investment Online database."
FootNote,Turkmenistan (TKM),"Foreign direct investment, net inflows in reporting economy (DRS, current US$) (BX.KLT.DINV.CD.DT)",2019 (YR2019),"Source: United Nations Conference on Trade and Development, Foreign Direct Investment Online database."
FootNote,Turkmenistan (TKM),"Foreign direct investment, net inflows in reporting economy (DRS, current US$) (BX.KLT.DINV.CD.DT)",2022 (YR2022),"Source: United Nations Conference on Trade and Development, Foreign Direct Investment Online database."
FootNote,Turkmenistan (TKM),"Foreign direct investment, net inflows in reporting economy (DRS, current US$) (BX.KLT.DINV.CD.DT)",2021 (YR2021),"Source: United Nations Conference on Trade and Development, Foreign Direct Investment Online database."
FootNote,Turkmenistan (TKM),"Foreign direct investment, net inflows in reporting economy (DRS, current US$) (BX.KLT.DINV.CD.DT)",2018 (YR2018),"Source: United Nations Conference on Trade and Development, Foreign Direct Investment Online database."
FootNote,Turkmenistan (TKM),"Personal transfers and compensation of employees, received (current US$) (BX.TRF.PWKR.CD.DT)",2020 (YR2020),"Source: United Nations Conference on Trade and Development, Balance of Payments Online database."
FootNote,Turkmenistan (TKM),"Personal transfers and compensation of employees, received (current US$) (BX.TRF.PWKR.CD.DT)",2018 (YR2018),"Source: United Nations Conference on Trade and Development, Balance of Payments Online database."
FootNote,Turkmenistan (TKM),"Personal transfers and compensation of employees, received (current US$) (BX.TRF.PWKR.CD.DT)",2017 (YR2017),"Source: United Nations Conference on Trade and Development, Balance of Payments Online database."
FootNote,Turkmenistan (TKM),"Personal transfers and compensation of employees, received (current US$) (BX.TRF.PWKR.CD.DT)",2019 (YR2019),"Source: United Nations Conference on Trade and Development, Balance of Payments Online database."
FootNote,Turkmenistan (TKM),"Personal transfers and compensation of employees, received (current US$) (BX.TRF.PWKR.CD.DT)",2021 (YR2021),"Source: United Nations Conference on Trade and Development, Balance of Payments Online database."
FootNote,Turkmenistan (TKM),Current account balance (current US$) (BN.CAB.XOKA.CD),2019 (YR2019),"Source: United Nations Conference on Trade and Development, Balance of Payments Online database."
FootNote,Turkmenistan (TKM),Current account balance (current US$) (BN.CAB.XOKA.CD),2017 (YR2017),"Source: United Nations Conference on Trade and Development, Balance of Payments Online database."
FootNote,Turkmenistan (TKM),Current account balance (current US$) (BN.CAB.XOKA.CD),2018 (YR2018),"Source: United Nations Conference on Trade and Development, Balance of Payments Online database."
FootNote,Turkmenistan (TKM),"Foreign direct investment, net inflows in reporting economy (DRS, current US$) (BX.KLT.DINV.CD.DT)",2020 (YR2020),"Source: United Nations Conference on Trade and Development, Foreign Direct Investment Online database."
FootNote,Turkmenistan (TKM),"Foreign direct investment, net inflows in reporting economy (DRS, current US$) (BX.KLT.DINV.CD.DT)",2008 (YR2008),"Source: United Nations Conference on Trade and Development, Foreign Direct Investment Online database."
FootNote,Turkmenistan (TKM),"Foreign direct investment, net inflows in reporting economy (DRS, current US$) (BX.KLT.DINV.CD.DT)",2015 (YR2015),"Source: United Nations Conference on Trade and Development, Foreign Direct Investment Online database."
FootNote,Turkmenistan (TKM),"Foreign direct investment, net inflows in reporting economy (DRS, current US$) (BX.KLT.DINV.CD.DT)",2013 (YR2013),"Source: United Nations Conference on Trade and Development, Foreign Direct Investment Online database."
FootNote,Turkmenistan (TKM),"Foreign direct investment, net inflows in reporting economy (DRS, current US$) (BX.KLT.DINV.CD.DT)",2003 (YR2003),"Source: United Nations Conference on Trade and Development, Foreign Direct Investment Online database."
FootNote,Turkmenistan (TKM),"Foreign direct investment, net inflows in reporting economy (DRS, current US$) (BX.KLT.DINV.CD.DT)",2006 (YR2006),"Source: United Nations Conference on Trade and Development, Foreign Direct Investment Online database."
FootNote,Turkmenistan (TKM),"Foreign direct investment, net inflows in reporting economy (DRS, current US$) (BX.KLT.DINV.CD.DT)",2009 (YR2009),"Source: United Nations Conference on Trade and Development, Foreign Direct Investment Online database."
FootNote,Turkmenistan (TKM),"Foreign direct investment, net inflows in reporting economy (DRS, current US$) (BX.KLT.DINV.CD.DT)",2011 (YR2011),"Source: United Nations Conference on Trade and Development, Foreign Direct Investment Online database."
FootNote,Turkmenistan (TKM),"Foreign direct investment, net inflows in reporting economy (DRS, current US$) (BX.KLT.DINV.CD.DT)",2005 (YR2005),"Source: United Nations Conference on Trade and Development, Foreign Direct Investment Online database."
FootNote,Turkmenistan (TKM),"Foreign direct investment, net inflows in reporting economy (DRS, current US$) (BX.KLT.DINV.CD.DT)",2004 (YR2004),"Source: United Nations Conference on Trade and Development, Foreign Direct Investment Online database."
FootNote,Turkmenistan (TKM),"Foreign direct investment, net inflows in reporting economy (DRS, current US$) (BX.KLT.DINV.CD.DT)",2002 (YR2002),"Source: United Nations Conference on Trade and Development, Foreign Direct Investment Online database."
FootNote,Turkmenistan (TKM),"Foreign direct investment, net inflows in reporting economy (DRS, current US$) (BX.KLT.DINV.CD.DT)",2007 (YR2007),"Source: United Nations Conference on Trade and Development, Foreign Direct Investment Online database."
FootNote,Turkmenistan (TKM),"Foreign direct investment, net inflows in reporting economy (DRS, current US$) (BX.KLT.DINV.CD.DT)",2001 (YR2001),"Source: United Nations Conference on Trade and Development, Foreign Direct Investment Online database."
FootNote,Turkmenistan (TKM),"Foreign direct investment, net inflows in reporting economy (DRS, current US$) (BX.KLT.DINV.CD.DT)",2016 (YR2016),"Source: United Nations Conference on Trade and Development, Foreign Direct Investment Online database."
FootNote,Turkmenistan (TKM),"Foreign direct investment, net inflows in reporting economy (DRS, current US$) (BX.KLT.DINV.CD.DT)",2010 (YR2010),"Source: United Nations Conference on Trade and Development, Foreign Direct Investment Online database."
FootNote,Turkmenistan (TKM),"Personal transfers and compensation of employees, received (current US$) (BX.TRF.PWKR.CD.DT)",2015 (YR2015),"Source: United Nations Conference on Trade and Development, Balance of Payments Online database."
FootNote,Turkmenistan (TKM),"Personal transfers and compensation of employees, received (current US$) (BX.TRF.PWKR.CD.DT)",2016 (YR2016),"Source: United Nations Conference on Trade and Development, Balance of Payments Online database."
FootNote,Turkmenistan (TKM),"Personal transfers and compensation of employees, received (current US$) (BX.TRF.PWKR.CD.DT)",2010 (YR2010),"Source: United Nations Conference on Trade and Development, Balance of Payments Online database."
FootNote,Turkmenistan (TKM),"Personal transfers and compensation of employees, received (current US$) (BX.TRF.PWKR.CD.DT)",2011 (YR2011),"Source: United Nations Conference on Trade and Development, Balance of Payments Online database."
FootNote,Turkmenistan (TKM),"Personal transfers and compensation of employees, received (current US$) (BX.TRF.PWKR.CD.DT)",2013 (YR2013),"Source: United Nations Conference on Trade and Development, Balance of Payments Online database."
FootNote,Turkmenistan (TKM),"Foreign direct investment, net inflows in reporting economy (DRS, current US$) (BX.KLT.DINV.CD.DT)",2014 (YR2014),"Source: United Nations Conference on Trade and Development, Foreign Direct Investment Online database."
FootNote,Turkmenistan (TKM),"Foreign direct investment, net inflows in reporting economy (DRS, current US$) (BX.KLT.DINV.CD.DT)",2012 (YR2012),"Source: United Nations Conference on Trade and Development, Foreign Direct Investment Online database."
FootNote,Turkmenistan (TKM),"Personal transfers and compensation of employees, received (current US$) (BX.TRF.PWKR.CD.DT)",2014 (YR2014),"Source: United Nations Conference on Trade and Development, Balance of Payments Online database."
FootNote,Turkmenistan (TKM),"Personal transfers and compensation of employees, received (current US$) (BX.TRF.PWKR.CD.DT)",2012 (YR2012),"Source: United Nations Conference on Trade and Development, Balance of Payments Online database."
FootNote,Turkmenistan (TKM),Current account balance (current US$) (BN.CAB.XOKA.CD),2010 (YR2010),"Source: United Nations Conference on Trade and Development, Balance of Payments Online database."
FootNote,Turkmenistan (TKM),Current account balance (current US$) (BN.CAB.XOKA.CD),2004 (YR2004),"Source: United Nations Conference on Trade and Development, Balance of Payments Online database."
FootNote,Turkmenistan (TKM),Current account balance (current US$) (BN.CAB.XOKA.CD),2008 (YR2008),"Source: United Nations Conference on Trade and Development, Balance of Payments Online database."
FootNote,Turkmenistan (TKM),Current account balance (current US$) (BN.CAB.XOKA.CD),2011 (YR2011),"Source: United Nations Conference on Trade and Development, Balance of Payments Online database."
FootNote,Turkmenistan (TKM),Current account balance (current US$) (BN.CAB.XOKA.CD),2006 (YR2006),"Source: United Nations Conference on Trade and Development, Balance of Payments Online database."
FootNote,Turkmenistan (TKM),Current account balance (current US$) (BN.CAB.XOKA.CD),2007 (YR2007),"Source: United Nations Conference on Trade and Development, Balance of Payments Online database."
FootNote,Turkmenistan (TKM),Current account balance (current US$) (BN.CAB.XOKA.CD),2014 (YR2014),"Source: United Nations Conference on Trade and Development, Balance of Payments Online database."
FootNote,Turkmenistan (TKM),Current account balance (current US$) (BN.CAB.XOKA.CD),2009 (YR2009),"Source: United Nations Conference on Trade and Development, Balance of Payments Online database."
FootNote,Turkmenistan (TKM),Current account balance (current US$) (BN.CAB.XOKA.CD),2001 (YR2001),"Source: United Nations Conference on Trade and Development, Balance of Payments Online database."
FootNote,Turkmenistan (TKM),Current account balance (current US$) (BN.CAB.XOKA.CD),2015 (YR2015),"Source: United Nations Conference on Trade and Development, Balance of Payments Online database."
FootNote,Turkmenistan (TKM),Current account balance (current US$) (BN.CAB.XOKA.CD),2016 (YR2016),"Source: United Nations Conference on Trade and Development, Balance of Payments Online database."
FootNote,Turkmenistan (TKM),Current account balance (current US$) (BN.CAB.XOKA.CD),2005 (YR2005),"Source: United Nations Conference on Trade and Development, Balance of Payments Online database."
FootNote,Turkmenistan (TKM),Current account balance (current US$) (BN.CAB.XOKA.CD),2013 (YR2013),"Source: United Nations Conference on Trade and Development, Balance of Payments Online database."
FootNote,Turkmenistan (TKM),Current account balance (current US$) (BN.CAB.XOKA.CD),2012 (YR2012),"Source: United Nations Conference on Trade and Development, Balance of Payments Online database."
FootNote,Turkmenistan (TKM),Current account balance (current US$) (BN.CAB.XOKA.CD),2002 (YR2002),"Source: United Nations Conference on Trade and Development, Balance of Payments Online database."
FootNote,Turkmenistan (TKM),Current account balance (current US$) (BN.CAB.XOKA.CD),2003 (YR2003),"Source: United Nations Conference on Trade and Development, Balance of Payments Online database."
FootNote,Turkmenistan (TKM),"Foreign direct investment, net inflows in reporting economy (DRS, current US$) (BX.KLT.DINV.CD.DT)",1998 (YR1998),"Source: United Nations Conference on Trade and Development, Foreign Direct Investment Online database."
FootNote,Turkmenistan (TKM),Current account balance (current US$) (BN.CAB.XOKA.CD),2000 (YR2000),"Source: United Nations Conference on Trade and Development, Balance of Payments Online database."
FootNote,Turkmenistan (TKM),"Foreign direct investment, net inflows in reporting economy (DRS, current US$) (BX.KLT.DINV.CD.DT)",1995 (YR1995),"Source: United Nations Conference on Trade and Development, Foreign Direct Investment Online database."
FootNote,Turkmenistan (TKM),"Foreign direct investment, net inflows in reporting economy (DRS, current US$) (BX.KLT.DINV.CD.DT)",2000 (YR2000),"Source: United Nations Conference on Trade and Development, Foreign Direct Investment Online database."
FootNote,Turkmenistan (TKM),"Foreign direct investment, net inflows in reporting economy (DRS, current US$) (BX.KLT.DINV.CD.DT)",1994 (YR1994),"Source: United Nations Conference on Trade and Development, Foreign Direct Investment Online database."
FootNote,Turkmenistan (TKM),"Foreign direct investment, net inflows in reporting economy (DRS, current US$) (BX.KLT.DINV.CD.DT)",1993 (YR1993),"Source: United Nations Conference on Trade and Development, Foreign Direct Investment Online database."
FootNote,Turkmenistan (TKM),"Foreign direct investment, net inflows in reporting economy (DRS, current US$) (BX.KLT.DINV.CD.DT)",1999 (YR1999),"Source: United Nations Conference on Trade and Development, Foreign Direct Investment Online database."
FootNote,Uganda (UGA),"Imports of goods, services and primary income (current US$) (BM.GSR.TOTL.CD)",2024 (YR2024),Gap-filled with countries' balance of payments statistics.
FootNote,Uganda (UGA),"Total reserves (includes gold, current US$) (FI.RES.TOTL.CD)",2024 (YR2024),Gap-filled with countries' balance of payments statistics.
FootNote,Uganda (UGA),"Total reserves (includes gold, current US$) (FI.RES.TOTL.CD)",2020 (YR2020),Gap-filled with countries' balance of payments statistics.
FootNote,Uganda (UGA),"Total reserves (includes gold, current US$) (FI.RES.TOTL.CD)",2019 (YR2019),Gap-filled with countries' balance of payments statistics.
FootNote,Uganda (UGA),"Total reserves (includes gold, current US$) (FI.RES.TOTL.CD)",2023 (YR2023),Gap-filled with countries' balance of payments statistics.
FootNote,Uganda (UGA),"Total reserves (includes gold, current US$) (FI.RES.TOTL.CD)",2021 (YR2021),Gap-filled with countries' balance of payments statistics.
FootNote,Uganda (UGA),"Total reserves (includes gold, current US$) (FI.RES.TOTL.CD)",2022 (YR2022),Gap-filled with countries' balance of payments statistics.
FootNote,Uganda (UGA),"Present value of external debt (% of exports of goods, services and income) (DT.DOD.PVLX.EX.ZS)",2009 (YR2009),Data are from debt sustainability analyses for low-income countries. Present value estimates for these countries are for public and publicly guaranteed debt only.
FootNote,Uganda (UGA),Present value of external debt (% of GNI) (DT.DOD.PVLX.GN.ZS),2009 (YR2009),Data are from debt sustainability analyses for low-income countries. Present value estimates for these countries are for public and publicly guaranteed debt only.
FootNote,Uganda (UGA),"External debt stocks, total (DOD, current US$) (DT.DOD.DECT.CD)",2006 (YR2006),Data include the effects of MDRI.
FootNote,Uganda (UGA),Debt forgiveness or reduction (current US$) (DT.DFR.DPPG.CD),2006 (YR2006),Data include the effects of MDRI.
FootNote,Uganda (UGA),"Foreign direct investment, net inflows in reporting economy (DRS, current US$) (BX.KLT.DINV.CD.DT)",1985 (YR1985),"Source: United Nations Conference on Trade and Development, Foreign Direct Investment Online database."
FootNote,Uganda (UGA),"Foreign direct investment, net inflows in reporting economy (DRS, current US$) (BX.KLT.DINV.CD.DT)",1988 (YR1988),"Source: United Nations Conference on Trade and Development, Foreign Direct Investment Online database."
FootNote,Uganda (UGA),"Foreign direct investment, net inflows in reporting economy (DRS, current US$) (BX.KLT.DINV.CD.DT)",1989 (YR1989),"Source: United Nations Conference on Trade and Development, Foreign Direct Investment Online database."
FootNote,Uganda (UGA),"Foreign direct investment, net inflows in reporting economy (DRS, current US$) (BX.KLT.DINV.CD.DT)",1990 (YR1990),"Source: United Nations Conference on Trade and Development, Foreign Direct Investment Online database."
FootNote,Uganda (UGA),"Foreign direct investment, net inflows in reporting economy (DRS, current US$) (BX.KLT.DINV.CD.DT)",1974 (YR1974),"Source: United Nations Conference on Trade and Development, Foreign Direct Investment Online database."
FootNote,Uganda (UGA),"Foreign direct investment, net inflows in reporting economy (DRS, current US$) (BX.KLT.DINV.CD.DT)",1982 (YR1982),"Source: United Nations Conference on Trade and Development, Foreign Direct Investment Online database."
FootNote,Uganda (UGA),"Foreign direct investment, net inflows in reporting economy (DRS, current US$) (BX.KLT.DINV.CD.DT)",1978 (YR1978),"Source: United Nations Conference on Trade and Development, Foreign Direct Investment Online database."
FootNote,Uganda (UGA),"Foreign direct investment, net inflows in reporting economy (DRS, current US$) (BX.KLT.DINV.CD.DT)",1979 (YR1979),"Source: United Nations Conference on Trade and Development, Foreign Direct Investment Online database."
FootNote,Uganda (UGA),"Foreign direct investment, net inflows in reporting economy (DRS, current US$) (BX.KLT.DINV.CD.DT)",1973 (YR1973),"Source: United Nations Conference on Trade and Development, Foreign Direct Investment Online database."
FootNote,Uganda (UGA),"Foreign direct investment, net inflows in reporting economy (DRS, current US$) (BX.KLT.DINV.CD.DT)",1972 (YR1972),"Source: United Nations Conference on Trade and Development, Foreign Direct Investment Online database."
FootNote,Uganda (UGA),"Foreign direct investment, net inflows in reporting economy (DRS, current US$) (BX.KLT.DINV.CD.DT)",1971 (YR1971),"Source: United Nations Conference on Trade and Development, Foreign Direct Investment Online database."
FootNote,Uganda (UGA),"Foreign direct investment, net inflows in reporting economy (DRS, current US$) (BX.KLT.DINV.CD.DT)",1980 (YR1980),"Source: United Nations Conference on Trade and Development, Foreign Direct Investment Online database."
FootNote,Uganda (UGA),"Foreign direct investment, net inflows in reporting economy (DRS, current US$) (BX.KLT.DINV.CD.DT)",1975 (YR1975),"Source: United Nations Conference on Trade and Development, Foreign Direct Investment Online database."
FootNote,Uganda (UGA),"Foreign direct investment, net inflows in reporting economy (DRS, current US$) (BX.KLT.DINV.CD.DT)",1977 (YR1977),"Source: United Nations Conference on Trade and Development, Foreign Direct Investment Online database."
FootNote,Uganda (UGA),"Foreign direct investment, net inflows in reporting economy (DRS, current US$) (BX.KLT.DINV.CD.DT)",1976 (YR1976),"Source: United Nations Conference on Trade and Development, Foreign Direct Investment Online database."
FootNote,Uganda (UGA),"Foreign direct investment, net inflows in reporting economy (DRS, current US$) (BX.KLT.DINV.CD.DT)",1970 (YR1970),"Source: United Nations Conference on Trade and Development, Foreign Direct Investment Online database."
FootNote,Ukraine (UKR),"Population, total (SP.POP.TOTL)",2019 (YR2019),Estimated by World Bank staff.
FootNote,Ukraine (UKR),"Population, total (SP.POP.TOTL)",2018 (YR2018),Estimated by World Bank staff.
FootNote,Ukraine (UKR),"Population, total (SP.POP.TOTL)",2017 (YR2017),Estimated by World Bank staff.
FootNote,Ukraine (UKR),GNI (current US$) (NY.GNP.MKTP.CD),2015 (YR2015),"Based on data from official statistics of Ukraine and Russian Federation; by relying on these data, the World Bank does not intend to make any judgment on the legal or other status of the territories concerned or to prejudice the final determination of the parties' claims."
FootNote,Ukraine (UKR),GNI (current US$) (NY.GNP.MKTP.CD),2014 (YR2014),"Based on data from official statistics of Ukraine and Russian Federation; by relying on these data, the World Bank does not intend to make any judgment on the legal or other status of the territories concerned or to prejudice the final determination of the parties' claims."
FootNote,Ukraine (UKR),"Population, total (SP.POP.TOTL)",2014 (YR2014),Estimated by World Bank staff.
FootNote,Ukraine (UKR),"Population, total (SP.POP.TOTL)",2015 (YR2015),Estimated by World Bank staff.
FootNote,Ukraine (UKR),"Population, total (SP.POP.TOTL)",2016 (YR2016),Estimated by World Bank staff.
FootNote,Ukraine (UKR),"Population, total (SP.POP.TOTL)",2010 (YR2010),Preliminary.
FootNote,Ukraine (UKR),"Population, total (SP.POP.TOTL)",2013 (YR2013),Preliminary.
FootNote,Ukraine (UKR),"Population, total (SP.POP.TOTL)",2011 (YR2011),Preliminary.
FootNote,Ukraine (UKR),"Population, total (SP.POP.TOTL)",2012 (YR2012),Preliminary.
FootNote,Ukraine (UKR),"Foreign direct investment, net inflows in reporting economy (DRS, current US$) (BX.KLT.DINV.CD.DT)",1992 (YR1992),"Source: United Nations Conference on Trade and Development, Foreign Direct Investment Online database."
FootNote,Ukraine (UKR),"Foreign direct investment, net inflows in reporting economy (DRS, current US$) (BX.KLT.DINV.CD.DT)",1993 (YR1993),"Source: United Nations Conference on Trade and Development, Foreign Direct Investment Online database."
FootNote,Uzbekistan (UZB),"Population, total (SP.POP.TOTL)",2019 (YR2019),Preliminary.
FootNote,Uzbekistan (UZB),Current account balance (current US$) (BN.CAB.XOKA.CD),2002 (YR2002),"Source: United Nations Conference on Trade and Development, Balance of Payments Online database."
FootNote,Uzbekistan (UZB),Current account balance (current US$) (BN.CAB.XOKA.CD),2004 (YR2004),"Source: United Nations Conference on Trade and Development, Balance of Payments Online database."
FootNote,Uzbekistan (UZB),Current account balance (current US$) (BN.CAB.XOKA.CD),2001 (YR2001),"Source: United Nations Conference on Trade and Development, Balance of Payments Online database."
FootNote,Uzbekistan (UZB),Current account balance (current US$) (BN.CAB.XOKA.CD),2003 (YR2003),"Source: United Nations Conference on Trade and Development, Balance of Payments Online database."
FootNote,Uzbekistan (UZB),"Foreign direct investment, net inflows in reporting economy (DRS, current US$) (BX.KLT.DINV.CD.DT)",2004 (YR2004),"Source: United Nations Conference on Trade and Development, Foreign Direct Investment Online database."
FootNote,Uzbekistan (UZB),"Foreign direct investment, net inflows in reporting economy (DRS, current US$) (BX.KLT.DINV.CD.DT)",2002 (YR2002),"Source: United Nations Conference on Trade and Development, Foreign Direct Investment Online database."
FootNote,Uzbekistan (UZB),"Foreign direct investment, net inflows in reporting economy (DRS, current US$) (BX.KLT.DINV.CD.DT)",2001 (YR2001),"Source: United Nations Conference on Trade and Development, Foreign Direct Investment Online database."
FootNote,Uzbekistan (UZB),"Foreign direct investment, net inflows in reporting economy (DRS, current US$) (BX.KLT.DINV.CD.DT)",2003 (YR2003),"Source: United Nations Conference on Trade and Development, Foreign Direct Investment Online database."
FootNote,Uzbekistan (UZB),"Foreign direct investment, net inflows in reporting economy (DRS, current US$) (BX.KLT.DINV.CD.DT)",1995 (YR1995),"Source: United Nations Conference on Trade and Development, Foreign Direct Investment Online database."
FootNote,Uzbekistan (UZB),"Foreign direct investment, net inflows in reporting economy (DRS, current US$) (BX.KLT.DINV.CD.DT)",1994 (YR1994),"Source: United Nations Conference on Trade and Development, Foreign Direct Investment Online database."
FootNote,Uzbekistan (UZB),"Foreign direct investment, net inflows in reporting economy (DRS, current US$) (BX.KLT.DINV.CD.DT)",1999 (YR1999),"Source: United Nations Conference on Trade and Development, Foreign Direct Investment Online database."
FootNote,Uzbekistan (UZB),"Foreign direct investment, net inflows in reporting economy (DRS, current US$) (BX.KLT.DINV.CD.DT)",1998 (YR1998),"Source: United Nations Conference on Trade and Development, Foreign Direct Investment Online database."
FootNote,Uzbekistan (UZB),"Foreign direct investment, net inflows in reporting economy (DRS, current US$) (BX.KLT.DINV.CD.DT)",1992 (YR1992),"Source: United Nations Conference on Trade and Development, Foreign Direct Investment Online database."
FootNote,Uzbekistan (UZB),"Foreign direct investment, net inflows in reporting economy (DRS, current US$) (BX.KLT.DINV.CD.DT)",1996 (YR1996),"Source: United Nations Conference on Trade and Development, Foreign Direct Investment Online database."
FootNote,Uzbekistan (UZB),"Foreign direct investment, net inflows in reporting economy (DRS, current US$) (BX.KLT.DINV.CD.DT)",1997 (YR1997),"Source: United Nations Conference on Trade and Development, Foreign Direct Investment Online database."
FootNote,Uzbekistan (UZB),"Foreign direct investment, net inflows in reporting economy (DRS, current US$) (BX.KLT.DINV.CD.DT)",1993 (YR1993),"Source: United Nations Conference on Trade and Development, Foreign Direct Investment Online database."
FootNote,Uzbekistan (UZB),Current account balance (current US$) (BN.CAB.XOKA.CD),2000 (YR2000),"Source: United Nations Conference on Trade and Development, Balance of Payments Online database."
FootNote,Uzbekistan (UZB),"Foreign direct investment, net inflows in reporting economy (DRS, current US$) (BX.KLT.DINV.CD.DT)",2000 (YR2000),"Source: United Nations Conference on Trade and Development, Foreign Direct Investment Online database."
FootNote,Vanuatu (VUT),"Foreign direct investment, net inflows in reporting economy (DRS, current US$) (BX.KLT.DINV.CD.DT)",2023 (YR2023),"Source: United Nations Conference on Trade and Development, Foreign Direct Investment Online database."
FootNote,Vanuatu (VUT),"Foreign direct investment, net inflows in reporting economy (DRS, current US$) (BX.KLT.DINV.CD.DT)",2024 (YR2024),"Source: United Nations Conference on Trade and Development, Foreign Direct Investment Online database."
FootNote,Vanuatu (VUT),"Personal transfers and compensation of employees, received (current US$) (BX.TRF.PWKR.CD.DT)",2023 (YR2023),"Source: United Nations Conference on Trade and Development, Balance of Payments Online database."
FootNote,Vanuatu (VUT),"Imports of goods, services and primary income (current US$) (BM.GSR.TOTL.CD)",2024 (YR2024),Gap-filled with countries' balance of payments statistics.
FootNote,Vanuatu (VUT),Primary income on FDI (current US$) (BX.KLT.DREM.CD.DT),2023 (YR2023),Gap-filled with countries' balance of payments statistics.
FootNote,Vanuatu (VUT),"Personal transfers and compensation of employees, received (current US$) (BX.TRF.PWKR.CD.DT)",2024 (YR2024),"Data on Personal Transfers and Compensation of Employees are prepared by World Bank staff based on IMF's Balance of Payments statistics and data releases from central banks, national statistical agencies, and World Bank country desks."
FootNote,Vanuatu (VUT),Current account balance (current US$) (BN.CAB.XOKA.CD),2023 (YR2023),Gap-filled with countries' balance of payments statistics.
FootNote,Vanuatu (VUT),Current account balance (current US$) (BN.CAB.XOKA.CD),2024 (YR2024),Gap-filled with countries' balance of payments statistics.
FootNote,Vanuatu (VUT),"Imports of goods, services and primary income (current US$) (BM.GSR.TOTL.CD)",2023 (YR2023),Gap-filled with countries' balance of payments statistics.
FootNote,Vanuatu (VUT),"Exports of goods, services and primary income (current US$) (BX.GSR.TOTL.CD)",2023 (YR2023),Gap-filled with countries' balance of payments statistics.
FootNote,Vanuatu (VUT),"Exports of goods, services and primary income (current US$) (BX.GSR.TOTL.CD)",2024 (YR2024),Gap-filled with countries' balance of payments statistics.
FootNote,Vanuatu (VUT),"Foreign direct investment, net inflows in reporting economy (DRS, current US$) (BX.KLT.DINV.CD.DT)",1979 (YR1979),"Source: United Nations Conference on Trade and Development, Foreign Direct Investment Online database."
FootNote,Vanuatu (VUT),"Foreign direct investment, net inflows in reporting economy (DRS, current US$) (BX.KLT.DINV.CD.DT)",1972 (YR1972),"Source: United Nations Conference on Trade and Development, Foreign Direct Investment Online database."
FootNote,Vanuatu (VUT),"Foreign direct investment, net inflows in reporting economy (DRS, current US$) (BX.KLT.DINV.CD.DT)",1976 (YR1976),"Source: United Nations Conference on Trade and Development, Foreign Direct Investment Online database."
FootNote,Vanuatu (VUT),"Foreign direct investment, net inflows in reporting economy (DRS, current US$) (BX.KLT.DINV.CD.DT)",1981 (YR1981),"Source: United Nations Conference on Trade and Development, Foreign Direct Investment Online database."
FootNote,Vanuatu (VUT),"Foreign direct investment, net inflows in reporting economy (DRS, current US$) (BX.KLT.DINV.CD.DT)",1974 (YR1974),"Source: United Nations Conference on Trade and Development, Foreign Direct Investment Online database."
FootNote,Vanuatu (VUT),"Foreign direct investment, net inflows in reporting economy (DRS, current US$) (BX.KLT.DINV.CD.DT)",1975 (YR1975),"Source: United Nations Conference on Trade and Development, Foreign Direct Investment Online database."
FootNote,Vanuatu (VUT),"Foreign direct investment, net inflows in reporting economy (DRS, current US$) (BX.KLT.DINV.CD.DT)",1971 (YR1971),"Source: United Nations Conference on Trade and Development, Foreign Direct Investment Online database."
FootNote,Vanuatu (VUT),"Foreign direct investment, net inflows in reporting economy (DRS, current US$) (BX.KLT.DINV.CD.DT)",1973 (YR1973),"Source: United Nations Conference on Trade and Development, Foreign Direct Investment Online database."
FootNote,Vanuatu (VUT),"Foreign direct investment, net inflows in reporting economy (DRS, current US$) (BX.KLT.DINV.CD.DT)",1978 (YR1978),"Source: United Nations Conference on Trade and Development, Foreign Direct Investment Online database."
FootNote,Vanuatu (VUT),"Foreign direct investment, net inflows in reporting economy (DRS, current US$) (BX.KLT.DINV.CD.DT)",1980 (YR1980),"Source: United Nations Conference on Trade and Development, Foreign Direct Investment Online database."
FootNote,Vanuatu (VUT),"Foreign direct investment, net inflows in reporting economy (DRS, current US$) (BX.KLT.DINV.CD.DT)",1977 (YR1977),"Source: United Nations Conference on Trade and Development, Foreign Direct Investment Online database."
FootNote,Viet Nam (VNM),"Personal transfers and compensation of employees, received (current US$) (BX.TRF.PWKR.CD.DT)",2020 (YR2020),"Source: United Nations Conference on Trade and Development, Balance of Payments Online database."
FootNote,Viet Nam (VNM),"Personal transfers and compensation of employees, received (current US$) (BX.TRF.PWKR.CD.DT)",2021 (YR2021),"Source: United Nations Conference on Trade and Development, Balance of Payments Online database."
FootNote,Viet Nam (VNM),"Personal transfers and compensation of employees, received (current US$) (BX.TRF.PWKR.CD.DT)",2024 (YR2024),"Data on Personal Transfers and Compensation of Employees are prepared by World Bank staff based on IMF's Balance of Payments statistics and data releases from central banks, national statistical agencies, and World Bank country desks."
FootNote,Viet Nam (VNM),"Personal transfers and compensation of employees, received (current US$) (BX.TRF.PWKR.CD.DT)",2019 (YR2019),"Source: United Nations Conference on Trade and Development, Balance of Payments Online database."
FootNote,Viet Nam (VNM),"Personal transfers and compensation of employees, received (current US$) (BX.TRF.PWKR.CD.DT)",2017 (YR2017),"Source: United Nations Conference on Trade and Development, Balance of Payments Online database."
FootNote,Viet Nam (VNM),"Personal transfers and compensation of employees, received (current US$) (BX.TRF.PWKR.CD.DT)",2018 (YR2018),"Source: United Nations Conference on Trade and Development, Balance of Payments Online database."
FootNote,Viet Nam (VNM),"Personal transfers and compensation of employees, received (current US$) (BX.TRF.PWKR.CD.DT)",2022 (YR2022),"Source: United Nations Conference on Trade and Development, Balance of Payments Online database."
FootNote,Viet Nam (VNM),"Personal transfers and compensation of employees, received (current US$) (BX.TRF.PWKR.CD.DT)",2023 (YR2023),"Source: United Nations Conference on Trade and Development, Balance of Payments Online database."
FootNote,Viet Nam (VNM),"Foreign direct investment, net inflows in reporting economy (DRS, current US$) (BX.KLT.DINV.CD.DT)",2005 (YR2005),"Source: United Nations Conference on Trade and Development, Foreign Direct Investment Online database."
FootNote,Viet Nam (VNM),"Foreign direct investment, net inflows in reporting economy (DRS, current US$) (BX.KLT.DINV.CD.DT)",2004 (YR2004),"Source: United Nations Conference on Trade and Development, Foreign Direct Investment Online database."
FootNote,Viet Nam (VNM),"Personal transfers and compensation of employees, received (current US$) (BX.TRF.PWKR.CD.DT)",2011 (YR2011),"Source: United Nations Conference on Trade and Development, Balance of Payments Online database."
FootNote,Viet Nam (VNM),"Personal transfers and compensation of employees, received (current US$) (BX.TRF.PWKR.CD.DT)",2009 (YR2009),"Source: United Nations Conference on Trade and Development, Balance of Payments Online database."
FootNote,Viet Nam (VNM),"Personal transfers and compensation of employees, received (current US$) (BX.TRF.PWKR.CD.DT)",2008 (YR2008),"Source: United Nations Conference on Trade and Development, Balance of Payments Online database."
FootNote,Viet Nam (VNM),"Personal transfers and compensation of employees, received (current US$) (BX.TRF.PWKR.CD.DT)",2013 (YR2013),"Source: United Nations Conference on Trade and Development, Balance of Payments Online database."
FootNote,Viet Nam (VNM),"Personal transfers and compensation of employees, received (current US$) (BX.TRF.PWKR.CD.DT)",2014 (YR2014),"Source: United Nations Conference on Trade and Development, Balance of Payments Online database."
FootNote,Viet Nam (VNM),"Personal transfers and compensation of employees, received (current US$) (BX.TRF.PWKR.CD.DT)",2012 (YR2012),"Source: United Nations Conference on Trade and Development, Balance of Payments Online database."
FootNote,Viet Nam (VNM),"Personal transfers and compensation of employees, received (current US$) (BX.TRF.PWKR.CD.DT)",2010 (YR2010),"Source: United Nations Conference on Trade and Development, Balance of Payments Online database."
FootNote,Viet Nam (VNM),"Personal transfers and compensation of employees, received (current US$) (BX.TRF.PWKR.CD.DT)",2007 (YR2007),"Source: United Nations Conference on Trade and Development, Balance of Payments Online database."
FootNote,Viet Nam (VNM),"Personal transfers and compensation of employees, received (current US$) (BX.TRF.PWKR.CD.DT)",2015 (YR2015),"Source: United Nations Conference on Trade and Development, Balance of Payments Online database."
FootNote,Viet Nam (VNM),"Personal transfers and compensation of employees, received (current US$) (BX.TRF.PWKR.CD.DT)",2016 (YR2016),"Source: United Nations Conference on Trade and Development, Balance of Payments Online database."
FootNote,Viet Nam (VNM),"Foreign direct investment, net inflows in reporting economy (DRS, current US$) (BX.KLT.DINV.CD.DT)",2003 (YR2003),"Source: United Nations Conference on Trade and Development, Foreign Direct Investment Online database."
FootNote,Viet Nam (VNM),"Foreign direct investment, net inflows in reporting economy (DRS, current US$) (BX.KLT.DINV.CD.DT)",2001 (YR2001),"Source: United Nations Conference on Trade and Development, Foreign Direct Investment Online database."
FootNote,Viet Nam (VNM),"Foreign direct investment, net inflows in reporting economy (DRS, current US$) (BX.KLT.DINV.CD.DT)",2002 (YR2002),"Source: United Nations Conference on Trade and Development, Foreign Direct Investment Online database."
FootNote,Viet Nam (VNM),"Foreign direct investment, net inflows in reporting economy (DRS, current US$) (BX.KLT.DINV.CD.DT)",2000 (YR2000),"Source: United Nations Conference on Trade and Development, Foreign Direct Investment Online database."
FootNote,Viet Nam (VNM),"Foreign direct investment, net inflows in reporting economy (DRS, current US$) (BX.KLT.DINV.CD.DT)",1991 (YR1991),"Source: United Nations Conference on Trade and Development, Foreign Direct Investment Online database."
FootNote,Viet Nam (VNM),"Foreign direct investment, net inflows in reporting economy (DRS, current US$) (BX.KLT.DINV.CD.DT)",1992 (YR1992),"Source: United Nations Conference on Trade and Development, Foreign Direct Investment Online database."
FootNote,Viet Nam (VNM),"Foreign direct investment, net inflows in reporting economy (DRS, current US$) (BX.KLT.DINV.CD.DT)",1994 (YR1994),"Source: United Nations Conference on Trade and Development, Foreign Direct Investment Online database."
FootNote,Viet Nam (VNM),"Foreign direct investment, net inflows in reporting economy (DRS, current US$) (BX.KLT.DINV.CD.DT)",1995 (YR1995),"Source: United Nations Conference on Trade and Development, Foreign Direct Investment Online database."
FootNote,Viet Nam (VNM),"Foreign direct investment, net inflows in reporting economy (DRS, current US$) (BX.KLT.DINV.CD.DT)",1990 (YR1990),"Source: United Nations Conference on Trade and Development, Foreign Direct Investment Online database."
FootNote,Viet Nam (VNM),"Foreign direct investment, net inflows in reporting economy (DRS, current US$) (BX.KLT.DINV.CD.DT)",1993 (YR1993),"Source: United Nations Conference on Trade and Development, Foreign Direct Investment Online database."
FootNote,Viet Nam (VNM),"Foreign direct investment, net inflows in reporting economy (DRS, current US$) (BX.KLT.DINV.CD.DT)",1988 (YR1988),"Source: United Nations Conference on Trade and Development, Foreign Direct Investment Online database."
FootNote,Viet Nam (VNM),"Foreign direct investment, net inflows in reporting economy (DRS, current US$) (BX.KLT.DINV.CD.DT)",1986 (YR1986),"Source: United Nations Conference on Trade and Development, Foreign Direct Investment Online database."
FootNote,Viet Nam (VNM),"Foreign direct investment, net inflows in reporting economy (DRS, current US$) (BX.KLT.DINV.CD.DT)",1987 (YR1987),"Source: United Nations Conference on Trade and Development, Foreign Direct Investment Online database."
FootNote,Viet Nam (VNM),"Foreign direct investment, net inflows in reporting economy (DRS, current US$) (BX.KLT.DINV.CD.DT)",1989 (YR1989),"Source: United Nations Conference on Trade and Development, Foreign Direct Investment Online database."
FootNote,Viet Nam (VNM),"Foreign direct investment, net inflows in reporting economy (DRS, current US$) (BX.KLT.DINV.CD.DT)",1985 (YR1985),"Source: United Nations Conference on Trade and Development, Foreign Direct Investment Online database."
FootNote,Viet Nam (VNM),"Foreign direct investment, net inflows in reporting economy (DRS, current US$) (BX.KLT.DINV.CD.DT)",1983 (YR1983),"Source: United Nations Conference on Trade and Development, Foreign Direct Investment Online database."
FootNote,Viet Nam (VNM),"Foreign direct investment, net inflows in reporting economy (DRS, current US$) (BX.KLT.DINV.CD.DT)",1975 (YR1975),"Source: United Nations Conference on Trade and Development, Foreign Direct Investment Online database."
FootNote,Viet Nam (VNM),"Foreign direct investment, net inflows in reporting economy (DRS, current US$) (BX.KLT.DINV.CD.DT)",1971 (YR1971),"Source: United Nations Conference on Trade and Development, Foreign Direct Investment Online database."
FootNote,Viet Nam (VNM),"Foreign direct investment, net inflows in reporting economy (DRS, current US$) (BX.KLT.DINV.CD.DT)",1980 (YR1980),"Source: United Nations Conference on Trade and Development, Foreign Direct Investment Online database."
FootNote,Viet Nam (VNM),"Foreign direct investment, net inflows in reporting economy (DRS, current US$) (BX.KLT.DINV.CD.DT)",1976 (YR1976),"Source: United Nations Conference on Trade and Development, Foreign Direct Investment Online database."
FootNote,Viet Nam (VNM),"Foreign direct investment, net inflows in reporting economy (DRS, current US$) (BX.KLT.DINV.CD.DT)",1978 (YR1978),"Source: United Nations Conference on Trade and Development, Foreign Direct Investment Online database."
FootNote,Viet Nam (VNM),"Foreign direct investment, net inflows in reporting economy (DRS, current US$) (BX.KLT.DINV.CD.DT)",1970 (YR1970),"Source: United Nations Conference on Trade and Development, Foreign Direct Investment Online database."
FootNote,Viet Nam (VNM),"Foreign direct investment, net inflows in reporting economy (DRS, current US$) (BX.KLT.DINV.CD.DT)",1981 (YR1981),"Source: United Nations Conference on Trade and Development, Foreign Direct Investment Online database."
FootNote,Viet Nam (VNM),"Foreign direct investment, net inflows in reporting economy (DRS, current US$) (BX.KLT.DINV.CD.DT)",1984 (YR1984),"Source: United Nations Conference on Trade and Development, Foreign Direct Investment Online database."
FootNote,Viet Nam (VNM),"Foreign direct investment, net inflows in reporting economy (DRS, current US$) (BX.KLT.DINV.CD.DT)",1973 (YR1973),"Source: United Nations Conference on Trade and Development, Foreign Direct Investment Online database."
FootNote,Viet Nam (VNM),"Foreign direct investment, net inflows in reporting economy (DRS, current US$) (BX.KLT.DINV.CD.DT)",1972 (YR1972),"Source: United Nations Conference on Trade and Development, Foreign Direct Investment Online database."
FootNote,Viet Nam (VNM),"Foreign direct investment, net inflows in reporting economy (DRS, current US$) (BX.KLT.DINV.CD.DT)",1982 (YR1982),"Source: United Nations Conference on Trade and Development, Foreign Direct Investment Online database."
FootNote,Viet Nam (VNM),"Foreign direct investment, net inflows in reporting economy (DRS, current US$) (BX.KLT.DINV.CD.DT)",1979 (YR1979),"Source: United Nations Conference on Trade and Development, Foreign Direct Investment Online database."
FootNote,Viet Nam (VNM),"Foreign direct investment, net inflows in reporting economy (DRS, current US$) (BX.KLT.DINV.CD.DT)",1974 (YR1974),"Source: United Nations Conference on Trade and Development, Foreign Direct Investment Online database."
FootNote,Viet Nam (VNM),"Foreign direct investment, net inflows in reporting economy (DRS, current US$) (BX.KLT.DINV.CD.DT)",1977 (YR1977),"Source: United Nations Conference on Trade and Development, Foreign Direct Investment Online database."
FootNote,"Yemen, Rep. (YEM)","Foreign direct investment, net inflows in reporting economy (DRS, current US$) (BX.KLT.DINV.CD.DT)",2017 (YR2017),"Source: United Nations Conference on Trade and Development, Foreign Direct Investment Online database."
FootNote,"Yemen, Rep. (YEM)","Foreign direct investment, net inflows in reporting economy (DRS, current US$) (BX.KLT.DINV.CD.DT)",2018 (YR2018),"Source: United Nations Conference on Trade and Development, Foreign Direct Investment Online database."
FootNote,"Yemen, Rep. (YEM)","Personal transfers and compensation of employees, received (current US$) (BX.TRF.PWKR.CD.DT)",2021 (YR2021),"Source: United Nations Conference on Trade and Development, Balance of Payments Online database."
FootNote,"Yemen, Rep. (YEM)","Personal transfers and compensation of employees, received (current US$) (BX.TRF.PWKR.CD.DT)",2017 (YR2017),"Source: United Nations Conference on Trade and Development, Balance of Payments Online database."
FootNote,"Yemen, Rep. (YEM)","Personal transfers and compensation of employees, received (current US$) (BX.TRF.PWKR.CD.DT)",2023 (YR2023),"Source: United Nations Conference on Trade and Development, Balance of Payments Online database."
FootNote,"Yemen, Rep. (YEM)","Foreign direct investment, net inflows in reporting economy (DRS, current US$) (BX.KLT.DINV.CD.DT)",2019 (YR2019),"Source: United Nations Conference on Trade and Development, Foreign Direct Investment Online database."
FootNote,"Yemen, Rep. (YEM)","Foreign direct investment, net inflows in reporting economy (DRS, current US$) (BX.KLT.DINV.CD.DT)",2024 (YR2024),"Source: United Nations Conference on Trade and Development, Foreign Direct Investment Online database."
FootNote,"Yemen, Rep. (YEM)","Personal transfers and compensation of employees, received (current US$) (BX.TRF.PWKR.CD.DT)",2022 (YR2022),"Source: United Nations Conference on Trade and Development, Balance of Payments Online database."
FootNote,"Yemen, Rep. (YEM)","Personal transfers and compensation of employees, received (current US$) (BX.TRF.PWKR.CD.DT)",2019 (YR2019),"Source: United Nations Conference on Trade and Development, Balance of Payments Online database."
FootNote,"Yemen, Rep. (YEM)","Personal transfers and compensation of employees, received (current US$) (BX.TRF.PWKR.CD.DT)",2018 (YR2018),"Source: United Nations Conference on Trade and Development, Balance of Payments Online database."
FootNote,"Yemen, Rep. (YEM)","Personal transfers and compensation of employees, received (current US$) (BX.TRF.PWKR.CD.DT)",2020 (YR2020),"Source: United Nations Conference on Trade and Development, Balance of Payments Online database."
FootNote,"Yemen, Rep. (YEM)","Personal transfers and compensation of employees, received (current US$) (BX.TRF.PWKR.CD.DT)",2024 (YR2024),"Data on Personal Transfers and Compensation of Employees are prepared by World Bank staff based on IMF's Balance of Payments statistics and data releases from central banks, national statistical agencies, and World Bank country desks."
FootNote,"Yemen, Rep. (YEM)",Current account balance (current US$) (BN.CAB.XOKA.CD),2002 (YR2002),"Source: United Nations Conference on Trade and Development, Balance of Payments Online database."
FootNote,"Yemen, Rep. (YEM)",Current account balance (current US$) (BN.CAB.XOKA.CD),2001 (YR2001),"Source: United Nations Conference on Trade and Development, Balance of Payments Online database."
FootNote,"Yemen, Rep. (YEM)",Current account balance (current US$) (BN.CAB.XOKA.CD),2003 (YR2003),"Source: United Nations Conference on Trade and Development, Balance of Payments Online database."
FootNote,"Yemen, Rep. (YEM)",Current account balance (current US$) (BN.CAB.XOKA.CD),2004 (YR2004),"Source: United Nations Conference on Trade and Development, Balance of Payments Online database."
FootNote,"Yemen, Rep. (YEM)","Imports of goods, services and primary income (current US$) (BM.GSR.TOTL.CD)",2004 (YR2004),"Source: United Nations Conference on Trade and Development, Balance of Payments Online database."
FootNote,"Yemen, Rep. (YEM)","Imports of goods, services and primary income (current US$) (BM.GSR.TOTL.CD)",2003 (YR2003),"Source: United Nations Conference on Trade and Development, Balance of Payments Online database."
FootNote,"Yemen, Rep. (YEM)","Imports of goods, services and primary income (current US$) (BM.GSR.TOTL.CD)",2001 (YR2001),"Source: United Nations Conference on Trade and Development, Balance of Payments Online database."
FootNote,"Yemen, Rep. (YEM)","Exports of goods, services and primary income (current US$) (BX.GSR.TOTL.CD)",2002 (YR2002),"Source: United Nations Conference on Trade and Development, Balance of Payments Online database."
FootNote,"Yemen, Rep. (YEM)","Exports of goods, services and primary income (current US$) (BX.GSR.TOTL.CD)",2001 (YR2001),"Source: United Nations Conference on Trade and Development, Balance of Payments Online database."
FootNote,"Yemen, Rep. (YEM)","Exports of goods, services and primary income (current US$) (BX.GSR.TOTL.CD)",2004 (YR2004),"Source: United Nations Conference on Trade and Development, Balance of Payments Online database."
FootNote,"Yemen, Rep. (YEM)","Exports of goods, services and primary income (current US$) (BX.GSR.TOTL.CD)",2003 (YR2003),"Source: United Nations Conference on Trade and Development, Balance of Payments Online database."
FootNote,"Yemen, Rep. (YEM)","Foreign direct investment, net inflows in reporting economy (DRS, current US$) (BX.KLT.DINV.CD.DT)",2002 (YR2002),"Source: United Nations Conference on Trade and Development, Foreign Direct Investment Online database."
FootNote,"Yemen, Rep. (YEM)","Foreign direct investment, net inflows in reporting economy (DRS, current US$) (BX.KLT.DINV.CD.DT)",2001 (YR2001),"Source: United Nations Conference on Trade and Development, Foreign Direct Investment Online database."
FootNote,"Yemen, Rep. (YEM)","Personal transfers and compensation of employees, received (current US$) (BX.TRF.PWKR.CD.DT)",2003 (YR2003),"Source: United Nations Conference on Trade and Development, Balance of Payments Online database."
FootNote,"Yemen, Rep. (YEM)","Personal transfers and compensation of employees, received (current US$) (BX.TRF.PWKR.CD.DT)",2002 (YR2002),"Source: United Nations Conference on Trade and Development, Balance of Payments Online database."
FootNote,"Yemen, Rep. (YEM)","Imports of goods, services and primary income (current US$) (BM.GSR.TOTL.CD)",2002 (YR2002),"Source: United Nations Conference on Trade and Development, Balance of Payments Online database."
FootNote,"Yemen, Rep. (YEM)",Primary income on FDI (current US$) (BX.KLT.DREM.CD.DT),2002 (YR2002),"Source: United Nations Conference on Trade and Development, Balance of Payments Online database."
FootNote,"Yemen, Rep. (YEM)",Primary income on FDI (current US$) (BX.KLT.DREM.CD.DT),2004 (YR2004),"Source: United Nations Conference on Trade and Development, Balance of Payments Online database."
FootNote,"Yemen, Rep. (YEM)",Primary income on FDI (current US$) (BX.KLT.DREM.CD.DT),2001 (YR2001),"Source: United Nations Conference on Trade and Development, Balance of Payments Online database."
FootNote,"Yemen, Rep. (YEM)",Primary income on FDI (current US$) (BX.KLT.DREM.CD.DT),2003 (YR2003),"Source: United Nations Conference on Trade and Development, Balance of Payments Online database."
FootNote,"Yemen, Rep. (YEM)","Personal transfers and compensation of employees, received (current US$) (BX.TRF.PWKR.CD.DT)",2001 (YR2001),"Source: United Nations Conference on Trade and Development, Balance of Payments Online database."
FootNote,"Yemen, Rep. (YEM)","Personal transfers and compensation of employees, received (current US$) (BX.TRF.PWKR.CD.DT)",2004 (YR2004),"Source: United Nations Conference on Trade and Development, Balance of Payments Online database."
FootNote,"Yemen, Rep. (YEM)","Foreign direct investment, net inflows in reporting economy (DRS, current US$) (BX.KLT.DINV.CD.DT)",2003 (YR2003),"Source: United Nations Conference on Trade and Development, Foreign Direct Investment Online database."
FootNote,"Yemen, Rep. (YEM)","Foreign direct investment, net inflows in reporting economy (DRS, current US$) (BX.KLT.DINV.CD.DT)",2004 (YR2004),"Source: United Nations Conference on Trade and Development, Foreign Direct Investment Online database."
FootNote,"Yemen, Rep. (YEM)","Foreign direct investment, net inflows in reporting economy (DRS, current US$) (BX.KLT.DINV.CD.DT)",2005 (YR2005),"Source: United Nations Conference on Trade and Development, Foreign Direct Investment Online database."
FootNote,"Yemen, Rep. (YEM)","Exports of goods, services and primary income (current US$) (BX.GSR.TOTL.CD)",2000 (YR2000),"Source: United Nations Conference on Trade and Development, Balance of Payments Online database."
FootNote,"Yemen, Rep. (YEM)","Imports of goods, services and primary income (current US$) (BM.GSR.TOTL.CD)",2000 (YR2000),"Source: United Nations Conference on Trade and Development, Balance of Payments Online database."
FootNote,"Yemen, Rep. (YEM)",Primary income on FDI (current US$) (BX.KLT.DREM.CD.DT),2000 (YR2000),"Source: United Nations Conference on Trade and Development, Balance of Payments Online database."
FootNote,"Yemen, Rep. (YEM)","Personal transfers and compensation of employees, received (current US$) (BX.TRF.PWKR.CD.DT)",2000 (YR2000),"Source: United Nations Conference on Trade and Development, Balance of Payments Online database."
FootNote,"Yemen, Rep. (YEM)","Foreign direct investment, net inflows in reporting economy (DRS, current US$) (BX.KLT.DINV.CD.DT)",2000 (YR2000),"Source: United Nations Conference on Trade and Development, Foreign Direct Investment Online database."
FootNote,"Yemen, Rep. (YEM)",Current account balance (current US$) (BN.CAB.XOKA.CD),2000 (YR2000),"Source: United Nations Conference on Trade and Development, Balance of Payments Online database."
FootNote,"Yemen, Rep. (YEM)","Foreign direct investment, net inflows in reporting economy (DRS, current US$) (BX.KLT.DINV.CD.DT)",1988 (YR1988),"Data are for People's Democratic Republic of Yemen. Source: United Nations Conference on Trade and Development, Foreign Direct Investment Online database."
FootNote,"Yemen, Rep. (YEM)","Foreign direct investment, net inflows in reporting economy (DRS, current US$) (BX.KLT.DINV.CD.DT)",1987 (YR1987),"Data are for People's Democratic Republic of Yemen. Source: United Nations Conference on Trade and Development, Foreign Direct Investment Online database."
FootNote,"Yemen, Rep. (YEM)","Foreign direct investment, net inflows in reporting economy (DRS, current US$) (BX.KLT.DINV.CD.DT)",1985 (YR1985),"Data are for People's Democratic Republic of Yemen. Source: United Nations Conference on Trade and Development, Foreign Direct Investment Online database."
FootNote,"Yemen, Rep. (YEM)","Foreign direct investment, net inflows in reporting economy (DRS, current US$) (BX.KLT.DINV.CD.DT)",1989 (YR1989),"Data are for People's Democratic Republic of Yemen. Source: United Nations Conference on Trade and Development, Foreign Direct Investment Online database."
FootNote,"Yemen, Rep. (YEM)","Foreign direct investment, net inflows in reporting economy (DRS, current US$) (BX.KLT.DINV.CD.DT)",1986 (YR1986),"Data are for People's Democratic Republic of Yemen. Source: United Nations Conference on Trade and Development, Foreign Direct Investment Online database."
FootNote,"Yemen, Rep. (YEM)","Foreign direct investment, net inflows in reporting economy (DRS, current US$) (BX.KLT.DINV.CD.DT)",1975 (YR1975),"Data are for People's Democratic Republic of Yemen. Source: United Nations Conference on Trade and Development, Foreign Direct Investment Online database."
FootNote,"Yemen, Rep. (YEM)","Foreign direct investment, net inflows in reporting economy (DRS, current US$) (BX.KLT.DINV.CD.DT)",1976 (YR1976),"Data are for People's Democratic Republic of Yemen. Source: United Nations Conference on Trade and Development, Foreign Direct Investment Online database."
FootNote,"Yemen, Rep. (YEM)","Foreign direct investment, net inflows in reporting economy (DRS, current US$) (BX.KLT.DINV.CD.DT)",1971 (YR1971),"Data are for People's Democratic Republic of Yemen. Source: United Nations Conference on Trade and Development, Foreign Direct Investment Online database."
FootNote,"Yemen, Rep. (YEM)","Foreign direct investment, net inflows in reporting economy (DRS, current US$) (BX.KLT.DINV.CD.DT)",1977 (YR1977),"Data are for People's Democratic Republic of Yemen. Source: United Nations Conference on Trade and Development, Foreign Direct Investment Online database."
FootNote,"Yemen, Rep. (YEM)","Foreign direct investment, net inflows in reporting economy (DRS, current US$) (BX.KLT.DINV.CD.DT)",1974 (YR1974),"Data are for People's Democratic Republic of Yemen. Source: United Nations Conference on Trade and Development, Foreign Direct Investment Online database."
FootNote,"Yemen, Rep. (YEM)","Foreign direct investment, net inflows in reporting economy (DRS, current US$) (BX.KLT.DINV.CD.DT)",1970 (YR1970),"Data are for People's Democratic Republic of Yemen. Source: United Nations Conference on Trade and Development, Foreign Direct Investment Online database."
FootNote,"Yemen, Rep. (YEM)","Foreign direct investment, net inflows in reporting economy (DRS, current US$) (BX.KLT.DINV.CD.DT)",1972 (YR1972),"Data are for People's Democratic Republic of Yemen. Source: United Nations Conference on Trade and Development, Foreign Direct Investment Online database."
FootNote,"Yemen, Rep. (YEM)","Foreign direct investment, net inflows in reporting economy (DRS, current US$) (BX.KLT.DINV.CD.DT)",1981 (YR1981),"Data are for People's Democratic Republic of Yemen. Source: United Nations Conference on Trade and Development, Foreign Direct Investment Online database."
FootNote,"Yemen, Rep. (YEM)","Foreign direct investment, net inflows in reporting economy (DRS, current US$) (BX.KLT.DINV.CD.DT)",1973 (YR1973),"Data are for People's Democratic Republic of Yemen. Source: United Nations Conference on Trade and Development, Foreign Direct Investment Online database."
FootNote,"Yemen, Rep. (YEM)","Foreign direct investment, net inflows in reporting economy (DRS, current US$) (BX.KLT.DINV.CD.DT)",1980 (YR1980),"Data are for People's Democratic Republic of Yemen. Source: United Nations Conference on Trade and Development, Foreign Direct Investment Online database."
FootNote,"Yemen, Rep. (YEM)","Foreign direct investment, net inflows in reporting economy (DRS, current US$) (BX.KLT.DINV.CD.DT)",1978 (YR1978),"Data are for People's Democratic Republic of Yemen. Source: United Nations Conference on Trade and Development, Foreign Direct Investment Online database."
FootNote,"Yemen, Rep. (YEM)","Foreign direct investment, net inflows in reporting economy (DRS, current US$) (BX.KLT.DINV.CD.DT)",1982 (YR1982),"Data are for People's Democratic Republic of Yemen. Source: United Nations Conference on Trade and Development, Foreign Direct Investment Online database."
FootNote,"Yemen, Rep. (YEM)","Foreign direct investment, net inflows in reporting economy (DRS, current US$) (BX.KLT.DINV.CD.DT)",1983 (YR1983),"Data are for People's Democratic Republic of Yemen. Source: United Nations Conference on Trade and Development, Foreign Direct Investment Online database."
FootNote,"Yemen, Rep. (YEM)","Foreign direct investment, net inflows in reporting economy (DRS, current US$) (BX.KLT.DINV.CD.DT)",1984 (YR1984),"Data are for People's Democratic Republic of Yemen. Source: United Nations Conference on Trade and Development, Foreign Direct Investment Online database."
FootNote,"Yemen, Rep. (YEM)","Foreign direct investment, net inflows in reporting economy (DRS, current US$) (BX.KLT.DINV.CD.DT)",1979 (YR1979),"Data are for People's Democratic Republic of Yemen. Source: United Nations Conference on Trade and Development, Foreign Direct Investment Online database."
FootNote,Zambia (ZMB),Primary income on FDI (current US$) (BX.KLT.DREM.CD.DT),2024 (YR2024),Gap-filled with countries' balance of payments statistics.
FootNote,Zambia (ZMB),"Personal transfers and compensation of employees, received (current US$) (BX.TRF.PWKR.CD.DT)",2024 (YR2024),Gap-filled with countries' balance of payments statistics.
FootNote,Zambia (ZMB),"Foreign direct investment, net inflows in reporting economy (DRS, current US$) (BX.KLT.DINV.CD.DT)",2024 (YR2024),"Source: United Nations Conference on Trade and Development, Foreign Direct Investment Online database."
FootNote,Zambia (ZMB),Current account balance (current US$) (BN.CAB.XOKA.CD),2024 (YR2024),Gap-filled with countries' balance of payments statistics.
FootNote,Zambia (ZMB),"Imports of goods, services and primary income (current US$) (BM.GSR.TOTL.CD)",2024 (YR2024),Gap-filled with countries' balance of payments statistics.
FootNote,Zambia (ZMB),"Exports of goods, services and primary income (current US$) (BX.GSR.TOTL.CD)",2024 (YR2024),Gap-filled with countries' balance of payments statistics.
FootNote,Zambia (ZMB),"Portfolio investment, equity (DRS, current US$) (BX.PEF.TOTL.CD.DT)",2024 (YR2024),Gap-filled with countries' balance of payments statistics.
FootNote,Zambia (ZMB),"External debt stocks, total (DOD, current US$) (DT.DOD.DECT.CD)",2006 (YR2006),Data include the effects of MDRI.
FootNote,Zambia (ZMB),Debt forgiveness or reduction (current US$) (DT.DFR.DPPG.CD),2006 (YR2006),Data include the effects of MDRI.
FootNote,Zambia (ZMB),Present value of external debt (% of GNI) (DT.DOD.PVLX.GN.ZS),2009 (YR2009),Data are from debt sustainability analyses for low-income countries. Present value estimates for these countries are for public and publicly guaranteed debt only.
FootNote,Zambia (ZMB),"Present value of external debt (% of exports of goods, services and income) (DT.DOD.PVLX.EX.ZS)",2009 (YR2009),Data are from debt sustainability analyses for low-income countries. Present value estimates for these countries are for public and publicly guaranteed debt only.
FootNote,Zambia (ZMB),"Foreign direct investment, net inflows in reporting economy (DRS, current US$) (BX.KLT.DINV.CD.DT)",1996 (YR1996),"Source: United Nations Conference on Trade and Development, Foreign Direct Investment Online database."
FootNote,Zambia (ZMB),"Foreign direct investment, net inflows in reporting economy (DRS, current US$) (BX.KLT.DINV.CD.DT)",1993 (YR1993),"Source: United Nations Conference on Trade and Development, Foreign Direct Investment Online database."
FootNote,Zambia (ZMB),"Foreign direct investment, net inflows in reporting economy (DRS, current US$) (BX.KLT.DINV.CD.DT)",1995 (YR1995),"Source: United Nations Conference on Trade and Development, Foreign Direct Investment Online database."
FootNote,Zambia (ZMB),"Foreign direct investment, net inflows in reporting economy (DRS, current US$) (BX.KLT.DINV.CD.DT)",1994 (YR1994),"Source: United Nations Conference on Trade and Development, Foreign Direct Investment Online database."
FootNote,Zambia (ZMB),"Foreign direct investment, net inflows in reporting economy (DRS, current US$) (BX.KLT.DINV.CD.DT)",1992 (YR1992),"Source: United Nations Conference on Trade and Development, Foreign Direct Investment Online database."
FootNote,Zambia (ZMB),"Foreign direct investment, net inflows in reporting economy (DRS, current US$) (BX.KLT.DINV.CD.DT)",1972 (YR1972),"Source: United Nations Conference on Trade and Development, Foreign Direct Investment Online database."
FootNote,Zambia (ZMB),"Foreign direct investment, net inflows in reporting economy (DRS, current US$) (BX.KLT.DINV.CD.DT)",1976 (YR1976),"Source: United Nations Conference on Trade and Development, Foreign Direct Investment Online database."
FootNote,Zambia (ZMB),"Foreign direct investment, net inflows in reporting economy (DRS, current US$) (BX.KLT.DINV.CD.DT)",1977 (YR1977),"Source: United Nations Conference on Trade and Development, Foreign Direct Investment Online database."
FootNote,Zambia (ZMB),"Foreign direct investment, net inflows in reporting economy (DRS, current US$) (BX.KLT.DINV.CD.DT)",1975 (YR1975),"Source: United Nations Conference on Trade and Development, Foreign Direct Investment Online database."
FootNote,Zambia (ZMB),"Foreign direct investment, net inflows in reporting economy (DRS, current US$) (BX.KLT.DINV.CD.DT)",1971 (YR1971),"Source: United Nations Conference on Trade and Development, Foreign Direct Investment Online database."
FootNote,Zambia (ZMB),"Foreign direct investment, net inflows in reporting economy (DRS, current US$) (BX.KLT.DINV.CD.DT)",1973 (YR1973),"Source: United Nations Conference on Trade and Development, Foreign Direct Investment Online database."
FootNote,Zambia (ZMB),"Foreign direct investment, net inflows in reporting economy (DRS, current US$) (BX.KLT.DINV.CD.DT)",1974 (YR1974),"Source: United Nations Conference on Trade and Development, Foreign Direct Investment Online database."
FootNote,Zambia (ZMB),"Foreign direct investment, net inflows in reporting economy (DRS, current US$) (BX.KLT.DINV.CD.DT)",1970 (YR1970),"Source: United Nations Conference on Trade and Development, Foreign Direct Investment Online database."
FootNote,Zimbabwe (ZWE),"Foreign direct investment, net inflows in reporting economy (DRS, current US$) (BX.KLT.DINV.CD.DT)",2024 (YR2024),"Source: United Nations Conference on Trade and Development, Foreign Direct Investment Online database."
FootNote,Zimbabwe (ZWE),"Personal transfers and compensation of employees, received (current US$) (BX.TRF.PWKR.CD.DT)",2024 (YR2024),"Data on Personal Transfers and Compensation of Employees are prepared by World Bank staff based on IMF's Balance of Payments statistics and data releases from central banks, national statistical agencies, and World Bank country desks."
FootNote,Zimbabwe (ZWE),Current account balance (current US$) (BN.CAB.XOKA.CD),2006 (YR2006),"Source: United Nations Conference on Trade and Development, Balance of Payments Online database."
FootNote,Zimbabwe (ZWE),Current account balance (current US$) (BN.CAB.XOKA.CD),2007 (YR2007),"Source: United Nations Conference on Trade and Development, Balance of Payments Online database."
FootNote,Zimbabwe (ZWE),Current account balance (current US$) (BN.CAB.XOKA.CD),2002 (YR2002),"Source: United Nations Conference on Trade and Development, Balance of Payments Online database."
FootNote,Zimbabwe (ZWE),Current account balance (current US$) (BN.CAB.XOKA.CD),2005 (YR2005),"Source: United Nations Conference on Trade and Development, Balance of Payments Online database."
FootNote,Zimbabwe (ZWE),Current account balance (current US$) (BN.CAB.XOKA.CD),2001 (YR2001),"Source: United Nations Conference on Trade and Development, Balance of Payments Online database."
FootNote,Zimbabwe (ZWE),Current account balance (current US$) (BN.CAB.XOKA.CD),2004 (YR2004),"Source: United Nations Conference on Trade and Development, Balance of Payments Online database."
FootNote,Zimbabwe (ZWE),Current account balance (current US$) (BN.CAB.XOKA.CD),2003 (YR2003),"Source: United Nations Conference on Trade and Development, Balance of Payments Online database."
FootNote,Zimbabwe (ZWE),Current account balance (current US$) (BN.CAB.XOKA.CD),2008 (YR2008),"Source: United Nations Conference on Trade and Development, Balance of Payments Online database."
FootNote,Zimbabwe (ZWE),"Foreign direct investment, net inflows in reporting economy (DRS, current US$) (BX.KLT.DINV.CD.DT)",2002 (YR2002),"Source: United Nations Conference on Trade and Development, Foreign Direct Investment Online database."
FootNote,Zimbabwe (ZWE),"Foreign direct investment, net inflows in reporting economy (DRS, current US$) (BX.KLT.DINV.CD.DT)",2006 (YR2006),"Source: United Nations Conference on Trade and Development, Foreign Direct Investment Online database."
FootNote,Zimbabwe (ZWE),"Foreign direct investment, net inflows in reporting economy (DRS, current US$) (BX.KLT.DINV.CD.DT)",2008 (YR2008),"Source: United Nations Conference on Trade and Development, Foreign Direct Investment Online database."
FootNote,Zimbabwe (ZWE),"Foreign direct investment, net inflows in reporting economy (DRS, current US$) (BX.KLT.DINV.CD.DT)",2003 (YR2003),"Source: United Nations Conference on Trade and Development, Foreign Direct Investment Online database."
FootNote,Zimbabwe (ZWE),"Foreign direct investment, net inflows in reporting economy (DRS, current US$) (BX.KLT.DINV.CD.DT)",2005 (YR2005),"Source: United Nations Conference on Trade and Development, Foreign Direct Investment Online database."
FootNote,Zimbabwe (ZWE),"Foreign direct investment, net inflows in reporting economy (DRS, current US$) (BX.KLT.DINV.CD.DT)",2001 (YR2001),"Source: United Nations Conference on Trade and Development, Foreign Direct Investment Online database."
FootNote,Zimbabwe (ZWE),"Foreign direct investment, net inflows in reporting economy (DRS, current US$) (BX.KLT.DINV.CD.DT)",2004 (YR2004),"Source: United Nations Conference on Trade and Development, Foreign Direct Investment Online database."
FootNote,Zimbabwe (ZWE),"Foreign direct investment, net inflows in reporting economy (DRS, current US$) (BX.KLT.DINV.CD.DT)",2007 (YR2007),"Source: United Nations Conference on Trade and Development, Foreign Direct Investment Online database."
FootNote,Zimbabwe (ZWE),"Foreign direct investment, net inflows in reporting economy (DRS, current US$) (BX.KLT.DINV.CD.DT)",1995 (YR1995),"Source: United Nations Conference on Trade and Development, Foreign Direct Investment Online database."
FootNote,Zimbabwe (ZWE),"Foreign direct investment, net inflows in reporting economy (DRS, current US$) (BX.KLT.DINV.CD.DT)",1997 (YR1997),"Source: United Nations Conference on Trade and Development, Foreign Direct Investment Online database."
FootNote,Zimbabwe (ZWE),Current account balance (current US$) (BN.CAB.XOKA.CD),2000 (YR2000),"Source: United Nations Conference on Trade and Development, Balance of Payments Online database."
FootNote,Zimbabwe (ZWE),"Foreign direct investment, net inflows in reporting economy (DRS, current US$) (BX.KLT.DINV.CD.DT)",2000 (YR2000),"Source: United Nations Conference on Trade and Development, Foreign Direct Investment Online database."
FootNote,Zimbabwe (ZWE),"Foreign direct investment, net inflows in reporting economy (DRS, current US$) (BX.KLT.DINV.CD.DT)",1999 (YR1999),"Source: United Nations Conference on Trade and Development, Foreign Direct Investment Online database."
FootNote,Zimbabwe (ZWE),"Foreign direct investment, net inflows in reporting economy (DRS, current US$) (BX.KLT.DINV.CD.DT)",1996 (YR1996),"Source: United Nations Conference on Trade and Development, Foreign Direct Investment Online database."
FootNote,Zimbabwe (ZWE),"Foreign direct investment, net inflows in reporting economy (DRS, current US$) (BX.KLT.DINV.CD.DT)",1998 (YR1998),"Source: United Nations Conference on Trade and Development, Foreign Direct Investment Online database."
FootNote,Zimbabwe (ZWE),"Foreign direct investment, net inflows in reporting economy (DRS, current US$) (BX.KLT.DINV.CD.DT)",1972 (YR1972),"Source: United Nations Conference on Trade and Development, Foreign Direct Investment Online database."
FootNote,Zimbabwe (ZWE),"Foreign direct investment, net inflows in reporting economy (DRS, current US$) (BX.KLT.DINV.CD.DT)",1975 (YR1975),"Source: United Nations Conference on Trade and Development, Foreign Direct Investment Online database."
FootNote,Zimbabwe (ZWE),"Foreign direct investment, net inflows in reporting economy (DRS, current US$) (BX.KLT.DINV.CD.DT)",1974 (YR1974),"Source: United Nations Conference on Trade and Development, Foreign Direct Investment Online database."
FootNote,Zimbabwe (ZWE),"Foreign direct investment, net inflows in reporting economy (DRS, current US$) (BX.KLT.DINV.CD.DT)",1970 (YR1970),"Source: United Nations Conference on Trade and Development, Foreign Direct Investment Online database."
FootNote,Zimbabwe (ZWE),"Foreign direct investment, net inflows in reporting economy (DRS, current US$) (BX.KLT.DINV.CD.DT)",1973 (YR1973),"Source: United Nations Conference on Trade and Development, Foreign Direct Investment Online database."
FootNote,Zimbabwe (ZWE),"Foreign direct investment, net inflows in reporting economy (DRS, current US$) (BX.KLT.DINV.CD.DT)",1971 (YR1971),"Source: United Nations Conference on Trade and Development, Foreign Direct Investment Online database."
FootNote,Zimbabwe (ZWE),"Foreign direct investment, net inflows in reporting economy (DRS, current US$) (BX.KLT.DINV.CD.DT)",1976 (YR1976),"Source: United Nations Conference on Trade and Development, Foreign Direct Investment Online database."
