country_code,year,total_debt
CHN       ,2021,55251250991423.51
CHN       ,2022,48034033139529.8
CHN       ,2024,47894176657823.8
CHN       ,2023,45957079970721.484
CHN       ,2020,43307072504054.82
CHN       ,2019,40103218641295.98
CHN       ,2018,37918063369310.21
CHN       ,2017,34051143392124.97
CHN       ,2014,30855973455439.84
CHN       ,2016,28661293953765.08
CHN       ,2013,27554033573312.62
CHN       ,2015,26141488347503.84
CHN       ,2012,23746626471074.94
CHN       ,2011,22572736388465.65
CHN       ,2010,18155843191012.97
IND       ,2024,15438820700602.93
CHN       ,2009,13801937543244.93
IND       ,2023,13300156996729.5
CHN       ,2008,13036828627007.72
IND       ,2021,11967758221387.34
IND       ,2022,11847461539758.25
BRA       ,2023,11271108105429.2
CHN       ,2007,11049860297623.83
IND       ,2019,10873348676357.02
IND       ,2020,10664665364377.07
IND       ,2017,10573394435088.68
MEX       ,2024,10408892744151.6
BRA       ,2014,10357222220463.75
BRA       ,2024,10256599758672.94
MEX       ,2023,10162437812399.19
MEX       ,2019,10107063024410.57
IND       ,2018,10064863689861.61
IND       ,2014,10019060814541.72
BRA       ,2022,9939691305024.97
BRA       ,2021,9651208998835.48
MEX       ,2017,9625866262348.28
MEX       ,2020,9620607145484.06
BRA       ,2013,9591165374526.73
MEX       ,2022,9548359028762.03
MEX       ,2021,9523344570449.45
MEX       ,2018,9486220944428.66
BRA       ,2019,9440066497861.08
BRA       ,2018,9392313916583.82
BRA       ,2017,9352841825534.34
MEX       ,2016,9331859618211.09
BRA       ,2020,9257420801021.21
MEX       ,2014,9242573248320.44
IND       ,2015,8903790824884.99
MEX       ,2013,8860795589297.89
BRA       ,2016,8795073386443.3
CHN       ,2006,8766654629332.0205
MEX       ,2012,8757466814639.03
BRA       ,2015,8651688153234.47
BRA       ,2012,8583005554554.03
MEX       ,2015,8541124045101.399
BRA       ,2011,8417346049229.38
IDN       ,2024,8342542628504.32
IND       ,2016,8333984662608.47
IND       ,2013,7885438306003.58
IND       ,2012,7514623948466.28
IDN       ,2019,7513399551801.3
CHN       ,2005,7487328567897.07
BRA       ,2010,7399890747966.85
IDN       ,2023,7311202271706.37
IDN       ,2020,7216899340970.47
IDN       ,2021,7014370908324.81
IDN       ,2022,6989886850603.75
IND       ,2011,6947688000738.12
MEX       ,2011,6946422081371.64
IDN       ,2018,6893318463153.7705
MEX       ,2010,6650162085289.69
IDN       ,2017,6564139661076.87
IND       ,2010,6521449268365.62
CHN       ,2004,6325189015547.45
IDN       ,2016,5907969050290.19
BRA       ,2008,5741161409881.82
IDN       ,2015,5718216890714.18
BRA       ,2009,5639240646626.82
IDN       ,2014,5613940237422.19
MEX       ,2008,5427358697522.91
ARG       ,2018,5372363824937.76
MEX       ,2007,5341828826774.01
IDN       ,2012,5318005110467.27
CHN       ,2003,5217804515456.65
IND       ,2007,5174001958182.42
IND       ,2009,5165203187350.01
IND       ,2008,5144385843516.59
MEX       ,2009,5126995626742.53
BRA       ,2007,4952724123805.59
ARG       ,2017,4822433200416.62
IDN       ,2013,4767865407376.1
MEX       ,2006,4686831814882.97
MEX       ,2005,4552172758348.12
MEX       ,2001,4402628625931.5
MEX       ,2004,4382470269003.22
CHN       ,2002,4298712296327.86
CHN       ,2001,4241135105504.15
IDN       ,2011,4213935904694.78
BRA       ,2006,4210291288273.43
ARG       ,2016,4143029295285.82
BRA       ,2000,4108735036329.61
MEX       ,2003,4099656808241.25
CHN       ,2000,3963836938595.21
IDN       ,2010,3867286428553.65
IND       ,2006,3775234410933.69
MEX       ,2002,3767795527132.67
BRA       ,2001,3733880292358.12
BRA       ,2005,3685325174977.11
UKR       ,2024,3684013748584.1
MEX       ,2000,3636190722469.94
BRA       ,2003,3599644618810.46
BRA       ,2004,3596131404168.47
ARG       ,2019,3594521865905.2803
CHN       ,2030,3588825080744.5
ARG       ,2023,3561542074696.5
ARG       ,2024,3555111261587.77
BRA       ,2002,3481642227713.66
IDN       ,2009,3461401888097.07
UKR       ,2023,3446721780402.03
ARG       ,2022,3440117423283.48
COL       ,2024,3403382657721.85
ARG       ,2020,3354568221163.38
EGY       ,2021,3220246667583.35
THA       ,2018,3206174750620.64
COL       ,2023,3201177322099.62
PHL       ,2024,3154264982593.83
ARG       ,2021,3091741754099.7
EGY       ,2022,3052804460237.48
EGY       ,2023,3050601749869.78
THA       ,2019,3049016980200.55
CHN       ,2025,3036535058674.4
COL       ,2021,3036378018447.4
EGY       ,2024,3030791955779.2
IND       ,2005,3014439697330.82
THA       ,2023,3001375336061.02
COL       ,2022,2984921716294.59
THA       ,2021,2981754325771.47
THA       ,2022,2960280461896.36
ZAF       ,2017,2958027706912.05
IDN       ,2008,2956927909416.02
ZAF       ,2019,2937431251871.05
ZAF       ,2024,2936677539082.82
PHL       ,2023,2905080778211.84
IND       ,2004,2889351796622.73
VNM       ,2022,2884076210178.57
THA       ,2024,2839225509775.5
THA       ,2020,2837274341505.96
THA       ,2012,2815067341099.26
EGY       ,2020,2798228663991.61
VNM       ,2024,2795745089844.35
VNM       ,2023,2763265025185.54
THA       ,2017,2756519424253.67
ZAF       ,2018,2755495675507.65
ARG       ,2014,2755039598660.92
ARG       ,2015,2752249892219.75
VNM       ,2021,2744561821780.68
PAK       ,2021,2723383477549.81
IDN       ,2007,2688455747973.57
ZAF       ,2012,2671316701657.91
IND       ,2003,2670213522200.09
COL       ,2020,2649534124543.6
ZAF       ,2022,2647397909978.98
VNM       ,2020,2552749830311.59
EGY       ,2019,2520602215327.05
IDN       ,2006,2512070734963.3
VNM       ,2019,2505878028248.34
ZAF       ,2021,2485561079896.2
ARG       ,2011,2471464584077.94
ARG       ,2000,2455154655759.65
UKR       ,2022,2447291093713.59
EGY       ,2018,2447197594325.3
PAK       ,2023,2441119892844.26
BGD       ,2024,2437335339321.64
VNM       ,2018,2414412161608.06
PHL       ,2020,2405971790876.21
IND       ,2000,2403000443089.19
PAK       ,2022,2390133393374.49
ZAF       ,2020,2388560903954.19
VNM       ,2017,2378285398037.45
THA       ,2013,2375975909752.81
ZAF       ,2023,2373333314444.64
PHL       ,2021,2372431294309.65
BGD       ,2023,2368604907809.66
IND       ,2002,2366836320762.53
ARG       ,2013,2363440023621.66
PHL       ,2022,2359816801089.19
PAK       ,2020,2357742488589.36
PAK       ,2024,2342875211758.65
ZAF       ,2011,2334127631635.19
IDN       ,2005,2328360155115.54
COL       ,2018,2308268516646.56
BGD       ,2022,2292864948929.72
ZAF       ,2016,2286272267561.8
PAK       ,2019,2268083929304.41
THA       ,2011,2265945656286.56
THA       ,2014,2253165619843.57
ARG       ,2012,2235682323616.32
ZAF       ,2013,2229111259580.61
THA       ,2016,2225451002262.67
BGD       ,2021,2222725839459.91
COL       ,2019,2220737572390.94
KAZ       ,2024,2216328523972.17
IND       ,2001,2186646395173.75
COL       ,2017,2172352992244.26
COL       ,2014,2166747461081.58
KAZ       ,2023,2166733474691.67
ZAF       ,2014,2163633583086.73
KAZ       ,2013,2141472990989.89
KAZ       ,2022,2128530423692.66
COL       ,2015,2109600904713.25
PAK       ,2017,2102355007193.87
COL       ,2016,2093595217289.28
ARG       ,2004,2086929423405.06
ARG       ,2008,2074312885579.54
PAK       ,2018,2065428421722.1
KAZ       ,2020,2064193417825.19
KAZ       ,2019,2061803817802.77
CHN       ,2026,2054573725417.7
UKR       ,2013,2052397583473.16
ARG       ,2010,2050028986330.83
COL       ,2013,2045358738042.64
VNM       ,2016,2042776887715.1301
EGY       ,2017,2040783243549.26
IDN       ,2004,2040022218851.36
ARG       ,2009,2038807730100.25
ARG       ,2003,2036484722736.35
KAZ       ,2014,2031562510556.22
THA       ,2010,2017969785076.29
KAZ       ,2021,1993923119294.43
THA       ,2015,1977954509922.6199
ARG       ,2001,1972876400642.86
IDN       ,2003,1956180155231.05
ARG       ,2007,1940197939340.8699
KAZ       ,2018,1937531595666.42
KAZ       ,2015,1924691009970.23
PHL       ,2019,1924221428993.85
ZAF       ,2010,1922579294943.96
EGY       ,2016,1919525374261.0
VNM       ,2015,1916223333525.76
VNM       ,2014,1914038469043.92
BGD       ,2020,1903947705496.68
UKR       ,2021,1890064611829.79
IDN       ,2000,1867775218316.88
KAZ       ,2016,1866557704423.99
KAZ       ,2017,1857733221104.74
ZAF       ,2015,1855777425528.78
NGA       ,2022,1840055904032.24
PER       ,2021,1836197775275.11
UKR       ,2020,1827630447979.22
CHN       ,2027,1824896729375.5
NGA       ,2024,1792431989439.06
COL       ,2012,1774567424060.3901
UKR       ,2010,1772556695309.69
IDN       ,2002,1768253451136.33
PER       ,2024,1760037191833.28
PHL       ,2018,1758079023844.0
KAZ       ,2012,1756450916083.19
UKR       ,2015,1754136309106.08
PHL       ,2015,1750745866835.79
NGA       ,2021,1730213838375.6099
UKR       ,2011,1719522915932.93
IDN       ,2001,1711119848543.76
NGA       ,2023,1698006778917.78
ARG       ,2006,1680780496110.66
VNM       ,2013,1680122658387.8
BGD       ,2019,1674891032958.08
COL       ,2011,1670263770449.6
EGY       ,2015,1657771295289.25
KAZ       ,2010,1652399139050.58
ARG       ,2002,1651719793635.16
PAK       ,2016,1636866033587.31
UKR       ,2019,1630863874928.23
ARG       ,2005,1627883688976.91
KAZ       ,2011,1619596396570.56
UKR       ,2012,1616326007039.74
BGD       ,2018,1600463769140.6
NGA       ,2019,1577571701478.94
PHL       ,2017,1570519396031.59
VNM       ,2012,1558867118384.3699
PHL       ,2014,1556749403468.95
NGA       ,2018,1552991815699.47
NGA       ,2020,1543347886064.64
PER       ,2023,1529238429795.25
PHL       ,2010,1528243562040.91
PAK       ,2014,1526216536794.69
PHL       ,2016,1525891605397.41
PHL       ,2013,1525685521996.23
PAK       ,2015,1516069246875.5
EGY       ,2013,1511281440610.84
THA       ,2009,1508940279617.84
UKR       ,2017,1507586334213.46
UKR       ,2008,1497959635904.62
UKR       ,2014,1490265088833.6401
UKR       ,2018,1487007118832.29
UZB       ,2024,1485339951593.29
AGO       ,2016,1469348137325.17
PER       ,2022,1459425292432.8699
NGA       ,2017,1454778089031.8
THA       ,2008,1454747570565.3599
KAZ       ,2008,1443450475145.2
PHL       ,2011,1442899291473.84
PHL       ,2012,1442451031612.45
PER       ,2020,1421319678745.03
AGO       ,2018,1411807321239.24
MAR       ,2024,1405475463579.13
VNM       ,2011,1404607254922.13
UKR       ,2009,1403914571552.54
BGD       ,2017,1372863462352.68
THA       ,2007,1371980025894.8801
KAZ       ,2007,1367615130760.54
UKR       ,2007,1358547345306.99
COL       ,2010,1344821179847.53
BRA       ,2025,1334649559916.8
AGO       ,2014,1330763735425.99
PHL       ,2009,1327595588159.96
NGA       ,2014,1320688743118.93
KAZ       ,2009,1319073798689.66
COL       ,2009,1299419281428.05
MAR       ,2020,1291472382755.63
MAR       ,2023,1274635091525.92
ZAF       ,2008,1270127584966.23
UKR       ,2016,1268650268510.26
PAK       ,2012,1267718360454.2
PAK       ,2011,1267452931838.45
AGO       ,2022,1266194453554.71
ZAF       ,2009,1247435017418.55
AGO       ,2019,1240504990130.44
PAK       ,2013,1238028551034.24
LBN       ,2018,1235639243525.78
THA       ,2006,1233443299317.28
AGO       ,2024,1233371139909.25
ZAF       ,2007,1226077545119.74
NGA       ,2013,1219397028633.34
PHL       ,2006,1204100798999.65
UZB       ,2023,1194825426462.19
PAK       ,2010,1194098728725.52
PAK       ,2009,1192852602983.8801
VNM       ,2010,1182496069673.66
THA       ,2005,1172847156757.71
BGD       ,2016,1164750284826.66
AGO       ,2021,1163515624971.46
MAR       ,2021,1150308475759.91
PER       ,2015,1147865341605.76
AGO       ,2017,1147162858120.78
MAR       ,2022,1137303300375.0
PHL       ,2008,1137146306778.28
IND       ,2026,1131677552711.4
BRA       ,2030,1130114031554.8
AGO       ,2013,1129573652362.75
IDN       ,2030,1120367260472.5
KAZ       ,2006,1117056440377.58
PAK       ,2008,1116418207733.6301
MEX       ,2026,1107177061786.7
PHL       ,2004,1107156298952.87
LBN       ,2017,1106245711774.46
PHL       ,2007,1106061975651.59
BRA       ,2026,1104260294133.5
ECU       ,2019,1103677923460.55
NGA       ,2015,1098446446759.2999
IND       ,2027,1094795450335.1
ECU       ,2024,1090423267364.77
MEX       ,2027,1089734169807.4
SRB       ,2024,1084629485842.07
EGY       ,2014,1083305158918.5
EGY       ,2012,1078378607400.51
THA       ,2000,1075301589465.05
IND       ,2029,1074688594532.9
MAR       ,2019,1072429494456.65
IND       ,2028,1069062797551.9
PER       ,2016,1068961370230.0701
NGA       ,2012,1068890353717.66
AGO       ,2023,1067477330370.52
COL       ,2008,1067461405134.04
UZB       ,2022,1063477737839.08
PHL       ,2003,1061057954633.37
IND       ,2025,1054456648014.9
AGO       ,2020,1053042572271.43
ZAF       ,2006,1052139120141.71
THA       ,2004,1050878456753.5701
PER       ,2017,1050034641948.5701
IRN       ,2011,1049833318645.1901
PER       ,2018,1045176189458.52
AGO       ,2015,1034424369861.9
THA       ,2001,1027075285694.07
PER       ,2012,1026809350356.61
ECU       ,2023,1026652437206.41
PAK       ,2007,1025499932521.99
NGA       ,2011,1023126747734.7
BRA       ,2027,1021952825338.1
PHL       ,2005,1019290818862.86
COL       ,2007,1016140033759.66
PER       ,2019,1015215196837.85
THA       ,2002,1015173234594.0
EGY       ,2010,1006399434759.62
NGA       ,2016,1006221928594.96
ECU       ,2018,1004347150826.12
ECU       ,2020,1001577184265.9299
LKA       ,2019,997865752821.05
DOM       ,2024,994468838256.4
PER       ,2014,990927223722.6
PHL       ,2002,990285716540.46
LBN       ,2019,989284807356.05
LBN       ,2016,988570200969.59
PHL       ,2000,985963163326.11
LBN       ,2015,985709836303.73
MAR       ,2014,984250300114.54
THA       ,2003,982060962869.92
IRQ       ,2022,981657336681.09
SRB       ,2023,976984602415.59
DOM       ,2023,975759991979.91
ECU       ,2022,974698602067.86
BRA       ,2028,972391346453.0
ECU       ,2017,971033342562.0
KEN       ,2024,970636908796.18
BGD       ,2015,961099548865.4
LBN       ,2012,957679654649.97
LKA       ,2023,954056191307.37
PER       ,2013,951963159491.26
MLI       ,2017,951743463958.9199
MEX       ,2025,951272365502.3
LKA       ,2018,938400061071.93
DOM       ,2020,937719042407.26
PHL       ,2001,936165768284.61
VNM       ,2009,935815413375.35
CHN       ,2028,932543838672.2
PAK       ,2006,929590472749.11
AGO       ,2011,929212692560.17
LKA       ,2021,926074325474.08
UKR       ,2006,925516870427.54
ECU       ,2021,924944423180.5599
IRN       ,2012,924944069910.32
UZB       ,2021,923841366131.71
MAR       ,2017,923644470616.16
BGD       ,2014,921327811709.29
IRQ       ,2023,917404901921.85
CHN       ,2029,915871088002.5
MAR       ,2015,913796310411.78
ZAF       ,2005,913106300174.8099
LBN       ,2013,912300752752.59
LKA       ,2024,909568498211.22
COL       ,2006,908151985298.3
DOM       ,2022,904368085907.47
NGA       ,2010,901343865322.12
AGO       ,2012,901266983752.76
KEN       ,2019,890344937063.51
IRQ       ,2018,888761635915.25
UZB       ,2020,888436897441.3099
EGY       ,2011,887144579852.65
MAR       ,2013,884538711381.7
LKA       ,2017,882034993080.01
MAR       ,2018,880132832323.97
EGY       ,2009,877628654345.04
IRQ       ,2019,877224360977.52
LBN       ,2014,876599960082.73
MEX       ,2029,874590277704.8
ECU       ,2016,874169993428.43
GHA       ,2021,868552446538.41
KEN       ,2023,866647109690.17
IRQ       ,2017,865000296638.4299
MAR       ,2016,859309798699.24
LKA       ,2020,855063816023.35
PER       ,2010,853911847976.4
EGY       ,2007,852680949128.27
BGD       ,2013,850623011713.58
KEN       ,2021,847647064288.84
IRQ       ,2024,845325894051.39
KEN       ,2022,843284499190.79
IRN       ,2010,843118984490.79
IND       ,2030,841686040239.8
LKA       ,2022,841368323972.38
EGY       ,2008,832181832020.25
ZAF       ,2004,827247044920.67
LBN       ,2011,825748548578.06
PAK       ,2005,816244150398.04
KEN       ,2020,815415624204.49
BRA       ,2029,810701013682.1
LKA       ,2016,809503551445.8
KEN       ,2018,808826270410.76
PER       ,2011,808625791562.77
SRB       ,2021,807150741827.47
PAK       ,2004,805490212137.66
COL       ,2005,803576283597.65
SRB       ,2022,802435258832.98
IRN       ,2009,799775770342.65
NGA       ,2008,797296735823.81
ETH       ,2018,796816144526.95
MAR       ,2012,792962155090.24
VNM       ,2008,788395566283.3
IRN       ,2008,787353044329.94
IDN       ,2025,787210413673.7
BGD       ,2012,785219629172.07
LKA       ,2014,785180354201.85
DOM       ,2021,776516385415.5
IRQ       ,2021,775206547212.49
IRN       ,2013,771641778553.22
GHA       ,2020,771375357618.61
COL       ,2003,769498010921.86
LKA       ,2012,768039819971.14
SRB       ,2020,753138317149.5
TZA       ,2024,751693789393.6
LKA       ,2015,749931830497.66
LBN       ,2009,749781397832.01
SEN       ,2023,749722906321.8
IRN       ,2007,743890381427.13
SEN       ,2024,743697184159.23
IRQ       ,2020,741259036324.06
PER       ,2009,740029634736.37
IRN       ,2017,738278126286.45
TZA       ,2023,738203263825.12
COL       ,2001,735475770530.75
PAK       ,2003,732178142812.16
ETH       ,2020,730798774360.34
IRN       ,2014,730637913950.82
UZB       ,2019,728908090876.15
LBN       ,2010,727668062468.96
IRN       ,2024,726108177751.5499
IRQ       ,2016,725075971664.55
ECU       ,2014,722926786185.48
MEX       ,2031,722223649669.8
PAK       ,2002,722194498322.56
ETH       ,2024,721801949436.77
PER       ,2007,717234333991.21
LBN       ,2020,714846243339.38
KEN       ,2017,714780690332.66
LKA       ,2013,714711020871.81
COL       ,2004,713108604171.2999
LBN       ,2024,711435312743.07
AGO       ,2010,705502658137.53
MAR       ,2011,705333014204.51
EGY       ,2005,703990418817.09
ZAF       ,2003,699042567712.79
BGD       ,2011,697572916781.9401
GHA       ,2022,697562047040.4
MAR       ,2010,695935076073.35
ETH       ,2023,695080553504.36
ETH       ,2019,693944556752.3
IDN       ,2028,691637486633.6
MEX       ,2028,691234094744.0
JOR       ,2023,690601274560.64
BLR       ,2017,688864750109.52
NGA       ,2009,688319754754.62
EGY       ,2006,685065588401.29
ECU       ,2015,683851891928.85
LBN       ,2022,682828930142.22
LBN       ,2023,675962190206.69
ETH       ,2022,675741622669.73
ETH       ,2021,675648183789.52
IDN       ,2026,674872163526.1
LBN       ,2021,672217102139.54
BRA       ,2031,671450028500.6
GHA       ,2024,671180351145.25
PER       ,2008,670278961646.9299
IRN       ,2016,669720297032.42
VNM       ,2007,669203759449.09
BLR       ,2020,665929408303.27
IRN       ,2023,663181349758.78
ETH       ,2017,661585557412.33
JOR       ,2024,659692280078.89
MOZ       ,2021,658197852612.43
SRB       ,2013,657724447311.64
PAK       ,2001,656573346308.17
IRN       ,2018,655529302057.05
LBN       ,2008,653273714465.81
BLR       ,2014,653196432595.78
IRN       ,2022,652001640701.9299
IRN       ,2006,651339999774.03
IDN       ,2027,648446593886.0
GHA       ,2019,644415843475.79
GHA       ,2023,643964453539.87
BLR       ,2019,640948902187.87
SRB       ,2019,640550545140.46
MAR       ,2009,639390187237.47
BGD       ,2010,637503008689.71
MOZ       ,2022,636945299298.88
BLR       ,2018,632433414452.07
MOZ       ,2024,630755027935.53
DOM       ,2018,630706386442.36
COL       ,2000,630523834937.59
IRQ       ,2015,630133166671.6
THA       ,2028,629787469439.1
AGO       ,2008,627182049862.73
DOM       ,2019,626296504386.15
BLR       ,2013,626270307092.53
MOZ       ,2023,625975185925.64
BLR       ,2022,625688886293.41
DZA       ,2012,625150202821.35
IRN       ,2015,624932656115.39
BLR       ,2011,621477465826.43
KAZ       ,2005,620651374765.6
ZAF       ,2002,619965923554.84
NGA       ,2004,618131143562.79
TUN       ,2019,617580257645.28
BLR       ,2021,616842083887.9
BGD       ,2009,616777616761.69
EGY       ,2004,615943841933.36
DZA       ,2011,615156633612.64
PAK       ,2000,614361452096.44
TZA       ,2022,612936597603.35
AGO       ,2009,612922848079.24
ETH       ,2016,612129679586.33
IRN       ,2005,611735229994.5599
DZA       ,2013,611174802766.43
GHA       ,2018,603256862263.43
MAR       ,2008,601698571783.94
BGD       ,2008,601544945191.79
GHA       ,2016,597881022422.51
TUN       ,2017,595922211673.47
DZA       ,2014,594972821241.58
TUN       ,2020,593984536629.42
DOM       ,2015,593773653227.0
JOR       ,2021,593544037806.1
UKR       ,2005,592316619141.02
SLV       ,2024,587967334605.8
IRN       ,2021,587425228571.57
COL       ,2002,585597804478.06
PER       ,2005,584932992994.02
TZA       ,2021,583931519210.77
BLR       ,2023,583351863194.01
DZA       ,2008,580150303275.72
NGA       ,2005,579597001366.66
TUN       ,2024,578458364217.59
PER       ,2004,578301050088.3099
ETH       ,2015,574137923539.93
BLR       ,2015,573776192452.33
CHN       ,2031,573376598882.6
NGA       ,2003,573132542911.52
TUN       ,2023,569548731453.24
EGY       ,2001,568917363468.89
JOR       ,2020,566669768647.49
TUN       ,2021,566490945520.68
GTM       ,2024,565334688664.6
SRB       ,2012,565183002408.38
MOZ       ,2020,562271168942.78
JOR       ,2022,561769390036.21
UKR       ,2004,561491501194.96
MAR       ,2007,556422540465.1901
IRN       ,2004,556393022101.35
EGY       ,2003,555991130506.57
IDN       ,2029,551846603779.2
BLR       ,2024,551666532998.55
PER       ,2006,547549851837.05
SEN       ,2022,547070291994.82
BLR       ,2016,546867172325.35
IND       ,2031,545649989865.6
MOZ       ,2019,544858172900.45
SRB       ,2014,543906930110.97
TUN       ,2018,543449909116.98
BRA       ,2032,543359427784.9
SRB       ,2017,542594216265.95
AGO       ,2007,542024893191.29
ETH       ,2014,541853440367.77
BLR       ,2012,541106580240.77
LKA       ,2011,538751383657.43
TUN       ,2022,537998423829.07
EGY       ,2002,536446993710.97003
DZA       ,2010,534644965386.24
DOM       ,2017,533968525902.77
SRB       ,2018,530876604867.97
KEN       ,2014,530744728410.45
KAZ       ,2004,528978799142.66
PER       ,2003,526648136412.3
DOM       ,2014,526073577499.63
SRB       ,2011,525462813994.41
LBN       ,2004,524105839664.27997
NGA       ,2000,523894445286.33
ZAF       ,2000,523201598062.51
GHA       ,2015,522975446472.0
MEX       ,2030,522521783574.8
BGD       ,2007,521857094313.26
EGY       ,2000,521064935496.76
DOM       ,2016,520113225022.18
GTM       ,2023,519029769821.49
DZA       ,2005,518469173051.47
PER       ,2002,518001680564.43
GHA       ,2017,516609898712.72003
MOZ       ,2018,514928527783.77997
IRN       ,2019,514454022107.58
LBN       ,2007,512418067850.98
ECU       ,2013,512036479827.57
SEN       ,2021,509675196991.67
TUN       ,2015,508693297135.77
GHA       ,2013,508308498416.23
KEN       ,2016,507839546153.96
TUN       ,2012,505146087664.32
VNM       ,2006,504629107031.51
TZA       ,2019,501970704285.08
DZA       ,2004,501704024220.47
MNG       ,2024,501248974112.01
LBN       ,2006,500226235736.87
TUN       ,2014,498865549862.38
ZAF       ,2001,494981870074.79
GTM       ,2022,494734785894.45996
DOM       ,2013,494696857720.91
MNG       ,2019,492693493600.27
VNM       ,2005,491641047048.27
TZA       ,2020,489794991954.87
LKA       ,2010,486837307952.4
JOR       ,2019,485813809355.05
NGA       ,2002,485464618775.73
ZMB       ,2019,485247512586.99
DZA       ,2003,485050555327.0
GHA       ,2014,483718680798.0
NGA       ,2001,483015441350.59
DZA       ,2023,482050714769.18994
BGD       ,2006,480852740346.65
PRY       ,2024,479974997233.55
KEN       ,2015,479627342898.24
SRB       ,2015,479539335242.33997
DZA       ,2024,478644758563.35004
DZA       ,2009,478058699756.74
IRN       ,2003,475026251362.36
DZA       ,2007,474792161674.74
SRB       ,2016,470961250221.64
MOZ       ,2016,470846901843.8
GTM       ,2021,467131834356.55
SRB       ,2009,466083869598.32
MOZ       ,2013,466043048889.63
TUN       ,2016,465901393499.76
DZA       ,2022,464240954893.13
MOZ       ,2017,464068131013.83
MNG       ,2023,462284820243.78
JOR       ,2018,461662664544.75
JOR       ,2017,461388590992.17
BGD       ,2004,457040274547.94
SRB       ,2010,456387699007.17
DZA       ,2000,456383224162.91
SRB       ,2008,455865024443.61
MLI       ,2016,455357418443.32
MAR       ,2006,455131553693.68
SEN       ,2018,454258603544.23
MOZ       ,2014,454209373123.43
UZB       ,2018,452531186562.47003
PER       ,2000,452370929646.17
SEN       ,2020,451915124420.97
IND       ,2032,450675653533.2
AZE       ,2018,450248331624.28
EGY       ,2026,450026943863.2
DZA       ,2002,448809876364.62
TZA       ,2018,448497264751.26
DZA       ,2016,445936611928.54004
GTM       ,2020,444626822414.66003
MNG       ,2021,444348097165.26
VNM       ,2004,444065361854.11
SLV       ,2023,443978390622.07
ZMB       ,2017,443858696322.43
MEX       ,2032,443287838896.2
LBN       ,2002,442698771057.59
KHM       ,2022,442696930732.2
DZA       ,2015,442692213993.63
KHM       ,2024,442640656331.15
DOM       ,2012,442351160121.35
BGD       ,2005,440892942277.2
PER       ,2001,440872930958.11
TUN       ,2013,440868137085.98
TZA       ,2017,438403783977.79
CHN       ,2032,437853918981.3
LBN       ,2005,437244292591.94
MNG       ,2018,436428950474.6
TUN       ,2011,434206060335.51
KHM       ,2023,431472677854.75
AGO       ,2005,430348132164.68
ZMB       ,2020,430329524098.29
JOR       ,2016,429685301986.95
BGD       ,2003,428915666034.45
MOZ       ,2015,428731632571.42
NGA       ,2007,428023133519.47003
BLR       ,2010,427381033024.87
DZA       ,2001,426388908110.21
MMR       ,2020,422440543539.37
ECU       ,2011,420908011428.21
SRB       ,2007,420256889097.41003
PRY       ,2023,419590919399.18
GTM       ,2017,417601402392.26
PRY       ,2020,417145630193.2
PRY       ,2022,415788990720.89
COL       ,2027,415026109171.8
GTM       ,2019,413836363773.37
AZE       ,2014,413002529475.96
MNG       ,2020,412433368812.97
MAR       ,2003,411677065551.11
ZMB       ,2024,411157114744.57
MAR       ,2005,410924588054.53
ZMB       ,2018,410237859128.81
DZA       ,2017,410165721105.64
DZA       ,2018,405977038646.44
AZE       ,2017,405825161941.21
ECU       ,2012,405119070434.49
AZE       ,2022,403773892269.22003
UGA       ,2024,403271870076.32
MNG       ,2017,403088384575.38
ZMB       ,2022,402178884049.49
ECU       ,2007,401637700150.73
TUN       ,2010,401561807927.11
UGA       ,2023,400952059313.71
JOR       ,2015,399863876648.81
DZA       ,2006,399803994770.3
IRN       ,2020,399543049478.59
TUN       ,2009,396355688660.98
VNM       ,2003,394092014003.87
ETH       ,2013,392838438421.11
UKR       ,2003,389135440061.72003
LKA       ,2009,388067225191.18
KHM       ,2021,387555228088.87
MNG       ,2022,387081375232.65
MAR       ,2004,386979277035.57
UZB       ,2017,385740569746.52
TUN       ,2008,385645790688.33997
IDN       ,2032,383221968723.8
JOR       ,2013,383205002701.0
TZA       ,2016,382911998420.96
UGA       ,2020,382910029235.06
TZA       ,2015,382904461395.82
MMR       ,2013,382609122686.94
ECU       ,2010,381700520768.65
GEO       ,2024,380768651603.01
GHA       ,2012,380372572266.71
AZE       ,2019,378872366284.06
TUN       ,2007,378432233938.3
BGD       ,2002,377616023324.01
UGA       ,2021,377086987008.82
EGY       ,2025,374977155507.3
LBN       ,2003,374588440552.52
PAK       ,2025,374403959136.0
NGA       ,2006,374139683573.48
SLV       ,2021,374118161535.71
TZA       ,2014,374061371463.11
DZA       ,2019,372845832112.65
MAR       ,2000,372823946665.04
SDN       ,2010,372467437630.4
AZE       ,2012,371803272332.27
GTM       ,2016,371056239031.41
PRY       ,2021,370817125841.33
UZB       ,2016,370646207134.01
SDN       ,2019,370284683547.59
GTM       ,2018,369955943527.5
ECU       ,2006,369523049049.69
GHA       ,2011,368399595696.39
SEN       ,2019,366985891459.94
AZE       ,2023,366886717270.92
DOM       ,2011,366578448558.22
ZMB       ,2023,366123414729.87
KHM       ,2020,365511017116.22
BGD       ,2000,364033957525.64
EGY       ,2027,363473623186.3
ECU       ,2005,363289274654.55
GEO       ,2021,362269646285.5
TZA       ,2013,362030775556.36
AZE       ,2016,360776069308.73
BOL       ,2022,360700078845.81
SDN       ,2011,360491734440.55
TUN       ,2004,360155770947.73
DZA       ,2021,359530276308.16
IRN       ,2002,358750554702.46
IDN       ,2031,358214970142.2
UZB       ,2015,356333276556.61
GEO       ,2023,353373157038.23
UGA       ,2022,352768969259.58
BGD       ,2001,352240448331.7
MAR       ,2002,352070388361.6
ECU       ,2008,350823292027.55
GTM       ,2015,350695200271.29
MAR       ,2001,350541647034.79
JOR       ,2014,350210845136.77
GTM       ,2013,349884889956.15
IRN       ,2001,349682561651.58
ZMB       ,2021,348930938401.21
SDN       ,2008,348688835646.52997
SDN       ,2013,348653306344.33
AZE       ,2021,348173469035.0
SDN       ,2015,345955388225.38
SDN       ,2009,345761617871.84
CMR       ,2021,344152938966.8
CMR       ,2024,344119951940.85
COL       ,2026,343862583704.0
MMR       ,2019,343413839962.02997
KAZ       ,2003,342777418877.84
MNG       ,2016,342752878113.0
TUN       ,2006,342103186883.48
COD       ,2023,340911075733.87
GEO       ,2022,340531020240.6
TUN       ,2003,340001452237.23
COD       ,2024,339248111536.65
AZE       ,2024,339209993354.83
SDN       ,2014,338353851663.97003
AGO       ,2025,337824055142.3
SLV       ,2020,337064000636.6
BLR       ,2008,336359278420.05
AZE       ,2013,335521729586.45
UZB       ,2014,333094654175.05
DOM       ,2010,332975711303.08
ECU       ,2004,331503932980.71
AZE       ,2020,331010645331.09
MMR       ,2021,330868879441.7
LKA       ,2008,330754410448.82
KEN       ,2013,330061076831.84
PAK       ,2026,329859875962.5
GTM       ,2014,328867231807.75
SDN       ,2007,328279120758.76
SLV       ,2022,328134216985.33
ETH       ,2012,327997578473.31
SLV       ,2019,327974227261.07
SDN       ,2021,327812816429.94
COL       ,2025,327549372422.4
KEN       ,2012,327480885998.43
BOL       ,2023,327259348048.05
AZE       ,2015,326427932678.62
BLR       ,2009,326107189639.6
SDN       ,2020,325466952744.35
SDN       ,2017,325395505820.42
SDN       ,2012,324818296220.98
AGO       ,2006,324379190526.12
BOL       ,2017,322435642996.41
CMR       ,2023,321650816171.4
SDN       ,2022,321041503545.81
MMR       ,2018,320544609194.7
BOL       ,2021,320364911072.98
CMR       ,2022,319648779952.09
UKR       ,2001,317899089897.15
GHA       ,2010,317815208681.76
KHM       ,2019,317411870968.38
LKA       ,2007,317154553269.59
IRN       ,2000,316641668423.12
CMR       ,2019,316406945096.65
ECU       ,2003,316286027403.25
TUN       ,2005,316268538508.35
SDN       ,2016,316195485585.5
AZE       ,2011,315891793270.72
BOL       ,2024,315794190329.08
ARG       ,2026,315275706910.1
SDN       ,2024,314962401372.42
HND       ,2024,314808345967.22
MMR       ,2012,314652150556.54
VNM       ,2002,313820645473.6
UKR       ,2002,313478268215.24
COL       ,2029,313459692480.1
SRB       ,2006,308668451311.62
SDN       ,2018,307789120410.26
LAO       ,2019,307642429479.32
MOZ       ,2012,306815489110.65
VNM       ,2001,306702891667.54
ZAF       ,2025,306591353235.3
BOL       ,2019,305631910748.57
VNM       ,2000,305400459291.58
UZB       ,2013,305264603560.69
ECU       ,2002,305212361090.5
CMR       ,2020,305098751959.79
BEN       ,2024,304287363841.03
BLR       ,2007,304247363421.9
PNG       ,2022,303005043492.6
GEO       ,2020,302525156502.12
MMR       ,2023,302458145968.49
BOL       ,2020,302179087506.1
DZA       ,2020,299569856496.36
MMR       ,2022,299469171216.86
ECU       ,2000,297561455185.26
MMR       ,2014,297505217206.94
MMR       ,2017,296351598518.74
KHM       ,2018,295451502441.1
SDN       ,2023,294099938858.0
MNG       ,2012,293878097914.01
ARG       ,2025,293863342601.5
TUN       ,2002,292447632403.11
ECU       ,2001,291483539158.46
AGO       ,2004,291280050884.23
TZA       ,2012,291016912544.55
SEN       ,2017,289311277912.31
SDN       ,2006,288001740524.89
PRY       ,2019,287774838554.35
SLV       ,2017,286203131026.49
MNG       ,2013,286127980031.46
COD       ,2022,285873265004.48
BOL       ,2018,285603487151.16
PNG       ,2021,284926770799.77
UGA       ,2019,284373496068.79
NPL       ,2023,284346546334.17
PNG       ,2013,284079924734.47
MMR       ,2024,283606191538.7
LAO       ,2020,283135717314.94
PRY       ,2014,281243160648.37
NPL       ,2024,280771282578.94
MMR       ,2015,280699255035.79
CMR       ,2018,280308633368.48
DOM       ,2009,280252577368.12
ZAF       ,2028,279970079741.8
GEO       ,2019,279484804806.37
PRY       ,2018,279194023412.86
LBN       ,2001,278797074810.6
GTM       ,2012,278050522679.14
MMR       ,2016,275617387463.79
ZMB       ,2016,275340079211.51
JAM       ,2015,275288847858.24
MNG       ,2015,275012391074.99
SLV       ,2018,271528884938.85
PNG       ,2023,270670428532.27
MNG       ,2014,266917593897.0
LAO       ,2018,266389059911.56
NPL       ,2022,265609046692.53
CMR       ,2017,265029015231.38
NPL       ,2021,263822343576.43
RWA       ,2024,263585137831.69
MMR       ,2011,263224312298.87
HND       ,2022,261284896368.71
AZE       ,2010,261053083060.08
ETH       ,2011,260719708699.82
LAO       ,2022,260524360711.49
COL       ,2030,260160988601.8
PRY       ,2017,259613591199.57
SDN       ,2004,259502954650.76
ZMB       ,2015,259214321683.68
TUN       ,2001,259093886527.46
ECU       ,2009,258769925026.08002
LKA       ,2006,258440643051.65
SDN       ,2005,258057367418.11002
NPL       ,2020,257719590132.33
HND       ,2020,257265254212.67
KAZ       ,2002,255989735191.82
PNG       ,2018,255705788837.54
COL       ,2028,255011192343.3
MUS       ,2023,254774087580.3
JAM       ,2018,254582881312.53
GTM       ,2011,254434270989.78
KEN       ,2011,253452426898.51
COD       ,2021,253354200032.71
DOM       ,2008,252523791314.4
COL       ,2031,252441147867.3
LAO       ,2024,251815735410.5
UGA       ,2018,251651908130.42
PRY       ,2016,251430479871.5
ZAF       ,2027,251312389668.1
PNG       ,2020,251019373614.46
PNG       ,2024,250881364956.34
GEO       ,2018,250725355924.34
HND       ,2023,250662554032.66
ARM       ,2024,250626337194.08002
GTM       ,2010,250408814348.19
KHM       ,2017,250222433792.68
LAO       ,2023,250165425429.23
PNG       ,2019,249421681359.98
JOR       ,2010,248616007254.54
SLV       ,2014,247665839962.34
NIC       ,2024,247428751649.02
KAZ       ,2025,246856137196.3
UGA       ,2017,246833748358.63
LAO       ,2021,245959770018.63
LAO       ,2017,245257276372.92
BIH       ,2011,243587659829.38
BOL       ,2016,243402052401.22
BEN       ,2023,243345092117.99
ZAF       ,2026,242917286575.0
UKR       ,2000,242298713574.8
PAK       ,2027,241423117225.5
GEO       ,2016,240507792271.17
HND       ,2021,239913613507.38
NIC       ,2023,239028986596.51
LAO       ,2016,238418253750.39
ZMB       ,2014,237901152018.44
JAM       ,2010,236424495958.95
ETH       ,2010,235892702729.97
MMR       ,2010,234986407005.12
LKA       ,2005,234804653627.91998
JOR       ,2012,234707913256.95
TZA       ,2011,234555408430.67
GTM       ,2009,234544204524.11002
SDN       ,2003,234193429667.7
KAZ       ,2001,233704813559.42
SLV       ,2016,233415669577.94
PRY       ,2015,233325041289.41
DOM       ,2007,233250675738.98
SLV       ,2012,233092952592.99
COD       ,2020,232790809894.87
SDN       ,2000,232075133421.55
NIC       ,2022,232051324546.12
SRB       ,2005,231873200143.95
BOL       ,2015,231459081769.13
DOM       ,2006,231236631894.39
RWA       ,2023,231014964646.89
BEN       ,2021,230885529346.31
AGO       ,2026,230790196247.8
GEO       ,2017,230430460752.35
COD       ,2008,230084671773.66
YEM       ,2012,229650775641.56
PNG       ,2011,229609024795.54
MUS       ,2022,229223194325.38998
ARM       ,2023,228997882006.29
COD       ,2018,228859015133.24
LKA       ,2004,228779802444.14
TUN       ,2000,228693285683.45
ZAF       ,2029,228244575245.0
SLV       ,2015,227871638233.9
GHA       ,2009,227854873236.74
TZA       ,2010,227831297784.45
BIH       ,2021,226954878238.18
ARG       ,2027,226114906588.1
JAM       ,2017,226017146894.66
UZB       ,2012,225944592366.16
BIH       ,2018,225820520135.12
NIC       ,2021,225416879049.11
KAZ       ,2026,225035469643.1
JAM       ,2019,224301205922.97
NPL       ,2019,224193836726.82
BOL       ,2014,224137302933.87
BOL       ,2013,223459352426.47
ARM       ,2022,223253961184.92
PRY       ,2013,223189432682.92
MUS       ,2021,223064413447.3
UGA       ,2013,222791183417.67
GEO       ,2012,222154485875.08
JAM       ,2014,222028449678.16
LKA       ,2003,221714294981.0
SLV       ,2011,221706348843.9
KEN       ,2010,221320140638.45
AGO       ,2003,220920138732.12
SRB       ,2004,220572765850.29
ETH       ,2009,218919649055.57
BIH       ,2024,218389286178.14
PHL       ,2029,218324316293.0
COD       ,2009,218307523654.16
GTM       ,2007,218120468985.25
VNM       ,2025,217861586115.3
JAM       ,2021,217821323620.13
MUS       ,2024,217507038197.87
ARM       ,2021,217415894184.63
CMR       ,2015,216728979554.42
LAO       ,2015,216614303396.44
GEO       ,2015,216455549616.9
BIH       ,2023,216391560488.01
JAM       ,2016,215941576267.72
KAZ       ,2000,215389306109.85
ARG       ,2030,214554838196.2
CMR       ,2016,214495529544.19
UZB       ,2011,214316345112.13998
SDN       ,2002,214039268006.88
TKM       ,2016,213759312828.64
SEN       ,2016,213287688034.28
GTM       ,2008,212936477306.21
JAM       ,2011,212653551688.77
UKR       ,2026,212646193220.5
HND       ,2017,212377198423.61
LBN       ,2000,212144756627.59
PHL       ,2025,212092596359.5
JAM       ,2023,212016396517.41
JOR       ,2011,211890128590.11
KAZ       ,2027,211141660037.5
NGA       ,2027,211030239761.1
KHM       ,2016,211020409519.88
SLV       ,2013,210769956414.87
AGO       ,2027,210106842061.1
PRY       ,2012,209451517892.8
HND       ,2019,209199733919.89
COL       ,2032,209079875813.0
UGA       ,2015,208652941196.59
ZWE       ,2023,208403054732.63
KHM       ,2015,208361294964.71
NPL       ,2018,208332844828.81
AZE       ,2008,207194227982.69998
COD       ,2007,207090104994.91
MKD       ,2024,206656669125.27
ALB       ,2023,206536526647.36
SLV       ,2010,206389339589.30002
KEN       ,2009,205931933345.29
COD       ,2019,205916996862.96
BIH       ,2013,205549959873.53
PNG       ,2016,205309524943.07
UGA       ,2016,205118342768.67
GEO       ,2014,205112352734.51
PRY       ,2010,205078673093.09
BIH       ,2017,205064415917.66
MKD       ,2023,205002885400.05
PHL       ,2027,204897495785.9
MOZ       ,2011,204766945143.51
SDN       ,2001,204052703663.5
JAM       ,2022,203848252481.83
TKM       ,2013,203654285117.82
NIC       ,2019,203408259464.67
JAM       ,2024,203407298091.32
YEM       ,2014,203359761068.73
DOM       ,2003,202603384218.32
NIC       ,2020,201075249637.26
BGD       ,2025,200749652492.9
SRB       ,2003,200589235339.36
TKM       ,2012,200150960163.6
HND       ,2013,199977300445.94
GHA       ,2008,199448210200.59
COG       ,2014,199180824734.97
ARG       ,2028,199180338528.5
ARM       ,2019,199004779122.46
BFA       ,2024,199004048813.75
NIC       ,2017,198936280408.56
MMR       ,2009,198905361823.51
SYR       ,2010,198677240031.7
PNG       ,2017,198509790443.18
PNG       ,2014,198329064902.6
TKM       ,2011,198022810045.72
JAM       ,2007,197639602292.02
JAM       ,2012,197050295008.76
JOR       ,2009,197030210289.61
EGY       ,2031,196981319855.5
SEN       ,2014,196949644648.27
AZE       ,2009,196332211949.32
ALB       ,2021,196132515804.92
GTM       ,2006,195893526935.28
BOL       ,2012,195556674260.12
TKM       ,2017,195525082930.31
PHL       ,2028,195355882967.8
NIC       ,2018,195141614942.41
EGY       ,2028,195065193671.7
HND       ,2018,194762917407.14
YEM       ,2013,194574466998.18
LKA       ,2002,194497711857.34
BIH       ,2020,194269560072.68
BIH       ,2022,193923630219.1
BIH       ,2014,193385005092.49
SYR       ,2008,193109585898.59
UZB       ,2010,193076841669.28
PRY       ,2011,192830853464.7
PNG       ,2015,192799581528.26
JAM       ,2020,192594169162.79
GEO       ,2013,192583342496.19
TZA       ,2009,191676325757.05
MOZ       ,2010,190943668971.81
KHM       ,2014,190651127633.11
ARG       ,2031,190428009731.2
BGD       ,2026,190063311260.1
DOM       ,2005,189791419125.34
GEO       ,2011,189737941746.74
NGA       ,2025,189618620605.0
UKR       ,2027,189258695254.7
MKD       ,2021,188845760570.8
BGD       ,2027,188812488603.7
ZWE       ,2017,188741593633.65
TKM       ,2018,188263334699.64
JOR       ,2007,188144667628.81
CMR       ,2014,187267430032.95
SYR       ,2009,187084418432.78
RWA       ,2021,186860845222.68
ALB       ,2024,186845875141.25
ZWE       ,2024,186772786463.0
BIH       ,2012,186596653640.69
ARG       ,2029,186211323514.7
PHL       ,2026,185630955206.8
AGO       ,2028,184982891424.4
GAB       ,2013,184971038585.96
KEN       ,2008,184490215687.26
COD       ,2006,184306025347.38
BFA       ,2021,184178228449.37
AGO       ,2002,184136235949.15
MUS       ,2013,184105386549.08
BEN       ,2022,183933253426.53
MUS       ,2014,183394161434.07
KGZ       ,2024,183215570578.0
UKR       ,2025,181990200875.0
BFA       ,2023,181979833320.44
BFA       ,2020,181627195027.67
MMR       ,2008,181365250218.32
UZB       ,2009,181341688495.75
ZAF       ,2030,181298147767.4
BIH       ,2008,181228730159.46
KHM       ,2012,181166171514.41
VNM       ,2026,181130749423.4
KAZ       ,2028,181040123820.0
SLV       ,2009,180998274579.14
JAM       ,2013,180941041581.6
COD       ,2003,180912716744.31
NIC       ,2014,180794080750.45
KEN       ,2007,180614458917.72
LKA       ,2000,180388486728.04
EGY       ,2032,180071230246.6
ZWE       ,2022,179966173652.82
JOR       ,2006,179938712006.79
BIH       ,2019,179481300568.88
NIC       ,2016,179477081277.76
BGD       ,2029,179353644412.9
BGD       ,2028,179315483366.0
PNG       ,2012,179127399933.7
JOR       ,2008,178857030487.07
ARM       ,2020,178737256465.52
MKD       ,2020,178665056562.8
ZWE       ,2021,178096326769.88
BFA       ,2015,178056309237.13
HND       ,2015,177828799935.94
BIH       ,2010,177812322023.32
COD       ,2004,177370486166.04
BIH       ,2007,177277172848.44
DOM       ,2004,177151127393.42
NGA       ,2026,177047483643.6
CMR       ,2003,176831663562.29
CMR       ,2004,176763529017.47
SLV       ,2008,176557464480.18
RWA       ,2022,176517175439.5
AGO       ,2000,176516092070.76
ZWE       ,2018,176291418263.29
KHM       ,2013,175948962511.6
SEN       ,2015,175638831523.38
COD       ,2013,175393980715.0
SLV       ,2006,175112660633.88
JAM       ,2009,175021430434.04
PRY       ,2009,174685227886.7
SRB       ,2002,174045060529.22
UGA       ,2014,173952222332.35
PHL       ,2030,173728937931.9
COD       ,2002,173630193307.48
CMR       ,2013,173428042058.69
COD       ,2005,173146411679.81
EGY       ,2029,172763736998.4
NPL       ,2017,172696031953.47
LKA       ,2001,171936428432.87
EGY       ,2030,171775112469.7
ALB       ,2020,171530764166.24
BGD       ,2030,171426568483.6
ZMB       ,2012,171358166075.59
BIH       ,2016,171033493014.98
RWA       ,2020,170885587129.01
GAB       ,2020,170466901265.57
MUS       ,2019,170440018815.31
JAM       ,2008,169744867973.4
BIH       ,2009,169271074194.18
COG       ,2019,168892040568.31
GHA       ,2005,168804651805.13
NIC       ,2015,168756462062.15
MKD       ,2022,168491171061.49
PAK       ,2029,168426446538.9
YEM       ,2010,168198806101.24
BGD       ,2031,167938118835.7
BFA       ,2014,167816297842.93
LAO       ,2014,167668508113.0
MUS       ,2018,167293142030.22
TZA       ,2005,167279266942.05
TZA       ,2004,167271777843.62
JOR       ,2005,166755266059.13998
YEM       ,2008,166710229386.66
GHA       ,2007,166648995361.47
MNE       ,2020,166376636673.33
BFA       ,2017,166375542400.33
ARM       ,2018,166278067932.94
ZWE       ,2020,166261311167.5
HND       ,2016,166095439989.1
ARM       ,2017,165958991365.47
PHL       ,2031,165822144058.4
PAK       ,2028,165555616325.0
BFA       ,2022,165467788109.48
PER       ,2029,165237236630.4
ZAF       ,2032,165232722207.0
COG       ,2015,165079379758.49
BGD       ,2032,164751414526.5
VNM       ,2027,164268255738.6
TKM       ,2014,164143094638.48
HND       ,2014,164136519474.7
MUS       ,2020,164085113694.32
YEM       ,2011,163964401293.43
ARM       ,2013,163808040690.22
BIH       ,2015,163062652160.2
PRY       ,2008,162994759998.32
ARM       ,2015,162716549868.48
MLI       ,2021,162555217918.35
JOR       ,2001,162307673682.84
ZWE       ,2019,162264317217.05
GAB       ,2021,162200941167.22
GAB       ,2017,162191161621.46
NIC       ,2013,162112107697.82
KAZ       ,2030,162042295459.6
AGO       ,2001,161850674615.42
ARM       ,2016,161841803378.15
JOR       ,2004,161609579839.95
BOL       ,2011,161543232765.32
GTM       ,2005,161187317400.32
YEM       ,2015,161027619133.69998
YEM       ,2009,160855240941.12
ZWE       ,2016,160739128049.34
KAZ       ,2029,160458212798.0
JOR       ,2002,160436168094.08
MLI       ,2024,160431802804.93
PAK       ,2031,160184453526.9
ETH       ,2025,159830335326.9
UKR       ,2029,159232912047.6
UZB       ,2025,158969189127.3
MDA       ,2023,158905084781.27
SEN       ,2013,158857389512.99
JAM       ,2006,158733626280.41
TZA       ,2002,158702119980.27
TKM       ,2019,158090743836.12
MDA       ,2024,158059408166.64
ZWE       ,2015,157981151329.03
ALB       ,2022,157716051779.9
TKM       ,2015,157630732263.51
MAR       ,2025,157535936844.9
YEM       ,2007,157198226131.84
MLI       ,2023,156789832362.84
SLV       ,2005,156474146679.96
MUS       ,2017,155591626796.6
UKR       ,2028,155128043184.6
MMR       ,2007,155092825957.77
AZE       ,2007,154583147647.47
KGZ       ,2023,154542345539.24
SEN       ,2012,154372410623.95
GAB       ,2018,154155234596.78
COD       ,2017,154123312035.81
DOM       ,2002,154035367251.35
CMR       ,2002,153925749121.07
ALB       ,2018,153552726898.05
TZA       ,2000,153488846375.34
CMR       ,2000,153245758119.28
JOR       ,2003,152779910383.68
GTM       ,2004,152611187134.6
THA       ,2025,152610403907.3
SLV       ,2002,151725832581.06
BEN       ,2020,151372015775.28
COG       ,2017,151217234862.16
MNG       ,2011,150834995048.33
TZA       ,2003,150824290427.41
GHA       ,2003,150470390949.84
TZA       ,2001,150456706740.6
ETH       ,2003,150455699689.24
ZAF       ,2031,150292646319.7
GHA       ,2006,150057441257.31
SEN       ,2011,149963497835.83
MDG       ,2024,149939243147.28
GHA       ,2004,149860912054.17
ZMB       ,2013,149540320753.77
MLI       ,2020,149448800930.63
PHL       ,2032,149429063396.6
MDG       ,2023,149399810584.69
TZA       ,2008,149369848638.46
KEN       ,2006,149102413860.53
COD       ,2000,149002254774.99
COG       ,2021,148776378689.18
MUS       ,2011,148771636989.94
TKM       ,2020,148410124562.31
GAB       ,2019,148373703444.0
ETH       ,2002,148262972801.86
BFA       ,2016,148141320051.71
SRB       ,2001,148039021056.12
NIC       ,2012,147671668943.42
JOR       ,2000,147579299506.76
MLI       ,2022,147285240084.09
YEM       ,2006,147162898062.48
COD       ,2015,146994802101.84
MOZ       ,2025,146838490842.4
YEM       ,2016,146831659832.73
MNE       ,2024,146753072155.22
ZWE       ,2012,145954524985.48
BFA       ,2018,145719350527.56
SLV       ,2007,145267424155.61
MDA       ,2022,145251150336.1
MKD       ,2018,145185111134.34
JAM       ,2005,145089037682.72
NPL       ,2016,145023254540.55
ETH       ,2005,144568695702.38
GIN       ,2024,144063107768.0
MOZ       ,2009,143944347430.65
BFA       ,2019,143886571130.81
UZB       ,2027,143867870148.3
COD       ,2010,143633236473.79
SLV       ,2003,143447334089.39
ETH       ,2004,143340773780.68
LAO       ,2013,143305857487.72
DOM       ,2001,142829027921.85
ALB       ,2015,142495788448.29
MUS       ,2012,142419894381.87
MLI       ,2019,142141174854.81
UZB       ,2026,141847707772.5
COG       ,2013,141713206270.43
CMR       ,2001,141704906620.69
KGZ       ,2022,141679084274.26
NER       ,2022,141665876614.28
ALB       ,2017,141663046392.17
GUY       ,2024,141608299933.28
UZB       ,2008,141606242500.22
COD       ,2011,141415629452.08
NGA       ,2028,141356403703.6
NPL       ,2015,141146471705.45
COG       ,2022,140853445485.46
ZWE       ,2013,140421010325.47
COD       ,2014,140177012439.11002
CMR       ,2012,140174318669.93
ARM       ,2014,139636473703.99
COD       ,2016,139559487349.48
JAM       ,2004,139360530547.15
UZB       ,2028,139010609638.4
MUS       ,2010,138904477501.01
ZWE       ,2014,138903091721.01
GAB       ,2023,138809214263.88
TKM       ,2022,138791843374.0
SLV       ,2004,138725607573.17
PER       ,2026,138687434042.8
GAB       ,2007,138354456559.19
GEO       ,2009,138155266072.34
KEN       ,2004,137941940573.23
MKD       ,2014,137813012246.14
GEO       ,2010,137538889280.05
COG       ,2020,137492448211.21
THA       ,2027,137218713518.0
YEM       ,2017,136985995270.89
HND       ,2012,136969131673.92
YEM       ,2018,136949604645.89
KEN       ,2003,136656876891.29
MMR       ,2006,136123244470.82
PER       ,2031,135382731273.4
GHA       ,2001,135370672956.98
BOL       ,2008,135121289190.70999
THA       ,2026,135084410563.7
GIN       ,2023,135042727044.49
SRB       ,2027,134724503883.4
COD       ,2001,134696369347.71
MDG       ,2022,134592658697.84
PER       ,2027,134402312331.9
KEN       ,2005,134378176234.5
MNE       ,2018,134378109038.87
GEO       ,2008,134232877981.01
MKD       ,2019,134154150882.01
TCD       ,2014,134123408793.63
ARG       ,2032,133939718833.4
RWA       ,2019,133889296783.04001
BIH       ,2006,133737650111.06999
DOM       ,2026,133507609879.1
TKM       ,2021,133151057484.09
TZA       ,2007,133092680855.95
BFA       ,2013,133007707170.02
ALB       ,2019,132971724795.49
YEM       ,2005,132919455644.36
AGO       ,2029,132739499130.2
COD       ,2012,132502452893.81
CMR       ,2005,132484280255.0
COG       ,2016,132407108540.64
BOL       ,2005,132334624243.76
UGA       ,2012,132197407883.90001
UKR       ,2030,131985207353.0
SRB       ,2000,131939622230.33
HND       ,2011,131804023661.19
BOL       ,2010,131614886385.88
MUS       ,2015,131337579725.77
BEN       ,2019,131238284999.34
GHA       ,2002,131116752412.64
MKD       ,2016,130590938589.59
MUS       ,2016,130583282995.75
ETH       ,2001,130209372292.86
PAK       ,2030,130113966746.6
ZWE       ,2011,129844690998.21
PER       ,2025,129780920680.8
COG       ,2024,129221821733.9
BLR       ,2006,128449147149.53
KGZ       ,2021,128273293527.56999
BEN       ,2018,127958512935.1
ZMB       ,2011,127831350983.47
KHM       ,2011,126930038312.88
ALB       ,2014,126889599413.89
GAB       ,2022,126836485052.37
PRY       ,2007,126835082605.25
NGA       ,2029,126584560496.6
SEN       ,2026,126369845599.1
ZMB       ,2004,126351276968.72
COG       ,2023,126300259878.31
ALB       ,2013,126293159919.78
COG       ,2018,125556034431.43001
MAR       ,2031,125462036450.0
VNM       ,2028,125426381678.1
HND       ,2004,125421688175.08
UZB       ,2029,125302170166.5
YEM       ,2004,125271401754.0
SYR       ,2011,124760427414.2
MMR       ,2004,124573860507.36
NPL       ,2014,124435340333.69
GAB       ,2015,124301601593.77
BOL       ,2004,124023317157.84
NER       ,2021,123974087435.89
MMR       ,2005,123907434149.31
AGO       ,2030,123569123363.2
NPL       ,2013,123274922622.1
MDV       ,2024,123245198580.89
ARM       ,2012,123183555211.26
GHA       ,2000,123134300388.81
KGZ       ,2019,122894877964.62
MLI       ,2018,122793647859.77
NER       ,2020,122575242228.06
PER       ,2030,122442049357.9
MKD       ,2017,122124882684.08
JAM       ,2001,121790582835.39
BOL       ,2009,121499579616.0
TKM       ,2023,121394136205.5
BOL       ,2003,121262982250.95
MOZ       ,2008,121152685810.94
UKR       ,2031,121085348200.5
KEN       ,2002,121064867044.08
MDA       ,2021,120950631763.07
LAO       ,2012,120564658282.67
MMR       ,2003,120541049965.54
ECU       ,2025,120358604658.7
BFA       ,2012,120320303960.98
NIC       ,2011,120211776813.02
NGA       ,2031,120080583091.9
PNG       ,2010,120004925536.12
MNE       ,2019,119454704712.38
DOM       ,2027,119423185655.8
NER       ,2024,119296373541.88
NGA       ,2032,119281678158.7
GAB       ,2014,119122522187.96
COG       ,2012,118948139968.44
COG       ,2006,118854258209.46
KGZ       ,2014,118689202754.89
KGZ       ,2016,118662452322.95
ALB       ,2012,118524828586.03
ALB       ,2011,118270024463.48999
GIN       ,2022,118194186369.89
ARM       ,2011,117920586943.56
KGZ       ,2020,117705864589.66
UZB       ,2007,117661533857.68001
NER       ,2023,117531255216.49
KGZ       ,2017,117497363248.38
UGA       ,2011,116795484186.38
MAR       ,2026,116777670870.7
ALB       ,2016,116730191365.69
TJK       ,2024,116708179188.64
VNM       ,2029,116579049594.3
BIH       ,2005,116537430489.69
MDG       ,2021,116481130681.64
YEM       ,2003,116459671904.15
KEN       ,2000,116430321089.13
TZA       ,2006,116418019102.97
TKM       ,2024,116385571045.51
GIN       ,2021,115529108758.47
ETH       ,2008,115476178357.52
KGZ       ,2013,115398266393.88
KGZ       ,2018,115344569411.6
PRY       ,2006,115199432290.8
GAB       ,2024,115173985714.66
ARM       ,2009,115077957876.04
RWA       ,2018,115060322483.25
KGZ       ,2015,114641896210.02
MOZ       ,2007,114467702113.20999
MKD       ,2015,114394918872.13
NGA       ,2030,114157654753.4
ALB       ,2010,113656570529.6
MNG       ,2010,113549329899.8
DOM       ,2032,113452414240.8
YEM       ,2021,113190491098.96
SEN       ,2010,112852636516.94
NIC       ,2003,112724712687.86
YEM       ,2019,112578992545.75
UGA       ,2010,112554353645.15
GTM       ,2003,112551665161.55
MAR       ,2027,112522522573.8
PAK       ,2032,112320775112.6
COG       ,2008,112207313727.79001
LAO       ,2011,111999367750.64
GIN       ,2019,111796476374.88
HND       ,2005,111457510752.02
BOL       ,2006,111449523173.77
COG       ,2005,111250949750.15
HND       ,2010,111191152749.96
ARM       ,2010,111166145038.89
YEM       ,2020,111120325264.75
LKA       ,2025,110816136335.8
MAR       ,2028,110796954232.0
GAB       ,2016,110674259103.97
JAM       ,2002,110356398710.81
NPL       ,2011,110155896802.42
ETH       ,2000,110071515574.33
PER       ,2028,110069753054.3
COG       ,2010,109966896079.24
TJK       ,2022,109898696956.06
NPL       ,2012,109807657206.48
YEM       ,2002,109493875620.54001
MOZ       ,2026,109473386633.2
COG       ,2011,109303231142.76
TJK       ,2023,109264987561.31
MUS       ,2007,109228983718.34
ZMB       ,2003,109178054912.75
SEN       ,2025,109111634671.0
MKD       ,2013,109096712621.3
DOM       ,2000,109020015170.11
MNE       ,2021,108960455404.44
TZA       ,2025,108939445993.4
JAM       ,2000,108907091931.57
ECU       ,2026,108730161692.6
NIC       ,2010,108669246229.28
SEN       ,2009,108192507152.24
SRB       ,2028,108177747587.5
BLR       ,2005,108123580698.63
NIC       ,2000,108012388249.78
YEM       ,2022,107977473741.38
ZWE       ,2010,107974062811.33
MDA       ,2020,107573149453.33
AZE       ,2006,107424725839.56
BIH       ,2004,107342770984.54
JOR       ,2026,107180773745.2
ECU       ,2027,107083432149.9
KHM       ,2010,106910504203.11
YEM       ,2023,106829388178.86
LBN       ,2025,106816820309.6
GIN       ,2020,106705251730.41
YEM       ,2001,106269439743.58
COG       ,2004,106261412181.9
MLI       ,2015,106157133793.81
MNE       ,2023,106060987755.2
KEN       ,2001,105772653427.4
ZMB       ,2002,105771321581.17
CMR       ,2011,105727269075.12
MDG       ,2020,105619087911.67
MOZ       ,2005,105542666904.58
BOL       ,2000,105491900293.87
SLV       ,2001,105359423394.36
YEM       ,2024,105294076758.44
KEN       ,2025,105279669161.0
NIC       ,2001,104928513558.03
BFA       ,2011,104848541966.52
MMR       ,2002,104717317222.21
PER       ,2032,104297924768.3
UGA       ,2009,104277465924.63
NIC       ,2002,104261469684.03
BOL       ,2007,104010469076.04
TJK       ,2017,103880105193.95
HND       ,2003,103834044849.8
KGZ       ,2012,103600427875.64
MMR       ,2000,103333825882.09
TUN       ,2025,103238424565.3
GAB       ,2011,102852816419.63
MLI       ,2013,102716102917.6
DOM       ,2030,102595056662.1
UKR       ,2032,102570794401.4
ALB       ,2008,102555296042.32
UZB       ,2001,102194756271.62
BOL       ,2002,101695065191.15
LAO       ,2010,101595260829.53
TGO       ,2024,101497582027.23
ALB       ,2009,101457154933.54
MNE       ,2022,101422419799.35
UGA       ,2004,101206332331.16
DOM       ,2028,101133735713.2
COG       ,2009,100943504288.61
MLI       ,2014,100895089957.81
LBN       ,2027,100888685780.1
RWA       ,2017,100794101023.47
UGA       ,2005,100530633349.59
YEM       ,2000,100432496208.76
MDV       ,2021,100415064835.0
MKD       ,2011,100372496823.61
GUY       ,2023,100260498836.91
LBN       ,2026,100237769068.1
DOM       ,2025,100131032709.4
MNE       ,2017,99952174738.8
MNE       ,2013,99838399761.6
UGA       ,2003,99727027233.87
VNM       ,2030,99595484249.5
ECU       ,2028,99439975647.3
TJK       ,2021,99377619014.85
MOZ       ,2004,99364160663.98
ZMB       ,2001,99321468393.24
PRY       ,2005,99028992963.22
MUS       ,2009,98723044241.32
GTM       ,2002,98673367334.02
ETH       ,2007,98496945139.15
UZB       ,2006,98436048927.84
BEN       ,2017,98430945472.05
UZB       ,2000,98070431464.68001
MNE       ,2015,98024473918.85
GAB       ,2012,97978131120.74
MDG       ,2019,97839340629.52
HND       ,2001,97780180173.65
HND       ,2002,97775658572.33
GTM       ,2001,97731222649.47
MOZ       ,2006,97616363398.49
TJK       ,2020,97551157270.44
HND       ,2008,97355880774.67
MUS       ,2008,97341809332.51
UZB       ,2004,97306788230.75
JAM       ,2003,97282841575.58
COG       ,2007,97186191056.56
LKA       ,2026,97163010298.8
NPL       ,2010,97112705700.85
LBN       ,2028,97060146905.1
UZB       ,2005,96985660941.95999
SEN       ,2004,96672105083.26
NIC       ,2009,96343100815.64
HND       ,2000,96271875330.7
ECU       ,2029,96192138809.8
MOZ       ,2027,96115118778.6
NER       ,2019,95840010864.29001
MRT       ,2015,95734713370.39
NIC       ,2004,95713892777.56999
MMR       ,2001,95668913044.49
UZB       ,2032,95606163382.3
SEN       ,2005,95383013079.84
MDG       ,2018,95247267299.68001
CMR       ,2010,95237254698.06
LAO       ,2009,95156591716.29
SYR       ,2012,94958128709.0
MRT       ,2020,94597528347.62
CMR       ,2009,94582350839.56
TCD       ,2013,94525746260.1
UZB       ,2003,94329659114.0
UZB       ,2031,94279483574.6
ECU       ,2030,94173493901.4
SRB       ,2026,94172400897.6
KGZ       ,2011,94133498019.88
ZMB       ,2005,93785425627.54
MRT       ,2019,93751308294.69
SYR       ,2019,93748599197.2
HND       ,2006,93631310714.95999
HND       ,2009,93583775609.9
SEN       ,2008,93307956155.09
SYR       ,2018,93205933323.89
GHA       ,2026,93105034891.8
GAB       ,2010,92980815189.57
ECU       ,2031,92967522971.2
BFA       ,2010,92885562027.1
BWA       ,2009,92681742021.95
AGO       ,2032,92575660956.7
MDG       ,2003,92539315471.59
BOL       ,2001,92339872392.83
MKD       ,2012,92317458316.06
ETH       ,2006,92179373386.88
MDV       ,2023,91914751097.34
MDA       ,2019,91576459961.26
MOZ       ,2000,91462712945.88
ZMB       ,2000,91461828303.79001
NPL       ,2009,91347598661.03
BLR       ,2027,91207008248.8
CMR       ,2008,90967672021.12
MAR       ,2029,90822086528.1
MRT       ,2024,90624467447.01
BWA       ,2011,90404009624.26
NIC       ,2005,90390371536.21
VNM       ,2031,90370099959.7
MDA       ,2018,90310785007.64
MNE       ,2014,90259833172.17
ZMB       ,2010,90125113335.59
KHM       ,2009,90110651438.01
TJK       ,2019,89751995819.68
SEN       ,2003,89609508366.74
NPL       ,2008,89449873023.98
MRT       ,2023,89223504708.89
ZWE       ,2009,89192336128.39
MDG       ,2004,89162632640.24
MOZ       ,2002,88805080820.31
MDG       ,2017,88549590114.09
SYR       ,2022,88502156373.24
MDA       ,2017,88446473121.59
LBN       ,2029,88418350432.3
RWA       ,2016,88195438158.65
CMR       ,2007,88074927035.13
MDV       ,2020,87906918583.38
KEN       ,2028,87827445494.4
TKM       ,2010,87754854836.56
BLR       ,2004,87592270453.93001
TJK       ,2018,87542069226.71
MRT       ,2017,87491661532.27
PRY       ,2003,87429743268.48
LAO       ,2008,87400460306.87
MLI       ,2012,87397595634.38
MRT       ,2016,87150551082.95
MLI       ,2011,86911635200.05
SYR       ,2023,86757273163.66
MRT       ,2018,86727312001.43001
KEN       ,2026,86708435100.0
UZB       ,2002,86651894821.41
LAO       ,2007,86306283496.1
SRB       ,2029,86259781741.0
MRT       ,2012,86204870521.82
SYR       ,2017,86197845067.97
MWI       ,2023,86191818178.05
MRT       ,2022,86123366532.55
ECU       ,2032,85978488823.6
VNM       ,2032,85879683357.4
MAR       ,2030,85816228763.6
MOZ       ,2003,85678512933.63
MDV       ,2022,85427931327.84
UGA       ,2001,85376667061.67
MRT       ,2021,85092177046.18
KHM       ,2008,84902727886.68
LBN       ,2031,84861411759.1
MKD       ,2009,84785796885.46
NIC       ,2006,84762342565.78
NPL       ,2007,84731036846.55
SRB       ,2025,84376770525.7
BLR       ,2025,84316708328.4
PRY       ,2004,84310327225.52
GHA       ,2025,84239781362.4
MNE       ,2012,84171441673.39
SYR       ,2020,83925688394.95
SLV       ,2000,83748876096.36
SYR       ,2021,83566244535.63
NIC       ,2008,83307349631.43
MDV       ,2018,83227855528.75
BWA       ,2024,82990377160.56
BEN       ,2016,82987376742.59
MNE       ,2011,82679581020.11
GAB       ,2008,82600210185.03
SEN       ,2007,82590240604.96
MRT       ,2013,82491495599.36
BIH       ,2003,82168810560.76
MDG       ,2002,82132480412.0
AZE       ,2005,82072577983.11
MWI       ,2024,81965625288.91
UGA       ,2002,81754939585.64
MNE       ,2016,81580697435.41
TCD       ,2024,81570165793.45999
NER       ,2011,81463584177.51
MDA       ,2013,81457860770.94
NIC       ,2007,81397148025.4
NER       ,2018,81225927878.93
NER       ,2017,81128413458.84
GTM       ,2000,81109212655.74
MNG       ,2026,80944354145.2
KHM       ,2006,80911346326.36
KEN       ,2027,80758081397.4
MNG       ,2027,80750902398.5
SEN       ,2002,80537913865.59
SYR       ,2013,80530458591.39
MRT       ,2014,80308982545.14
CMR       ,2006,80098041918.21
PRY       ,2029,80021587226.9
NPL       ,2006,79924986625.4
KGZ       ,2009,79672515476.64
MWI       ,2022,79582039885.83
LKA       ,2029,79569260106.1
MNG       ,2025,79516579971.3
BWA       ,2014,79441299256.32
MAR       ,2032,79317915728.3
MDG       ,2000,79157384324.67
COG       ,2003,79007379464.97
SEN       ,2027,78955214627.4
TCD       ,2023,78941938615.13
TJK       ,2014,78930285536.75
MLI       ,2009,78922196916.23
BLR       ,2026,78770173597.7
HND       ,2007,78716071468.96
MDG       ,2005,78435669743.08
BWA       ,2021,78411286212.97
BFA       ,2009,78103108733.07
BWA       ,2022,77971990588.82
JOR       ,2025,77938022126.7
UZB       ,2030,77463295088.6
JOR       ,2027,77087772420.1
RWA       ,2015,77035465660.35
SYR       ,2016,76988943352.16
LKA       ,2027,76980131310.5
KEN       ,2030,76951301478.2
MKD       ,2010,76948636529.55
TJK       ,2015,76803405242.24
MLI       ,2010,76802071638.33
MLI       ,2005,76655213487.15
GAB       ,2009,76632972861.06
GIN       ,2018,76547811345.16
MDG       ,2015,76421970836.58
MDA       ,2016,76396140800.34
NPL       ,2005,76228640685.73
ZWE       ,2007,76133705974.48
UGA       ,2008,76032349803.81999
TUN       ,2026,75997169820.1
BEN       ,2014,75994572309.77
KAZ       ,2031,75987702058.9
AFG       ,2020,75943191269.28
SYR       ,2014,75929646467.71
HTI       ,2021,75901993025.12
TJK       ,2016,75889209436.25
AFG       ,2012,75665890924.09
AGO       ,2031,75597949613.6
ARM       ,2008,75388916836.67
TCD       ,2021,75385481657.4
KEN       ,2029,75080272017.5
SYR       ,2015,74986290647.25
TCD       ,2017,74983693123.35
SYR       ,2007,74868138360.4
MDA       ,2014,74715149532.78
NPL       ,2004,74658923417.37
MDG       ,2014,74654748795.58
KHM       ,2005,74530700085.17
MDG       ,2001,74507043663.89
TJK       ,2013,74238091686.47
NER       ,2016,74030672243.81
UGA       ,2007,74012379961.28
AZE       ,2026,73951843248.5
SEN       ,2001,73788524156.64
THA       ,2029,73785938490.2
TJK       ,2012,73704790801.08
GAB       ,2004,73684563719.23
MDV       ,2019,73630670712.25
UGA       ,2000,73623390274.89
HTI       ,2014,73606433364.87
TCD       ,2020,73599221342.96
GAB       ,2005,73573982736.81
AFG       ,2013,73553799691.9
AFG       ,2014,73396572422.08
AFG       ,2011,73319582577.07
TGO       ,2023,73239800717.44
GHA       ,2027,73152980109.7
LKA       ,2028,73078574583.6
DJI       ,2023,73040774012.12
BWA       ,2023,72900017000.77
HTI       ,2023,72852304016.63
KGZ       ,2010,72578336785.57
HTI       ,2022,72532668022.41
MKD       ,2008,72259858064.11
BWA       ,2012,71808902470.15
ETH       ,2028,71794463473.2
AFG       ,2019,71772440538.96
NPL       ,2003,71769047723.88
MRT       ,2011,71713702738.8
TCD       ,2011,71678360143.52
MDG       ,2016,71650495550.07
KHM       ,2004,71556441742.19
BWA       ,2013,71458113600.94
TJK       ,2010,71453954783.01
MDA       ,2012,71361627943.17
MWI       ,2021,71180469489.91
KEN       ,2031,71173871180.3
MDA       ,2015,71116927226.35
GUY       ,2022,70968811536.75
MWI       ,2020,70942188559.89
GAB       ,2006,70934041154.01
AFG       ,2017,70811933893.66
TCD       ,2012,70789194907.13
SUR       ,2024,70604401858.55
TJK       ,2011,70473906127.62
MLI       ,2004,70436092136.59
JOR       ,2029,70118423467.3
LKA       ,2030,70083495473.5
TCD       ,2019,70056528886.15
BEN       ,2015,69942786394.9
AFG       ,2010,69833354983.22
SEN       ,2028,69802076153.8
RWA       ,2014,69733025010.13
BTN       ,2020,69698264338.45
NER       ,2015,69652381672.48
AFG       ,2015,69601559091.32
TCD       ,2022,69598497510.68
ZWE       ,2008,69588179521.5
MRT       ,2010,69418319833.96
SRB       ,2030,69401781015.4
AFG       ,2018,69382571510.81
MDG       ,2013,69130395988.31999
SOM       ,2020,69083721682.49
SEN       ,2006,69018061872.62
TCD       ,2018,68917660360.85
ARM       ,2007,68903173547.87
MOZ       ,2001,68839283408.05
TCD       ,2015,68799713175.11
SUR       ,2016,68765940974.58
SEN       ,2000,68628442560.21
TCD       ,2010,68622898012.86
ZWE       ,2004,68471065316.74
BFA       ,2008,68466873695.06
MDG       ,2008,68259389189.94
BEN       ,2013,67896721195.73
COG       ,2002,67796291481.25
ALB       ,2007,67725009558.8
LKA       ,2031,67716870595.2
KHM       ,2007,67644551790.18
AFG       ,2016,67579921348.65
BWA       ,2016,67510058061.5
HTI       ,2013,67358343839.17
DOM       ,2029,67331022277.8
MKD       ,2007,67202242433.99
TGO       ,2021,67098290867.96
SOM       ,2018,66967930726.159996
SUR       ,2019,66806623721.22
KGZ       ,2008,66752956176.96
AFG       ,2009,66740577512.57
MDA       ,2011,66644803549.65
ZWE       ,2006,66643308360.2
ZMB       ,2008,66423605558.729996
MNE       ,2010,66377146194.28
MUS       ,2003,66226699608.72
MWI       ,2004,66154898667.72
ZMB       ,2009,66142304022.7
MDG       ,2012,65939747435.47
XKX       ,2024,65888275446.15
KHM       ,2003,65855169980.51
COG       ,2001,65713711615.44
BLR       ,2003,65656464887.99
MLI       ,2008,65430345080.39
BWA       ,2018,65404894431.5
HTI       ,2015,65336277373.65
HTI       ,2018,65192921813.03
FJI       ,2024,64986674465.29
MLI       ,2003,64752791960.37
SUR       ,2023,64527665145.89
BTN       ,2024,64494902255.31
BWA       ,2015,64398652289.76
ZWE       ,2003,64351987772.41
RWA       ,2013,64295097349.25
DJI       ,2024,64257297333.93
SYR       ,2006,64172414939.8
ZMB       ,2006,64101081989.78
BIH       ,2002,64061714897.63
SOM       ,2019,63988094575.69
TCD       ,2016,63849909528.02
LAO       ,2006,63744549785.57
HTI       ,2008,63685074166.96
MRT       ,2009,63552316714.48
HTI       ,2020,63506360346.44
ETH       ,2026,63460738409.5
PRY       ,2002,63408027776.93
SUR       ,2022,63384222998.84
GHA       ,2028,63363784739.1
MNG       ,2009,63295349594.3
ZMB       ,2025,63133679108.0
MOZ       ,2028,63089481049.6
NPL       ,2002,63067420532.53
GIN       ,2007,62955074073.5
MDG       ,2011,62877155907.5
BWA       ,2017,62876092483.65
GAB       ,2003,62863493905.63
COG       ,2000,62782176595.63
GIN       ,2011,62750757000.48
XKX       ,2023,62650950903.08
SOM       ,2022,62523968976.11
ETH       ,2027,62397222542.9
SEN       ,2031,62318110135.5
FJI       ,2022,62287225388.729996
TUN       ,2027,62152182000.200005
HTI       ,2016,62140837972.69
NPL       ,2000,62040785695.01
MWI       ,2005,62035628096.85
GIN       ,2008,61993009590.25
SEN       ,2029,61947951332.0
LKA       ,2032,61907611186.2
ZMB       ,2007,61695562807.53
SEN       ,2030,61601247716.0
MDA       ,2010,61583038467.36
BLR       ,2002,61572104091.09
MWI       ,2019,61561916168.05
LAO       ,2025,61412086122.9
PRY       ,2027,61299443650.0
HTI       ,2017,61234097378.05
NER       ,2013,61114387025.9
HTI       ,2019,61090696807.31
SOM       ,2021,60734326768.17
MUS       ,2005,60658144264.8
ZWE       ,2005,60415615569.49
GAB       ,2000,60386423775.07
MDG       ,2010,60339036716.69
LBN       ,2030,60149252500.2
MLI       ,2007,59858205922.020004
BWA       ,2019,59661307921.409996
GIN       ,2009,59608425274.770004
SYR       ,2024,59568047542.51
GIN       ,2010,59506508659.1
MWI       ,2003,59490602551.56
NER       ,2014,59475288215.04
DJI       ,2020,59455167636.67
GHA       ,2029,59452694916.5
NPL       ,2001,59447733591.5
DOM       ,2031,59368061235.5
MWI       ,2018,59181629137.31
GIN       ,2004,59181480393.93
TGO       ,2022,59053059294.64
GEO       ,2007,59015707750.13
MUS       ,2006,58981199933.72
THA       ,2030,58828147499.2
TGO       ,2020,58731476448.74
BWA       ,2010,58724511307.27
LAO       ,2005,58718117755.39
PRY       ,2000,58683641550.21
BTN       ,2023,58533519156.25
TZA       ,2026,58418326471.0
SYR       ,2005,58372183871.9
XKX       ,2022,58337427485.47
KHM       ,2002,58253849658.909996
AFG       ,2008,57976512728.71
GIN       ,2006,57804157738.86
UGA       ,2006,57794773736.12
MDG       ,2007,57778445241.8
ALB       ,2006,57729615315.16
BTN       ,2022,57634691490.409996
JOR       ,2028,57415547499.8
HTI       ,2012,57408171066.17
AFG       ,2007,57401436812.49
GIN       ,2017,57395245790.28
DJI       ,2021,57322464091.33
XKX       ,2021,57226407590.74
BIH       ,2000,57139591570.56
PNG       ,2008,57011009708.37
DJI       ,2022,56741543140.1
ZWE       ,2002,56654135038.67
TJK       ,2008,56623966449.19
SOM       ,2023,56541170233.14
GIN       ,2005,56487071310.35
ZWE       ,2000,56471831841.7
SUR       ,2018,56466855943.99
PRY       ,2026,56449742006.3
GIN       ,2003,56429234402.85
MDG       ,2009,56407597783.36
AZE       ,2004,55975688656.95
MWI       ,2017,55957521124.92
MLI       ,2002,55715907416.79
LAO       ,2002,55678771430.73
KEN       ,2032,55662978431.7
GTM       ,2026,55616110210.0
MWI       ,2002,55451826319.5
MKD       ,2006,55276432867.16
MLI       ,2001,55175736079.38
GAB       ,2002,55170710615.72
BIH       ,2001,54961631086.01
BFA       ,2007,54925758402.2
BTN       ,2021,54855054243.17
AFG       ,2021,54759736466.5
MNG       ,2028,54679659458.3
PRY       ,2001,54618444960.09
THA       ,2031,54553231660.8
BWA       ,2020,54537565487.29
SLV       ,2025,54515828642.6
GEO       ,2006,54270162078.19
ALB       ,2005,54227260698.52
AFG       ,2023,54125598126.1
MLI       ,2000,54123172823.79
MKD       ,2005,54098261198.75
MRT       ,2008,53929318304.24
PRY       ,2025,53894992156.0
DJI       ,2017,53695879799.32
NER       ,2012,53573115801.36
TJK       ,2009,53562072026.0
IRQ       ,2025,53560818273.2
DJI       ,2019,53556747467.56
MUS       ,2002,53113121611.75
GIN       ,2002,53076400866.51
SLV       ,2030,52984332201.7
BLR       ,2001,52828038685.11
MOZ       ,2031,52719009863.200005
SUR       ,2020,52696692822.12
MDG       ,2006,52691304294.98
SUR       ,2021,52618604395.25
MOZ       ,2029,52550405131.6
XKX       ,2020,52492429131.92
MDA       ,2008,52353764501.62
TZA       ,2027,52330145785.2
MNG       ,2008,52048149878.15
MLI       ,2006,51986161572.12
GIN       ,2001,51900870915.42
MWI       ,2000,51892788731.85
TKM       ,2009,51879147217.7
HTI       ,2010,51871673926.229996
PNG       ,2009,51786613424.07
FJI       ,2023,51700190867.200005
IRQ       ,2026,51670121080.5
BEN       ,2012,51637912479.0
AFG       ,2022,51540342861.84
MUS       ,2004,51534290106.0
ZWE       ,2001,51388151618.46
GAB       ,2001,51333359670.39
LAO       ,2004,51309750474.83
GIN       ,2000,51309363004.11
GNQ       ,2022,51280810318.16
AZE       ,2003,51262364742.84
KHM       ,2001,51215885956.46
BFA       ,2005,50953592613.47
BFA       ,2004,50844343540.32
DJI       ,2016,50650726818.83
TKM       ,2000,50615377833.22
HTI       ,2011,50541934851.94
KGZ       ,2007,50540270565.62
MWI       ,2001,50493337944.24
GHA       ,2030,50481748310.8
BTN       ,2019,50356213458.9
BLR       ,2028,50172511005.6
GIN       ,2013,50136502676.93
PNG       ,2007,50006695285.02
GIN       ,2016,49860577939.99
MKD       ,2004,49841704087.1
BTN       ,2016,49756000814.4
SOM       ,2017,49616070810.64
MDV       ,2017,49597180719.19
GTM       ,2029,49386228135.9
GUY       ,2021,49327046348.4
SUR       ,2017,49307936275.79
THA       ,2032,49216297702.8
GNQ       ,2019,49206744295.11
BTN       ,2017,49147444483.46
FJI       ,2021,49081205664.77
GIN       ,2015,48894011999.0
BLR       ,2000,48857233941.07
DJI       ,2018,48853550864.51
HTI       ,2009,48736407443.17
PRY       ,2031,48714100510.5
TZA       ,2028,48625016736.7
LAO       ,2001,48578523857.27
BOL       ,2028,48508294663.0
GTM       ,2027,48364731069.1
BTN       ,2014,48351074734.87
KHM       ,2000,48343532850.53
BLR       ,2030,48299792053.2
MDA       ,2007,48279270009.22
LBR       ,2024,48249767727.8
SLV       ,2026,48175345882.6
ZMB       ,2026,48084910666.9
GIN       ,2014,48082050809.29
NER       ,2010,47820544898.25
BEN       ,2010,47742121049.92
MWI       ,2014,47551513350.3
SLV       ,2029,47494634763.1
CMR       ,2025,47488481717.6
TUN       ,2028,47381828863.6
TGO       ,2019,47098737164.5
LAO       ,2026,47086836753.0
MRT       ,2005,46955154031.77
SLV       ,2027,46893793242.6
SOM       ,2016,46879122541.549995
GHA       ,2031,46859921967.3
LAO       ,2000,46858094459.54
MWI       ,2015,46789786631.67
BTN       ,2018,46561860813.51
HTI       ,2007,46497168869.93
GEO       ,2004,46472204477.65
LAO       ,2003,46437586005.2
MRT       ,2007,46320520019.42
BOL       ,2030,46136032655.2
IRQ       ,2027,46080828782.3
PRY       ,2028,46078823528.2
SOM       ,2015,45970777833.18
ALB       ,2004,45925949147.98
BTN       ,2015,45738026231.38
BEN       ,2011,45480327001.75
SOM       ,2013,45292455859.01
GEO       ,2005,45217784229.16
SOM       ,2014,45211589509.61
MWI       ,2016,45081567865.21
TCD       ,2008,44983165159.31
TCD       ,2009,44976385511.57
TZA       ,2029,44908469132.4
CMR       ,2026,44860653359.3
MWI       ,2013,44834759496.99
KGZ       ,2006,44777005474.5
PNG       ,2006,44777004482.85
GAB       ,2031,44587044833.7
MDA       ,2009,44580590136.21
GTM       ,2028,44262696629.0
SEN       ,2032,44120297719.9
BTN       ,2013,44109572774.51
LBR       ,2023,44056953732.87
BFA       ,2006,44009321591.19
FJI       ,2020,43994521173.74
BWA       ,2007,43932580977.78
GTM       ,2025,43667546834.7
MNG       ,2007,43666783957.81
PNG       ,2000,43646786803.06
RWA       ,2012,43483773599.44
LBN       ,2032,43427702722.3
AZE       ,2002,43391823442.83
NER       ,2003,43294524616.67
PRY       ,2030,43186659826.1
ARM       ,2006,43173773601.84
DJI       ,2015,43154990101.020004
BWA       ,2008,43090818187.92
HTI       ,2024,43041874415.35
BTN       ,2012,43024448462.17
GHA       ,2032,42943629734.8
BEN       ,2009,42755955877.69
SLE       ,2021,42699595132.590004
NER       ,2005,42688767268.65
BLR       ,2029,42683068449.7
GEO       ,2026,42606568664.7
MRT       ,2004,42510849605.33
SOM       ,2024,42493094113.36
CPV       ,2024,42436855155.72
MWI       ,2011,42433613392.24
NER       ,2004,42359563593.2
GUY       ,2012,42213394573.61
BEN       ,2004,42156540198.31
TUN       ,2029,41860201168.5
TCD       ,2007,41738368603.68
CPV       ,2023,41622974912.08
SLE       ,2020,41591776265.91
ETH       ,2029,41578105193.7
MKD       ,2025,41542091381.700005
BFA       ,2003,41513947455.58
MRT       ,2003,41169858973.13
CPV       ,2020,41097303792.909996
SRB       ,2031,41053514044.1
TZA       ,2030,40965257441.2
MNG       ,2029,40945211375.0
TUN       ,2031,40927755701.1
PNG       ,2005,40897316968.03
ZMB       ,2027,40870288761.0
MKD       ,2003,40791169574.61
MDV       ,2016,40789049120.49
BEN       ,2008,40785793576.62
CPV       ,2021,40772923438.799995
RWA       ,2011,40723253883.86
BEN       ,2005,40554243537.31
MOZ       ,2030,40540957843.9
MNE       ,2009,40503221335.68
UGA       ,2025,40489052248.4
BLZ       ,2021,40437944511.54
CPV       ,2022,40407520265.38
BLR       ,2031,40369954964.0
TCD       ,2006,40281762394.49
KGZ       ,2004,40247497933.86
HTI       ,2006,40208983986.5
TCD       ,2005,40162911146.840004
LBR       ,2022,40128381083.54
SOM       ,2008,40108815266.9
SLV       ,2028,40053725467.4
GNQ       ,2021,39938057672.12
SUR       ,2015,39858456437.58
ALB       ,2025,39755642272.7
SLE       ,2023,39741074223.14
GUY       ,2013,39651900365.69
NER       ,2009,39635750971.59
ALB       ,2003,39545515661.18
CPV       ,2013,39523738669.47
SOM       ,2007,39394568942.71
GEO       ,2025,39379754371.6
SOM       ,2012,39276637893.73
MRT       ,2006,39251537216.49
AZE       ,2000,39184580010.14
CPV       ,2019,39111046054.11
BLZ       ,2007,39105244583.01
SLE       ,2024,39059010070.62
GUY       ,2014,39057871589.71
SLE       ,2022,38908691880.03
PNG       ,2001,38846630829.31
SLE       ,2019,38674101337.73
MRT       ,2002,38667027257.340004
MRT       ,2000,38477686433.27
TJK       ,2007,38446902889.8
TGO       ,2017,38414682248.85
SLV       ,2032,38405991510.8
KHM       ,2025,38165657890.1
HND       ,2027,38059255214.1
SOM       ,2011,37963182545.92
MWI       ,2012,37897263345.729996
SOM       ,2006,37812741775.909996
KGZ       ,2005,37810061273.95
NER       ,2002,37805024451.19
CMR       ,2027,37762202326.3
ETH       ,2030,37737380046.0
MRT       ,2001,37731417586.71
BEN       ,2007,37597901587.72
SOM       ,2009,37570806188.1
GEO       ,2003,37563104210.41
TUN       ,2030,37525413044.6
HTI       ,2005,37518663463.21
GUY       ,2011,37279132610.54
CPV       ,2014,37278862609.49
XKX       ,2019,37250326511.71
TGO       ,2018,37239680849.67
BWA       ,2006,37120404440.12
JOR       ,2030,37052325707.8
SOM       ,2010,37045528738.9
SRB       ,2032,37007528140.0
GTM       ,2032,36973783545.4
UGA       ,2026,36848321467.9
MDA       ,2006,36692799265.28
GIN       ,2012,36653668970.58
CPV       ,2017,36567367045.409996
LBR       ,2007,36506688141.82
LAO       ,2027,36504727050.4
SOM       ,2004,36441454735.37
ARM       ,2005,36316893286.11
CPV       ,2012,36182410416.4
GUY       ,2020,36154729319.94
BFA       ,2002,36134315483.58
AZE       ,2025,36101723793.6
SOM       ,2005,36094610589.47
GUY       ,2018,35915946876.33
XKX       ,2017,35901985019.4
SYR       ,2004,35885676035.4
MNG       ,2031,35791398270.6
TCD       ,2004,35663275905.07
TGO       ,2016,35658122901.84
CPV       ,2018,35653684681.63
BWA       ,2005,35556844712.07
PNG       ,2003,35543317325.9
GTM       ,2031,35538268334.4
TGO       ,2009,35534917641.02
PNG       ,2004,35498751086.340004
ARM       ,2004,35490977985.18
TKM       ,2001,35452286081.24
GUY       ,2019,35404490120.63
BTN       ,2010,35341276406.91
SOM       ,2003,35313349927.1
BEN       ,2002,35307838495.479996
GEO       ,2002,35237561421.11
TZA       ,2031,35178007685.1
LBR       ,2008,34986792033.32
MKD       ,2002,34982747303.54
XKX       ,2018,34977606652.03
BEN       ,2003,34878980095.88
AFG       ,2024,34874184431.32
GEO       ,2028,34817155948.1
LBR       ,2006,34798584361.32
LBR       ,2021,34768556910.07
MNG       ,2006,34747412765.8
KGZ       ,2003,34739722904.33
TZA       ,2032,34702537604.3
RWA       ,2004,34645331930.25
TKM       ,2008,34627492105.15
AFG       ,2006,34566922199.08
TGO       ,2007,34552741751.26
BFA       ,2001,34253129379.989998
TCD       ,2003,34237334293.34
UGA       ,2027,34146001875.7
BEN       ,2001,34101020820.79
SLE       ,2017,34073692261.35
GNQ       ,2020,34060178735.66
NIC       ,2025,34015170195.9
GNQ       ,2023,33967130285.88
CMR       ,2028,33938656849.899998
BIH       ,2026,33938566788.9
AZE       ,2001,33836772890.77
BTN       ,2011,33817528046.52
LSO       ,2024,33779082757.010002
ARM       ,2025,33734575886.6
SLE       ,2018,33646923290.18
CPV       ,2015,33609961454.6
ALB       ,2002,33508867143.78
TGO       ,2008,33396403755.809998
BLZ       ,2024,33385367616.2
BEN       ,2006,33322535969.579998
SOM       ,2002,33260570334.18
TGO       ,2014,33259975500.52
TGO       ,2006,33162138804.62
UGA       ,2029,33149336014.7
SLE       ,2014,33048436122.26
BWA       ,2004,33041273899.67
PNG       ,2026,33002433355.2
NER       ,2008,32967826687.75
GUY       ,2017,32852853065.5
GMB       ,2024,32844007681.37
SOM       ,2000,32841904825.48
SLE       ,2013,32758653741.85
BOL       ,2025,32749121054.3
GEO       ,2001,32742356230.04
MWI       ,2009,32737976353.53
PNG       ,2002,32663111731.98
LAO       ,2028,32598560294.5
ZMB       ,2028,32583885684.0
LBR       ,2004,32548828350.829998
LSO       ,2021,32475038191.63
UGA       ,2028,32401049048.8
GEO       ,2027,32338369872.1
RWA       ,2005,32316180304.96
HND       ,2025,32281689174.8
KGZ       ,2000,32254961087.74
FJI       ,2019,32233142870.36
FJI       ,2015,32233023819.73
NER       ,2001,32206128222.47
LBR       ,2005,32185878824.14
HTI       ,2004,32154110755.04
TGO       ,2004,32125824072.8
KAZ       ,2032,32116201947.7
FJI       ,2017,32100722275.82
MNG       ,2004,32098315485.39
TGO       ,2015,31970416994.54
SWZ       ,2024,31952350670.3
DJI       ,2014,31868117506.53
FJI       ,2011,31852141660.62
SLE       ,2015,31840697513.71
SWZ       ,2022,31801797815.84
LSO       ,2019,31724506227.32
TKM       ,2002,31654248625.579998
BOL       ,2026,31647533116.8
SOM       ,2001,31621454674.78
NER       ,2000,31611872804.46
BEN       ,2025,31538210868.0
KGZ       ,2002,31511134069.15
MWI       ,2010,31502159560.629997
MKD       ,2000,31424371579.100002
GUY       ,2016,31396493707.14
SLE       ,2012,31372602594.86
SLE       ,2005,31286975544.48
BLZ       ,2023,31284760993.29
LSO       ,2022,31193893698.52
ARM       ,2003,31129912921.97
XKX       ,2013,31105334444.03
TGO       ,2010,31046867173.649998
LBR       ,2020,31039400976.58
CPV       ,2016,30998870231.22
LSO       ,2020,30968175485.39
TKM       ,2003,30904674454.34
SLE       ,2016,30887766583.74
SLE       ,2004,30837835914.05
UGA       ,2030,30818797812.5
SLV       ,2031,30653635897.7
TJK       ,2006,30547679874.329998
MKD       ,2001,30523376362.239998
HTI       ,2003,30464312924.05
CMR       ,2029,30413639693.7
TGO       ,2005,30385004188.24
XKX       ,2016,30373680528.02
MDA       ,2005,30348280217.75
LSO       ,2016,30344942065.719997
MNG       ,2005,30331649273.63
BEN       ,2026,30246886093.5
NIC       ,2026,30226542337.100002
PNG       ,2028,30128171717.1
RWA       ,2010,30098070346.0
LSO       ,2023,30082244844.52
ETH       ,2031,30054496117.8
MDV       ,2013,29991401483.02
TGO       ,2013,29951078696.37
ETH       ,2032,29931955143.7
BOL       ,2027,29909247502.899998
BLZ       ,2020,29893239809.04
BWA       ,2003,29826313539.32
BEN       ,2000,29797996968.07
LBR       ,2003,29791491318.83
HTI       ,2000,29645948094.68
KGZ       ,2001,29610998573.48
HND       ,2030,29589646289.7
MWI       ,2006,29558840907.8
TKM       ,2007,29537686231.2
TGO       ,2003,29506028682.8
SLE       ,2006,29488841018.44
ALB       ,2001,29417107390.73
BFA       ,2000,29416111316.96
RWA       ,2002,29312119019.71
MNG       ,2003,29276397897.67
MNE       ,2027,29275864365.2
CPV       ,2011,29273088747.5
ALB       ,2000,29262796051.51
CMR       ,2030,29172210017.5
LCA       ,2024,29148090753.28
XKX       ,2015,29055868393.39
GEO       ,2000,29042405672.57
PRY       ,2032,29030520408.5
XKX       ,2014,29026336775.6
MKD       ,2028,28937408709.0
XKX       ,2011,28921015243.93
UGA       ,2031,28882201380.7
FJI       ,2018,28875361855.079998
JOR       ,2031,28861285871.1
MDA       ,2004,28808368814.5
MNG       ,2030,28734639744.399998
TKM       ,2004,28721437324.58
RWA       ,2003,28591534555.4
BLZ       ,2022,28573479301.57
SYR       ,2003,28553855930.1
MWI       ,2008,28386562921.93
SYR       ,2002,28352747770.7
JAM       ,2026,28340617837.9
KHM       ,2026,28315282008.3
LSO       ,2017,28276272617.26
NIC       ,2027,28240010402.4
TUN       ,2032,28080836754.4
MDV       ,2014,28046987076.53
XKX       ,2012,28007380141.829998
LBR       ,2018,27928528303.89
FJI       ,2016,27925827130.37
RWA       ,2008,27919307671.91
MUS       ,2000,27918580552.63
GUY       ,2010,27887234090.07
ARM       ,2002,27835192460.05
MNE       ,2025,27803112092.4
CPV       ,2010,27773640836.34
ZMB       ,2029,27753486223.0
FJI       ,2014,27649310771.98
SLE       ,2003,27643139533.34
HTI       ,2001,27631276081.37
MNE       ,2008,27532116381.1
MNE       ,2007,27520212429.82
ARM       ,2031,27504271190.4
BEN       ,2027,27494818619.5
GUY       ,2015,27484615621.16
HND       ,2026,27483267149.8
LSO       ,2018,27468340574.28
SWZ       ,2021,27405017555.6
SYR       ,2001,27401356562.4
NER       ,2007,27358896792.38
LBR       ,2002,27344952330.03
NER       ,2006,27320906469.32
GMB       ,2023,27302798616.38
LBR       ,2019,27298982064.65
CMR       ,2031,27297550612.4
HTI       ,2002,27246880801.73
BLZ       ,2013,27165194018.94
DJI       ,2013,27050398524.02
MUS       ,2025,26930678348.1
MOZ       ,2032,26912411825.5
JAM       ,2025,26909620837.9
MKD       ,2027,26873739836.8
BLZ       ,2019,26831067712.55
XKX       ,2009,26792251786.67
JAM       ,2027,26785552470.1
MDV       ,2015,26695171118.62
JOR       ,2032,26679860081.0
UGA       ,2032,26668085253.8
SWZ       ,2023,26658324437.79
BWA       ,2000,26561842153.97
TGO       ,2002,26557427877.41
LAO       ,2029,26539037249.3
MMR       ,2026,26484857333.9
MMR       ,2025,26454649146.6
BLZ       ,2017,26380854489.19
TCD       ,2002,26270002175.24
FJI       ,2012,26208101437.22
BLZ       ,2018,26194098527.54
ARM       ,2029,26139311484.8
BDI       ,2004,26125320868.61
MDV       ,2012,26115916958.79
GUY       ,2009,26033238698.82
LCA       ,2023,25939313276.36
ALB       ,2028,25908651557.7
RWA       ,2001,25889488938.02
MUS       ,2001,25836168340.66
LBR       ,2001,25782055191.94
BLZ       ,2015,25778883448.74
BDI       ,2007,25777356040.39
MDA       ,2003,25770290001.84
RWA       ,2031,25763420007.7
GUY       ,2006,25700452651.18
ARM       ,2026,25697730117.6
BOL       ,2029,25697663006.2
BDI       ,2008,25660151873.28
BEN       ,2030,25643915151.1
GUY       ,2003,25618726644.14
GUY       ,2005,25593915799.48
SYR       ,2000,25574674729.6
GNB       ,2024,25558407382.55
BDI       ,2006,25472418010.59
TGO       ,2012,25399036647.13
SLE       ,2002,25395836110.82
PNG       ,2027,25366108360.9
GNB       ,2023,25273268393.39
BIH       ,2025,25240249565.0
SLE       ,2011,25211255482.49
MDA       ,2000,25176262857.34
LBR       ,2017,25173744503.25
GUY       ,2004,25150586058.02
BDI       ,2003,25148755584.24
BLZ       ,2014,25127430183.28
MDV       ,2026,25123924321.1
BLZ       ,2003,25115675955.73
MWI       ,2007,25102169989.78
MKD       ,2026,25067085505.9
LBR       ,2000,25056849059.18
TKM       ,2006,25012682154.06
BWA       ,2002,25000349907.8
CMR       ,2032,24934875863.5
FJI       ,2013,24874465249.43
LSO       ,2012,24870851588.13
PNG       ,2025,24815402895.6
RWA       ,2009,24784341505.34
BEN       ,2031,24709854891.3
BEN       ,2028,24680641243.2
GEO       ,2029,24659148220.0
XKX       ,2010,24655724624.600002
ZMB       ,2030,24623809854.9
ARM       ,2001,24580714054.81
BLZ       ,2016,24557697309.24
LBR       ,2015,24517795348.69
TGO       ,2001,24475818555.62
ALB       ,2027,24406760317.3
BDI       ,2005,24382072658.32
JAM       ,2028,24374608993.0
TGO       ,2000,24346041485.23
KHM       ,2027,24299629654.7
MDA       ,2002,24279411763.25
GUY       ,2008,24206309209.4
RWA       ,2000,24187766489.45
SWZ       ,2020,24109090483.83
LSO       ,2010,24104972218.21
SWZ       ,2010,24104502239.69
GNQ       ,2024,24096306446.87
SLE       ,2001,23987750921.87
BLZ       ,2005,23983402536.55
LSO       ,2011,23883490017.75
TJK       ,2004,23768768920.95
MDV       ,2011,23742896303.37
LAO       ,2030,23690175626.3
BWA       ,2001,23661811325.68
AZE       ,2027,23637206850.1
TJK       ,2005,23632090790.27
LSO       ,2014,23597039467.09
LBR       ,2016,23583080020.03
GMB       ,2022,23574661990.64
GNB       ,2021,23565390388.89
NIC       ,2028,23503077410.4
GNB       ,2020,23493484157.14
GUY       ,2000,23475103210.7
MNG       ,2002,23399589661.35
BEN       ,2032,23352521108.1
BLZ       ,2004,23340340674.46
GUY       ,2002,23294825519.41
GTM       ,2030,23267486236.2
LSO       ,2015,23201196305.97
LSO       ,2013,22982386101.6
KHM       ,2028,22929451237.8
KHM       ,2029,22835849907.4
GUY       ,2001,22795208620.93
BTN       ,2007,22744520178.76
SWZ       ,2019,22686211067.08
BDI       ,2002,22677371069.11
GNB       ,2022,22646236372.6
MDV       ,2009,22534208197.34
SWZ       ,2016,22432085164.73
KHM       ,2030,22392314312.7
BTN       ,2009,22307665340.81
MNG       ,2032,22282301515.1
BOL       ,2031,22197728632.4
BEN       ,2029,22139420522.7
BLR       ,2032,22122255660.2
MDV       ,2008,22110795619.0
TKM       ,2005,22106564504.42
SWZ       ,2017,22103048962.86
MDV       ,2025,22099063914.2
SWZ       ,2018,21972231358.15
MDV       ,2010,21899769346.25
KHM       ,2031,21891474011.3
KGZ       ,2025,21890645604.6
TCD       ,2001,21875348141.98
KHM       ,2032,21870274598.8
BOL       ,2032,21802965567.7
CPV       ,2009,21718582193.260002
BLZ       ,2008,21702957108.47
TJK       ,2003,21652252108.67
BLZ       ,2009,21580847206.25
ZMB       ,2032,21528339022.3
GMB       ,2020,21444105786.76
LSO       ,2009,21430509001.42
ERI       ,2008,21404636638.04
LSO       ,2007,21366316733.3
BLZ       ,2002,21344649281.11
MUS       ,2026,21287706622.7
LSO       ,2008,21286118357.38
BLZ       ,2012,21254751738.03
LCA       ,2021,21235710088.27
GMB       ,2021,21201112247.079998
SLE       ,2000,21173276233.55
NIC       ,2029,21169949748.0
SLE       ,2010,21169911126.47
BLZ       ,2006,21118176523.44
GEO       ,2030,21115284422.6
MDA       ,2001,21049435569.72
MDA       ,2025,21030104560.4
TCD       ,2000,21022942981.32
BLZ       ,2011,20889775338.29
TGO       ,2011,20765591364.13
BDI       ,2000,20736492520.98
ERI       ,2009,20729739579.61
IRQ       ,2028,20643872363.4
VCT       ,2024,20636471424.34
BLZ       ,2010,20598502041.32
ZMB       ,2031,20597195387.8
HND       ,2028,20503806536.5
GEO       ,2031,20378130435.4
FJI       ,2009,20354430441.94
GMB       ,2019,20301829447.02
ALB       ,2026,20282748099.3
RWA       ,2007,20185993768.75
GUY       ,2007,20122545974.76
MNG       ,2001,20096745958.48
LSO       ,2004,20077901634.42
SWZ       ,2011,19944324823.35
ERI       ,2011,19918098692.23
MMR       ,2027,19847054777.2
MNE       ,2029,19813141309.9
ARM       ,2000,19639928423.26
MNE       ,2031,19637842171.6
GMB       ,2017,19579643928.21
CPV       ,2008,19556286329.36
LBR       ,2014,19529617587.31
JAM       ,2030,19479375687.9
MNG       ,2000,19471173426.35
GRD       ,2023,19400149933.26
GNB       ,2017,19362407127.25
FJI       ,2010,19337748130.83
GEO       ,2032,19315155937.6
SLE       ,2009,19229999229.02
TJK       ,2002,19173312832.62
COD       ,2025,19114331654.3
ARM       ,2027,19106296828.1
COD       ,2026,19001512093.0
BDI       ,2001,19001115056.43
GRD       ,2024,18987642649.11
LCA       ,2022,18938438867.81
FJI       ,2008,18925095657.85
GNB       ,2015,18918165969.27
GNB       ,2018,18906734296.29
BFA       ,2026,18890558964.1
MNE       ,2006,18836382411.760002
BIH       ,2027,18792720089.2
RWA       ,2027,18767874450.5
KGZ       ,2026,18739404647.3
GNB       ,2019,18657988583.1
RWA       ,2026,18648572107.7
LSO       ,2006,18618991345.43
NPL       ,2025,18570176715.8
COD       ,2027,18534733125.8
BDI       ,2021,18475460666.7
ERI       ,2010,18421248359.4
IRQ       ,2032,18387246447.899998
BDI       ,2023,18366073624.22
NPL       ,2026,18361299737.8
RWA       ,2028,18344167115.5
BLZ       ,2000,18259141433.58
GNB       ,2009,18189754229.94
HND       ,2029,18095145024.7
LAO       ,2031,18080450074.100002
BFA       ,2027,17972552103.5
RWA       ,2030,17968238924.9
LSO       ,2000,17935315506.42
SWZ       ,2012,17933550853.92
FJI       ,2006,17899756381.21
AZE       ,2028,17896086307.6
GNB       ,2010,17866654785.13
NIC       ,2030,17856111159.5
GNB       ,2004,17767901661.2
LBR       ,2009,17758430007.23
KGZ       ,2027,17756091212.7
SWZ       ,2013,17742245138.19
ERI       ,2007,17737623418.13
RWA       ,2029,17690519498.0
COD       ,2028,17628396045.1
TJK       ,2001,17577351595.21
GMB       ,2018,17573044868.93
LSO       ,2005,17569100755.23
ERI       ,2004,17565740516.1
MDV       ,2007,17557267384.74
MMR       ,2028,17523696573.9
ALB       ,2031,17507727657.2
GNB       ,2008,17432028032.63
GNB       ,2007,17366246362.08
BFA       ,2025,17364128558.8
GIN       ,2025,17360750766.2
LSO       ,2003,17356334809.24
PNG       ,2029,17345127545.5
ARM       ,2028,17338665154.5
SLE       ,2008,17331146595.35
AZE       ,2029,17281776579.8
GRD       ,2022,17264219029.62
TJK       ,2025,17254884798.2
NPL       ,2027,17244868207.9
SWZ       ,2007,17239178771.85
TLS       ,2021,17220475519.46
BLZ       ,2001,17193808190.59
CAF       ,2004,17193201691.95
BDI       ,2022,17068357329.13
NIC       ,2031,17059128873.9
SWZ       ,2014,17048392208.1
GAB       ,2025,17036894711.6
BFA       ,2028,17032499681.8
GRD       ,2021,17017032091.53
NPL       ,2028,17013261709.8
LBR       ,2013,17006076634.69
LAO       ,2032,16954088236.2
BTN       ,2008,16951090060.300001
LCA       ,2020,16939189580.55
XKX       ,2008,16930943247.970001
ERI       ,2012,16912670791.35
MMR       ,2029,16783381216.2
RWA       ,2006,16776303890.81
NPL       ,2029,16693435777.5
CAF       ,2007,16692969468.45
RWA       ,2025,16678296427.3
SWZ       ,2015,16669250826.48
SWZ       ,2005,16660950097.13
CAF       ,2006,16659152020.59
CAF       ,2002,16620725707.12
PNG       ,2030,16592429952.1
GNB       ,2003,16560127476.88
ERI       ,2005,16535342433.74
IRQ       ,2029,16503096548.5
CAF       ,2008,16472804659.11
SWZ       ,2008,16465424866.06
BDI       ,2019,16442176083.99
GRD       ,2020,16379002127.78
CAF       ,2003,16375537819.47
DJI       ,2009,16373334926.44
ERI       ,2006,16260918013.68
NIC       ,2032,16242445246.5
TLS       ,2022,16241884718.66
LSO       ,2002,16222585418.64
CPV       ,2007,16195827494.66
NPL       ,2030,16182486080.8
GNB       ,2006,16179914299.65
MLI       ,2026,16092681550.0
CAF       ,2005,16082193627.43
GIN       ,2026,16073232866.0
SWZ       ,2009,16038540364.02
BDI       ,2020,15969082985.869999
NPL       ,2031,15957976705.9
VCT       ,2023,15927824489.300001
HND       ,2031,15858034090.6
LBR       ,2012,15847826685.619999
BFA       ,2029,15841656344.3
GNB       ,2005,15815389823.11
IRQ       ,2030,15791410293.0
GAB       ,2026,15734869054.0
SWZ       ,2004,15724979411.0
ERI       ,2013,15694461707.99
CAF       ,2021,15653379704.69
ERI       ,2003,15484902805.2
PNG       ,2031,15464778852.9
TJK       ,2026,15456809157.5
ZWE       ,2025,15419177729.1
LCA       ,2019,15354411726.99
BIH       ,2028,15351627607.1
CAF       ,2018,15316984497.41
SWZ       ,2006,15293820899.12
MMR       ,2030,15288014242.800001
CAF       ,2023,15282182447.55
AZE       ,2030,15276743544.6
VCT       ,2021,15228389311.25
SLB       ,2024,15227496836.31
BDI       ,2024,15217119412.42
GMB       ,2007,15203304497.57
MDV       ,2028,15159674533.6
MNE       ,2026,15148384806.3
MLI       ,2027,15100496232.4
NPL       ,2032,15097554128.8
ERI       ,2014,15069399904.44
SLE       ,2007,15033552904.980001
TLS       ,2012,15024675279.050001
GMB       ,2006,15014114466.36
LSO       ,2001,14945050430.73
DJI       ,2008,14914386050.65
HND       ,2032,14911708691.7
JAM       ,2029,14904033177.2
BFA       ,2030,14870562583.2
CAF       ,2020,14832597560.43
DJI       ,2011,14832428440.79
TJK       ,2000,14816413254.57
DJI       ,2012,14771572987.81
PNG       ,2032,14739794801.3
GIN       ,2027,14722916021.9
CAF       ,2000,14676693841.25
CAF       ,2014,14661548665.24
GNB       ,2002,14645813251.5
LBR       ,2011,14635735336.52
BDI       ,2014,14567488511.17
CAF       ,2019,14562280338.77
ARM       ,2030,14457246625.0
TKM       ,2025,14435125131.3
GMB       ,2016,14427546602.57
MDA       ,2026,14341935836.5
VCT       ,2022,14317500346.62
ZWE       ,2027,14259466090.1
GMB       ,2004,14258099909.98
GNB       ,2000,14245920347.21
DJI       ,2007,14234922836.18
KGZ       ,2028,14226334464.9
COG       ,2025,14216920284.3
MLI       ,2028,14210276748.3
GMB       ,2005,14189645296.5
MUS       ,2029,14117314324.7
IRQ       ,2031,14112839299.4
GAB       ,2027,14071005601.1
BDI       ,2012,14053030023.33
BTN       ,2006,13998362831.22
ERI       ,2015,13980499122.64
FJI       ,2007,13925099614.28
CAF       ,2024,13901967660.55
GIN       ,2028,13864983608.0
MLI       ,2029,13858687234.4
DJI       ,2010,13819561037.55
SDN       ,2025,13797675470.2
GMB       ,2015,13771218150.13
BFA       ,2031,13726372850.9
CAF       ,2022,13680966155.22
BIH       ,2029,13531125905.4
TLS       ,2013,13518618330.189999
CAF       ,2001,13481488283.02
ERI       ,2017,13473130117.08
TLS       ,2011,13421092027.85
SWZ       ,2003,13401659431.26
CPV       ,2006,13383110882.85
BDI       ,2018,13373235259.619999
SDN       ,2026,13297414541.9
TJK       ,2027,13295940178.2
BTN       ,2005,13294231018.220001
CPV       ,2005,13293254461.25
TKM       ,2026,13291825225.0
CAF       ,2015,13286349212.58
GNB       ,2001,13261156541.5
RWA       ,2032,13236581604.0
MDV       ,2006,13212749984.57
ERI       ,2019,13134528921.59
BTN       ,2004,13062647383.58
ERI       ,2020,13055233561.0
GIN       ,2029,13044477157.6
MLI       ,2025,13025737741.8
LCA       ,2008,13018990285.6
MKD       ,2029,13005064425.5
ERI       ,2018,12992729127.56
BDI       ,2015,12977135214.63
BDI       ,2013,12942083384.17
ZWE       ,2026,12923280530.1
GNB       ,2016,12914139206.42
LCA       ,2018,12906033823.58
LCA       ,2017,12905265837.1
BDI       ,2009,12890530884.95
KGZ       ,2029,12881936717.9
ERI       ,2002,12864809411.81
ERI       ,2016,12823179821.63
LCA       ,2010,12778567332.04
BDI       ,2017,12777856793.57
BFA       ,2032,12749002888.3
GRD       ,2018,12732667190.51
GAB       ,2028,12728556827.8
BDI       ,2016,12722334039.69
LBR       ,2010,12681544945.52
AZE       ,2031,12641623237.2
GMB       ,2013,12625762583.53
TLS       ,2019,12618249432.2
TLS       ,2023,12576032205.01
GRD       ,2015,12543752218.619999
ERI       ,2001,12542050480.03
GAB       ,2029,12500308528.2
MRT       ,2025,12493646910.8
SLB       ,2023,12477245399.51
BDI       ,2011,12471363789.66
MLI       ,2030,12423941998.3
COG       ,2026,12405706451.5
MKD       ,2030,12388415813.8
MDV       ,2027,12381590663.9
XKX       ,2007,12380934097.86
GMB       ,2003,12305383303.28
COG       ,2029,12297463061.7
TGO       ,2025,12259596268.7
ERI       ,2021,12256533096.05
GMB       ,2014,12233230272.33
GIN       ,2030,12223548840.8
GMB       ,2012,12166462421.05
MRT       ,2026,12165153244.7
CAF       ,2017,12114898367.52
MUS       ,2027,12004517627.6
NER       ,2026,11998518808.2
TGO       ,2026,11956388647.0
TLS       ,2020,11945413745.84
ARM       ,2032,11920389865.6
BDI       ,2010,11915688210.07
VCT       ,2020,11915411226.22
DJI       ,2006,11873861976.29
ERI       ,2023,11868081690.36
ALB       ,2029,11865601267.2
GRD       ,2016,11860048709.11
COG       ,2027,11844680174.2
BIH       ,2030,11810488612.6
GMB       ,2002,11809358520.17
GAB       ,2030,11744201344.6
TKM       ,2027,11723852686.7
MLI       ,2031,11680027724.7
JAM       ,2031,11643085944.0
BTN       ,2003,11636269469.97
GRD       ,2014,11630885699.03
CAF       ,2016,11598308613.8
LCA       ,2015,11596358368.59
ERI       ,2022,11567912648.42
GMB       ,2009,11559809405.99
SDN       ,2027,11557783958.3
GMB       ,2010,11526997509.03
ZWE       ,2028,11512182638.1
NER       ,2027,11507278499.300001
MDG       ,2027,11506315925.6
GMB       ,2011,11452283081.869999
MUS       ,2028,11429292879.5
LCA       ,2014,11398743962.98
MRT       ,2027,11398521600.9
MKD       ,2031,11394336173.7
KGZ       ,2030,11393679307.5
GNB       ,2014,11363447670.07
GRD       ,2017,11329173935.96
LCA       ,2007,11311837651.91
GRD       ,2019,11290104819.84
LCA       ,2016,11288447559.82
TLS       ,2024,11194252970.73
NER       ,2025,11159574511.0
GIN       ,2031,11135795194.3
TGO       ,2029,11094619458.5
ERI       ,2024,11071116147.61
AZE       ,2032,11063558170.5
WSM       ,2012,11041048892.37
FJI       ,2005,11033365628.75
CAF       ,2012,11031861419.35
MMR       ,2031,11006662002.1
NER       ,2028,10958910870.9
JAM       ,2032,10926424208.8
ALB       ,2030,10891331070.8
NER       ,2029,10878520701.6
CPV       ,2004,10849614228.8
GRD       ,2013,10826848979.42
CAF       ,2010,10758459147.98
SWZ       ,2001,10722052397.8
MNE       ,2028,10699417181.9
KGZ       ,2031,10687360195.5
VUT       ,2019,10682921817.56
VUT       ,2022,10651936234.460001
BTN       ,2002,10634549214.5
GIN       ,2032,10571975406.3
SWZ       ,2002,10553423779.87
CPV       ,2003,10527100078.65
COM       ,2018,10495391338.4
VUT       ,2024,10437996299.539999
BIH       ,2031,10430396947.2
YEM       ,2025,10424463124.9
WSM       ,2010,10376878218.89
MRT       ,2028,10231823557.5
MDG       ,2025,10181372423.4
GMB       ,2008,10172652505.85
FJI       ,2004,10156676200.5
NER       ,2030,10154928183.8
SDN       ,2028,10108280874.5
VUT       ,2021,10076536991.17
VUT       ,2017,10023473755.21
GRD       ,2008,10005143891.21
LCA       ,2013,9993159259.34
CAF       ,2013,9964917122.96
WSM       ,2014,9932599390.42
COM       ,2023,9930466193.58
COM       ,2024,9927896482.69
SLB       ,2022,9909467056.98
TLS       ,2014,9892852058.39
SWZ       ,2000,9886077126.92
MDA       ,2027,9861718768.9
VUT       ,2018,9826582654.3
GRD       ,2002,9791234747.15
TCD       ,2025,9785565831.8
DMA       ,2022,9777372952.08
GRD       ,2009,9763099687.33
TLS       ,2010,9749172388.43
MLI       ,2032,9742966559.1
COD       ,2029,9740438705.0
GRD       ,2012,9668749348.94
GRD       ,2010,9659161752.56
CAF       ,2011,9651282884.289999
WSM       ,2013,9644850396.84
VUT       ,2023,9627431749.36
DJI       ,2005,9615691340.39
DJI       ,2004,9609413672.3
BTN       ,2026,9573898566.6
SLB       ,2021,9571551267.11
COM       ,2022,9565717544.47
VCT       ,2019,9537045032.07
GMB       ,2001,9503983559.54
MDV       ,2004,9485846579.55
LCA       ,2009,9468212822.27
MRT       ,2029,9435016580.5
ERI       ,2000,9432688258.78
NER       ,2031,9420185354.1
MDG       ,2026,9416145312.3
WSM       ,2017,9412552178.72
DMA       ,2023,9411556139.369999
WSM       ,2011,9394114287.95
LCA       ,2003,9392024355.3
LCA       ,2006,9386445680.47
KGZ       ,2032,9379854796.4
SUR       ,2027,9369180196.4
MRT       ,2030,9354403219.6
MDV       ,2005,9349346973.64
MDV       ,2029,9338394791.9
LCA       ,2004,9329395335.71
TLS       ,2018,9327660809.99
GMB       ,2000,9298033738.6
MMR       ,2032,9250065023.8
GRD       ,2007,9238512856.83
TGO       ,2027,9225708230.2
CPV       ,2002,9214407680.3
GUY       ,2025,9183103828.1
DMA       ,2024,9175728163.24
YEM       ,2026,9157505102.6
WSM       ,2018,9156236670.78
TLS       ,2008,9116888808.49
COG       ,2028,9087947031.1
WSM       ,2015,9078296667.48
LCA       ,2005,9067045870.7
GRD       ,2011,9036768784.29
COM       ,2021,9035855963.69
MDA       ,2028,9014381633.8
FJI       ,2003,9014239764.34
VUT       ,2020,9000848722.97
COG       ,2030,8966076573.7
LCA       ,2012,8956300135.539999
DJI       ,2003,8946739967.49
CAF       ,2009,8942148465.84
GUY       ,2026,8932375694.7
CPV       ,2001,8895378007.34
COD       ,2030,8890763822.8
MDG       ,2029,8882064486.800001
NER       ,2032,8848331728.7
LCA       ,2011,8843719126.85
BIH       ,2032,8842183703.8
TGO       ,2031,8820149259.2
GRD       ,2006,8777961496.67
SUR       ,2028,8736215598.7
WSM       ,2019,8692658329.08
VCT       ,2014,8673935161.55
DMA       ,2021,8622353500.66
TGO       ,2028,8563567771.8
WSM       ,2016,8549523165.79
MDG       ,2030,8545747706.599999
MDA       ,2029,8525423454.4
COG       ,2031,8523781646.3
SUR       ,2025,8504214807.8
WSM       ,2020,8478329616.45
TLS       ,2015,8439722250.61
LCA       ,2002,8428110816.06
TLS       ,2017,8397037337.13
GRD       ,2004,8361803730.74
MRT       ,2031,8343226371.099999
YEM       ,2027,8320732307.5
VCT       ,2010,8312471663.01
COD       ,2031,8276081183.9
GNB       ,2013,8270506073.04
MDV       ,2030,8246315131.1
ALB       ,2032,8242876216.6
SLB       ,2020,8231450883.02
TCD       ,2027,8222361801.0
VUT       ,2015,8215066724.889999
COM       ,2020,8197335618.8
BTN       ,2025,8189632686.9
VCT       ,2015,8182235544.53
MDG       ,2031,8151876670.3
WSM       ,2021,8118299413.85
VCT       ,2013,8080593302.35
MUS       ,2030,8079307521.4
DJI       ,2002,8076917890.19
MDG       ,2028,8045225690.8
GUY       ,2028,8015911677.6
SUR       ,2026,8015849510.8
SUR       ,2029,7992102878.5
BTN       ,2029,7990010892.0
GUY       ,2027,7964432630.7
VCT       ,2017,7956895894.51
MDG       ,2032,7939255360.7
TCD       ,2026,7923245649.3
BTN       ,2027,7897520302.8
TJK       ,2028,7877732345.6
LCA       ,2000,7859884297.75
GRD       ,2005,7823879101.96
SLB       ,2017,7808099165.11
MKD       ,2032,7806615874.3
MUS       ,2031,7791142760.8
WSM       ,2022,7787688735.75
YEM       ,2028,7783840335.3
VUT       ,2016,7764896170.4
MDV       ,2003,7742987986.29
DMA       ,2020,7701189841.24
WSM       ,2023,7699027192.35
MDV       ,2002,7671115044.74
MRT       ,2032,7649350073.799999
TLS       ,2009,7645162157.41
CPV       ,2000,7588754152.81
SLB       ,2019,7588365204.21
MNE       ,2030,7577106850.9
BTN       ,2001,7575713621.84
SUR       ,2030,7573980271.4
VCT       ,2016,7552616271.09
COG       ,2032,7527680148.3
MDV       ,2031,7500330359.7
GAB       ,2032,7484004643.0
WSM       ,2024,7482091270.92
BTN       ,2028,7479270911.7
FJI       ,2002,7423587421.87
YEM       ,2029,7373726181.0
BTN       ,2030,7360509356.7
COD       ,2032,7335083185.7
TKM       ,2028,7296404207.7
SLB       ,2018,7184705772.06
TGO       ,2030,7174833034.5
DMA       ,2013,7113451857.059999
TJK       ,2029,7085293676.5
MUS       ,2032,7076050027.400001
VCT       ,2018,7038227426.32
SUR       ,2031,7031435001.9
SLB       ,2016,7019183997.34
YEM       ,2030,7002967963.6
MDA       ,2030,6978493794.6
ZWE       ,2029,6975356150.1
SDN       ,2029,6973463765.2
VCT       ,2011,6875864904.53
BTN       ,2031,6812563454.599999
FJI       ,2000,6728491524.99
GNB       ,2012,6694377029.04
TLS       ,2016,6684037767.34
COM       ,2019,6677715961.28
COM       ,2016,6677383760.36
DMA       ,2015,6635055276.64
GRD       ,2000,6624115091.6
GNB       ,2011,6559330204.5
BTN       ,2032,6540408216.2
XKX       ,2025,6539509446.2
YEM       ,2031,6497911562.3
WSM       ,2009,6494826885.28
DMA       ,2014,6474860307.53
FJI       ,2001,6446909427.84
DMA       ,2012,6441878015.74
LCA       ,2001,6423596710.49
MDA       ,2031,6420826106.1
SUR       ,2032,6396643191.5
VCT       ,2008,6395112547.82
VCT       ,2005,6377870149.59
GRD       ,2003,6354040270.38
TJK       ,2030,6339434440.5
MDV       ,2032,6313472106.4
DMA       ,2019,6292749473.09
DMA       ,2017,6275182821.04
SDN       ,2030,6262734915.599999
DMA       ,2016,6239307549.91
COM       ,2007,6217569211.34
WSM       ,2008,6208995045.3
DJI       ,2001,6190152098.72
DJI       ,2026,6159471422.2
DJI       ,2025,6153097746.3
DJI       ,2028,6118109763.7
SLB       ,2011,6095839999.08
DJI       ,2029,6087984069.5
VCT       ,2012,6049506019.44
DJI       ,2000,6031491229.38
COM       ,2010,5969695093.17
COM       ,2011,5949364846.61
DMA       ,2018,5944442282.73
TGO       ,2032,5916824254.5
VCT       ,2004,5916717144.76
MDV       ,2001,5859150451.24
COM       ,2008,5849936019.91
COM       ,2009,5849165684.49
DMA       ,2010,5833734485.47
SLB       ,2012,5791033306.1
COM       ,2004,5777157792.21
SLB       ,2015,5703129511.59
YEM       ,2032,5700345726.4
COM       ,2003,5693266620.95
COM       ,2012,5682525795.81
MDA       ,2032,5642741356.9
ZWE       ,2030,5628674860.7
VCT       ,2009,5625083331.2300005
COM       ,2006,5615774406.12
GUY       ,2029,5600013467.7
TLS       ,2007,5592677633.12
BTN       ,2000,5588552298.61
DMA       ,2004,5566511278.23
SLB       ,2013,5551991865.69
GUY       ,2030,5549173440.9
DMA       ,2011,5538817726.66
WSM       ,2007,5528626876.66
DJI       ,2027,5505119825.0
SLB       ,2010,5492375694.38
SLB       ,2014,5489614072.34
DJI       ,2030,5462469788.9
COM       ,2005,5420010549.41
VCT       ,2006,5407020986.88
FJI       ,2025,5398153476.900001
GUY       ,2031,5372096517.1
TJK       ,2031,5369447918.5
BWA       ,2027,5330215618.7
MDV       ,2000,5277432087.29
DMA       ,2000,5275999884.5
DMA       ,2002,5224802200.27
XKX       ,2026,5170524287.7
COM       ,2002,5130918964.29
VCT       ,2007,5116439055.29
BWA       ,2028,5078353372.1
TCD       ,2029,5068669667.7
DMA       ,2001,5050278268.87
DMA       ,2003,5046822107.69
BWA       ,2029,5016076656.2
BWA       ,2026,5002567077.8
ZWE       ,2032,4952182272.6
VCT       ,2003,4941001545.82
COM       ,2017,4927856620.11
BWA       ,2025,4924049744.6
TJK       ,2032,4916359906.5
DJI       ,2031,4862922507.7
ZWE       ,2031,4857721033.9
TCD       ,2028,4842773561.1
TON       ,2011,4825951010.12
DMA       ,2009,4764145828.62
GUY       ,2032,4760948843.3
XKX       ,2027,4731129706.6
TCD       ,2030,4713916844.8
FJI       ,2026,4707585483.5
VUT       ,2014,4687864495.71
COM       ,2001,4686809987.47
GRD       ,2001,4678732321.79
DMA       ,2008,4629650402.66
DJI       ,2032,4618198875.3
SLB       ,2007,4578594935.0199995
DMA       ,2007,4575869442.38
GMB       ,2029,4551672704.3
TKM       ,2029,4547579892.4
TON       ,2010,4501250854.47
DMA       ,2005,4488371490.62
TON       ,2021,4477049130.18
TON       ,2017,4449934171.13
DMA       ,2006,4416909270.14
TON       ,2020,4376944361.63
WSM       ,2005,4370083147.4
TON       ,2018,4357300618.34
GNQ       ,2025,4333056751.9
FJI       ,2027,4316373474.8
TON       ,2019,4275099095.49
XKX       ,2006,4273341485.73
WSM       ,2006,4241420471.15
TON       ,2022,4235868118.06
TON       ,2023,4235433747.94
VUT       ,2013,4222757011.76
SLB       ,2009,4186048958.06
SLB       ,2008,4150588173.85
VCT       ,2002,4132940200.32
VUT       ,2012,4115684322.58
WSM       ,2004,4105523507.58
MWI       ,2027,4077899593.7
TON       ,2012,4061362132.61
MWI       ,2028,4053904085.7999997
MWI       ,2026,4014912935.6
COM       ,2013,4005649689.88
SLB       ,2006,3999190249.18
TON       ,2014,3978938984.7000003
MWI       ,2029,3938571719.6
COM       ,2000,3923508448.1800003
TON       ,2016,3882555658.5499997
TCD       ,2031,3880952571.7
TON       ,2013,3870566658.68
CPV       ,2025,3859409701.4
FJI       ,2028,3853624713.7
CPV       ,2026,3845348056.5
TKM       ,2030,3836922508.2
COM       ,2014,3817682869.9100003
LSO       ,2025,3813914428.0
GNQ       ,2026,3774207031.1
MWI       ,2030,3770848419.0
VUT       ,2011,3724550394.83
SDN       ,2031,3716478186.0
SLB       ,2005,3715515935.04
VCT       ,2001,3694965850.88
TON       ,2015,3688857179.4300003
TKM       ,2031,3686746696.9
MWI       ,2025,3682750582.5
VCT       ,2000,3624049728.01
COM       ,2015,3612330223.27
TON       ,2024,3611569037.11
VUT       ,2010,3602401335.83
SLB       ,2001,3601823402.63
CPV       ,2027,3599705077.4
SLB       ,2004,3560285009.32
TKM       ,2032,3549796380.9
XKX       ,2005,3528947557.95
VUT       ,2008,3525465827.2
CPV       ,2028,3515061796.0
VUT       ,2009,3502030697.0
CPV       ,2029,3474169374.7999997
WSM       ,2003,3469175423.64
FJI       ,2029,3464419327.5
MWI       ,2031,3462809973.4
CPV       ,2032,3426304021.3
MWI       ,2032,3406747511.8
CPV       ,2030,3404391899.8
GNQ       ,2027,3381220126.2
XKX       ,2004,3372820705.3
LSO       ,2026,3351436163.1
SWZ       ,2027,3346789705.8
SLB       ,2002,3301475060.68
BLZ       ,2025,3301137223.8
FJI       ,2030,3292867661.1
SLB       ,2003,3244854023.7000003
XKX       ,2028,3237005918.3
GNB       ,2030,3198694689.8
FJI       ,2031,3186756001.5
TLS       ,2006,3176145011.72
TCD       ,2032,3144080395.2
BLZ       ,2026,3139369941.4
CPV       ,2031,3123516382.1
GNB       ,2031,3044970929.8
BLZ       ,2032,3043516301.8
BLZ       ,2027,3033469894.5
LSO       ,2027,3025763235.4
TON       ,2009,3019928217.25
SLB       ,2000,3008979552.02
AFG       ,2026,2988289455.3
MNE       ,2032,2984266230.5
SWZ       ,2028,2960369012.4
WSM       ,2002,2956699890.81
SWZ       ,2025,2949669112.4
WSM       ,2000,2936865293.98
SDN       ,2032,2931565178.8999996
SWZ       ,2026,2930078111.9
GNB       ,2032,2920574662.9
BWA       ,2030,2887627393.7000003
GNQ       ,2028,2862378468.6
AFG       ,2025,2848487895.1
AFG       ,2027,2825724201.9
XKX       ,2029,2816326458.5
BLZ       ,2028,2806582157.6
VUT       ,2007,2788776887.9700003
BLZ       ,2029,2773622681.6
XKX       ,2030,2772712218.5
GMB       ,2028,2754186548.9
WSM       ,2001,2720194843.99
AFG       ,2028,2651080136.0
BWA       ,2031,2631946342.8
LSO       ,2028,2631263697.9
LBR       ,2026,2631078911.4
BLZ       ,2030,2593821319.6
LBR       ,2025,2593104604.1
TON       ,2008,2581436584.46
AFG       ,2029,2571011813.8
SLE       ,2026,2566254450.6
TON       ,2007,2549324268.05
SLE       ,2025,2520305323.2
GNQ       ,2029,2507284858.1
SWZ       ,2029,2505831990.8
GMB       ,2025,2503378106.6
FJI       ,2032,2499867793.4
VUT       ,2000,2482953526.19
GMB       ,2027,2457783737.2
LSO       ,2029,2424704590.1
XKX       ,2031,2415693681.4
GMB       ,2026,2396542007.0
SLE       ,2027,2375035799.5
BLZ       ,2031,2364652395.2
AFG       ,2030,2364382369.0
TON       ,2003,2314363328.36
VUT       ,2006,2287661776.34
LSO       ,2030,2285803178.4
SWZ       ,2030,2253165189.3
SLE       ,2028,2233782029.9
VUT       ,2004,2221350168.84
SLE       ,2029,2217390407.0
LCA       ,2029,2214531755.3
LCA       ,2026,2200563724.2
DZA       ,2025,2173042287.5
BDI       ,2026,2160861664.3
LBR       ,2027,2142361299.4
LSO       ,2031,2141988863.7
LCA       ,2027,2133582802.9
LCA       ,2028,2112231733.2
VUT       ,2003,2095927877.8899999
LCA       ,2025,2082532590.2
GMB       ,2030,2073542531.0
VUT       ,2002,2072872880.59
SLE       ,2030,2070028958.3
TON       ,2006,2069281260.6599998
TON       ,2005,2067014437.06
LCA       ,2030,2047553388.2
IRN       ,2025,2031968260.5
DZA       ,2026,2001728939.2
VUT       ,2001,1977042058.78
XKX       ,2032,1969815065.7
LCA       ,2031,1963011842.1
BDI       ,2027,1958368607.7
TON       ,2004,1941681843.0
SLE       ,2031,1926811776.8
SWZ       ,2031,1922504440.7
LCA       ,2032,1915164156.3
DZA       ,2027,1909163896.0
VUT       ,2005,1897636743.02
TON       ,2002,1886275649.6
BDI       ,2025,1875453446.0
VCT       ,2025,1842329636.8
VCT       ,2026,1831945994.2
SWZ       ,2032,1814011285.0
LBR       ,2028,1793071489.1
SLE       ,2032,1784425938.3
GNQ       ,2030,1743806643.1
GNB       ,2026,1738581706.1
LBR       ,2029,1734045132.7
LSO       ,2032,1725806907.7
LBR       ,2032,1719561523.1
GNB       ,2025,1714716458.4
BWA       ,2032,1711881086.3
LBR       ,2031,1711612273.8
LBR       ,2030,1702142963.1
GNB       ,2027,1677322832.3
GNB       ,2028,1660938436.3999999
BDI       ,2028,1657423076.8
GNB       ,2029,1652250256.3
DZA       ,2028,1649552078.8
VCT       ,2027,1620225218.2
BDI       ,2029,1600834586.0
DZA       ,2029,1536819260.2
GMB       ,2031,1534487445.5
GRD       ,2026,1522035533.0
IRN       ,2026,1517193457.1000001
GRD       ,2025,1503221734.6
VCT       ,2028,1481301912.6
DZA       ,2030,1476958675.9
TON       ,2001,1474894663.91
TON       ,2000,1458220489.33
TLS       ,2027,1453541377.5
VCT       ,2029,1451892328.8
TLS       ,2005,1445977442.3
BDI       ,2030,1444709781.1
DZA       ,2031,1431584826.5
TLS       ,2028,1420833551.5
DZA       ,2032,1397271640.7
TLS       ,2026,1383669521.3
TLS       ,2030,1367032670.7
TLS       ,2029,1348187130.1000001
GMB       ,2032,1347543038.6
GNQ       ,2031,1325134579.3
GRD       ,2027,1318841317.5
VCT       ,2030,1314722480.7
AFG       ,2031,1298970523.2
GNQ       ,2032,1298783033.7
TLS       ,2031,1286691469.7
AFG       ,2032,1235362724.3
VCT       ,2031,1233143148.2
TLS       ,2032,1230177398.7
VCT       ,2032,1207082221.3
GRD       ,2028,1163030350.8
BDI       ,2031,1159920305.4
COM       ,2026,1143441185.4
COM       ,2025,1141367563.4
GRD       ,2029,1131863922.9
IRN       ,2027,1095864322.6000001
TLS       ,2004,1091371556.0
TLS       ,2025,1067964122.6999999
BDI       ,2032,1033795196.4
TLS       ,2002,1022881014.21
SLB       ,2025,1007796920.5
SOM       ,2028,971407230.6
GRD       ,2030,964254853.9
CAF       ,2026,914687686.6
DMA       ,2026,863990688.9
SYR       ,2025,862531189.9
CAF       ,2027,858351678.9
TLS       ,2003,855196727.37
IRN       ,2028,842054624.9
SLB       ,2026,832789732.1
TLS       ,2001,827890449.0
IRN       ,2029,825950376.6999999
COM       ,2027,820209713.2
CAF       ,2028,797986278.1999999
XKX       ,2003,796234828.5300001
GRD       ,2031,787770034.5
CAF       ,2025,781892475.4
GRD       ,2032,764025669.6
ERI       ,2025,752167853.8
TLS       ,2000,747278888.0
SLB       ,2027,733407992.2
ERI       ,2026,718458861.3
ERI       ,2027,709958570.2
HTI       ,2026,709828316.6
VUT       ,2026,688150207.9
DMA       ,2025,675470699.9
CAF       ,2029,672290209.9
VUT       ,2028,663559116.7
VUT       ,2027,655094505.7
DMA       ,2032,642449156.7
HTI       ,2029,634647271.1
SLB       ,2029,628964277.4
HTI       ,2027,625912006.4
DMA       ,2027,622818612.4
HTI       ,2030,622635976.0
SLB       ,2028,622438934.4
HTI       ,2028,614874016.9
VUT       ,2029,609715217.5
DMA       ,2030,608698240.5
DMA       ,2029,607071404.1
WSM       ,2025,602112884.0
ERI       ,2029,599218021.4
WSM       ,2026,596405517.1
VUT       ,2030,593149571.7
XKX       ,2002,592394619.86
HTI       ,2025,590888379.5
ERI       ,2028,590062414.9
WSM       ,2027,586787103.7
VUT       ,2031,583439140.8
ERI       ,2030,579074834.9
DMA       ,2031,576310626.0
ERI       ,2031,573629501.1
VUT       ,2032,569020341.5
DMA       ,2028,564614470.6
ERI       ,2032,560784752.6
SLB       ,2030,559582938.8
CAF       ,2030,552306511.4
VUT       ,2025,547907412.5
HTI       ,2031,543947098.5
COM       ,2028,538542673.5
WSM       ,2028,535475542.1
HTI       ,2032,529054182.3
SLB       ,2031,521647292.7
SLB       ,2032,507969801.8
COM       ,2029,492851927.4
XKX       ,2001,475372450.02000004
SYR       ,2026,464987329.5
WSM       ,2029,461730745.09999996
CAF       ,2031,433871271.90000004
COM       ,2032,415350067.8
COM       ,2031,415016232.5
COM       ,2030,413131243.2
WSM       ,2030,410505564.8
TON       ,2025,402983604.1
TON       ,2026,399027172.0
SYR       ,2027,394618459.8
TON       ,2027,384869805.1
CAF       ,2032,368009304.1
TON       ,2028,365873846.0
WSM       ,2031,338454770.9
IRN       ,2030,336440306.59999996
IRN       ,2031,326466866.59999996
WSM       ,2032,316658123.3
XKX       ,2000,284456527.9
SYR       ,2028,268563518.5
SOM       ,2025,218077657.6
SOM       ,2029,214378585.8
SOM       ,2027,201997851.9
SOM       ,2026,198042978.9
IRN       ,2032,195669136.0
SYR       ,2029,179142060.2
TON       ,2029,161872824.7
SOM       ,2030,155385785.5
SOM       ,2031,144428091.29999998
SOM       ,2032,136299415.1
TON       ,2030,118049825.2
TON       ,2031,71326712.10000001
TON       ,2032,67588557.8
SYR       ,2030,62388492.699999996
SYR       ,2031,61259189.6
SYR       ,2032,43348377.8
